,EC Filename,Wrapper Name,Kmer Size,Read - TP,Read - TN,Read - FN,Read - FN WRONG,Read - FP,Read - FP INDEL,Total Trimmed Reads,Total Reads,Base - TP,Base - TN,Base - FN,Base - FN WRONG,Base - FP,Base - FP INDEL,Base - FP TRIM,Base - TP TRIM,Total Bases,Tool,Coverage,Length,Base Sensitivity,Base Precision,Base Gain,Base Accuracy,Trim Percent,Trim Efficiency
0,bfc_ecoli.wgsim_raw_rl__100_cov_1_20.corrected.fastq,run.bfc.sh,20,265,28574,18139,3,209,0,0,47190,410,4695222,23069,3,296,0,0,0,4719000,Bfc,1,100L,0.017462413,0.580736544,0.004855403,0.995048103,0,
1,bfc_ecoli.wgsim_raw_rl__100_cov_1_22.corrected.fastq,run.bfc.sh,22,249,28596,18180,3,162,0,0,47190,398,4695293,23080,4,225,0,0,0,4719000,Bfc,1,100L,0.01695204,0.638844302,0.0073686,0.995060606,0,
2,bfc_ecoli.wgsim_raw_rl__100_cov_1_24.corrected.fastq,run.bfc.sh,24,236,28605,18186,3,160,0,0,47190,369,4695299,23110,3,219,0,0,0,4719000,Bfc,1,100L,0.015716172,0.62755102,0.006388688,0.995055732,0,
3,bfc_ecoli.wgsim_raw_rl__100_cov_1_26.corrected.fastq,run.bfc.sh,26,245,28630,18192,2,121,0,0,47190,390,4695362,23090,2,156,0,0,0,4719000,Bfc,1,100L,0.016609881,0.714285714,0.009965928,0.995073533,0,
4,bfc_ecoli.wgsim_raw_rl__100_cov_1_28.corrected.fastq,run.bfc.sh,28,223,28631,18219,2,115,0,0,47190,353,4695377,23127,2,141,0,0,0,4719000,Bfc,1,100L,0.015034072,0.714574899,0.009028961,0.995068871,0,
5,bfc_ecoli.wgsim_raw_rl__100_cov_1_30.corrected.fastq,run.bfc.sh,30,225,28634,18220,1,110,0,0,47190,338,4695387,23143,1,131,0,0,0,4719000,Bfc,1,100L,0.014394617,0.720682303,0.008815638,0.995067811,0,
6,bfc_ecoli.wgsim_raw_rl__100_cov_16_20.corrected.fastq,run.bfc.sh,20,265904,453943,27986,123,7086,0,0,755042,344757,75120350,31667,138,7288,0,0,0,75504200,Bfc,16,100L,0.915874121,0.979298101,0.896512975,0.999482241,0,
7,bfc_ecoli.wgsim_raw_rl__100_cov_16_22.corrected.fastq,run.bfc.sh,22,262422,453846,31428,113,7233,0,0,755042,340591,75120242,35843,128,7396,0,0,0,75504200,Bfc,16,100L,0.904782777,0.978746332,0.885135243,0.999425635,0,
8,bfc_ecoli.wgsim_raw_rl__100_cov_16_24.corrected.fastq,run.bfc.sh,24,258535,453754,35259,106,7388,0,0,755042,335915,75120065,40530,117,7573,0,0,0,75504200,Bfc,16,100L,0.89233487,0.97795265,0.872217721,0.99936136,0,
9,bfc_ecoli.wgsim_raw_rl__100_cov_16_26.corrected.fastq,run.bfc.sh,26,254080,453753,39758,96,7355,0,0,755042,330560,75120098,45898,104,7540,0,0,0,75504200,Bfc,16,100L,0.878079361,0.977698906,0.858050566,0.999290874,0,
10,bfc_ecoli.wgsim_raw_rl__100_cov_16_28.corrected.fastq,run.bfc.sh,28,249575,453737,44283,100,7347,0,0,755042,325001,75120093,51454,107,7545,0,0,0,75504200,Bfc,16,100L,0.863319653,0.97731141,0.843277417,0.999217183,0,
11,bfc_ecoli.wgsim_raw_rl__100_cov_16_30.corrected.fastq,run.bfc.sh,30,244507,453750,49212,83,7490,0,0,755042,318885,75119967,57586,91,7671,0,0,0,75504200,Bfc,16,100L,0.847037355,0.976509389,0.826661283,0.999134512,0,
12,bfc_ecoli.wgsim_raw_rl__100_cov_2_20.corrected.fastq,run.bfc.sh,20,1855,56902,34881,4,738,0,0,94380,2758,9390140,44069,5,1028,0,0,0,9438000,Bfc,2,100L,0.058897645,0.728473323,0.036944498,0.995221233,0,
13,bfc_ecoli.wgsim_raw_rl__100_cov_2_22.corrected.fastq,run.bfc.sh,22,1733,57074,35065,4,504,0,0,94380,2583,9390475,44244,5,693,0,0,0,9438000,Bfc,2,100L,0.055160484,0.788461538,0.04036133,0.995238186,0,
14,bfc_ecoli.wgsim_raw_rl__100_cov_2_24.corrected.fastq,run.bfc.sh,24,1725,57086,35109,4,456,0,0,94380,2543,9390531,44285,4,637,0,0,0,9438000,Bfc,2,100L,0.054305117,0.799685535,0.040702144,0.995239881,0,
15,bfc_ecoli.wgsim_raw_rl__100_cov_2_26.corrected.fastq,run.bfc.sh,26,1760,57148,35111,4,357,0,0,94380,2527,9390688,44301,4,480,0,0,0,9438000,Bfc,2,100L,0.053963441,0.840372464,0.043713163,0.995254821,0,
16,bfc_ecoli.wgsim_raw_rl__100_cov_2_28.corrected.fastq,run.bfc.sh,28,1589,57158,35293,2,338,0,0,94380,2315,9390712,44514,3,456,0,0,0,9438000,Bfc,2,100L,0.049435179,0.83543847,0.039697623,0.995234901,0,
17,bfc_ecoli.wgsim_raw_rl__100_cov_2_30.corrected.fastq,run.bfc.sh,30,1517,57162,35368,3,330,0,0,94380,2169,9390744,44660,3,424,0,0,0,9438000,Bfc,2,100L,0.046317453,0.836482838,0.037263234,0.995222823,0,
18,bfc_ecoli.wgsim_raw_rl__100_cov_32_20.corrected.fastq,run.bfc.sh,20,589831,913557,2750,262,3684,0,0,1510084,750850,150250208,3347,266,3729,0,0,0,151008400,Bfc,32,100L,0.995562167,0.995058172,0.990617836,0.99995138,0,
19,bfc_ecoli.wgsim_raw_rl__100_cov_32_22.corrected.fastq,run.bfc.sh,22,589178,913217,3047,245,4397,0,0,1510084,750520,150249502,3695,248,4435,0,0,0,151008400,Bfc,32,100L,0.995100866,0.994125478,0.98922058,0.99994452,0,
20,bfc_ecoli.wgsim_raw_rl__100_cov_32_24.corrected.fastq,run.bfc.sh,24,588339,912858,3484,233,5170,0,0,1510084,750050,150248720,4177,236,5217,0,0,0,151008400,Bfc,32,100L,0.99446188,0.993092509,0.987544864,0.999936229,0,
21,bfc_ecoli.wgsim_raw_rl__100_cov_32_26.corrected.fastq,run.bfc.sh,26,587339,912520,4070,228,5927,0,0,1510084,749332,150247949,4900,231,5988,0,0,0,151008400,Bfc,32,100L,0.993503325,0.992072234,0.985564124,0.999926368,0,
22,bfc_ecoli.wgsim_raw_rl__100_cov_32_28.corrected.fastq,run.bfc.sh,28,586168,912064,4929,217,6706,0,0,1510084,748333,150247164,5911,219,6773,0,0,0,151008400,Bfc,32,100L,0.992163014,0.991030398,0.983183161,0.999914554,0,
23,bfc_ecoli.wgsim_raw_rl__100_cov_32_30.corrected.fastq,run.bfc.sh,30,584713,911756,5932,214,7469,0,0,1510084,747127,150246393,7118,218,7544,0,0,0,151008400,Bfc,32,100L,0.990562748,0.990003591,0.980560693,0.999901462,0,
24,bfc_ecoli.wgsim_raw_rl__100_cov_4_20.corrected.fastq,run.bfc.sh,20,14388,113615,58930,11,1816,0,0,188760,20781,18779634,73084,17,2484,0,0,0,18876000,Bfc,4,100L,0.221392425,0.893230174,0.194928887,0.995995709,0,
25,bfc_ecoli.wgsim_raw_rl__100_cov_4_22.corrected.fastq,run.bfc.sh,22,13692,113799,59744,8,1517,0,0,188760,19724,18780044,74146,12,2074,0,0,0,18876000,Bfc,4,100L,0.210120379,0.904853656,0.188025993,0.995961433,0,
26,bfc_ecoli.wgsim_raw_rl__100_cov_4_24.corrected.fastq,run.bfc.sh,24,12754,113880,60753,7,1366,0,0,188760,18370,18780314,75498,14,1804,0,0,0,18876000,Bfc,4,100L,0.195700345,0.910577972,0.176481868,0.995904005,0,
27,bfc_ecoli.wgsim_raw_rl__100_cov_4_26.corrected.fastq,run.bfc.sh,26,12293,113951,61247,7,1262,0,0,188760,17752,18780440,76118,12,1678,0,0,0,18876000,Bfc,4,100L,0.189112603,0.913638703,0.171236817,0.99587794,0,
28,bfc_ecoli.wgsim_raw_rl__100_cov_4_28.corrected.fastq,run.bfc.sh,28,11521,113966,62060,7,1206,0,0,188760,16650,18780547,77221,11,1571,0,0,0,18876000,Bfc,4,100L,0.177371073,0.913780802,0.16063534,0.995825228,0,
29,bfc_ecoli.wgsim_raw_rl__100_cov_4_30.corrected.fastq,run.bfc.sh,30,10638,114040,62970,4,1108,0,0,188760,15297,18780676,78577,8,1442,0,0,0,18876000,Bfc,4,100L,0.162952468,0.913853874,0.147591452,0.995760384,0,
30,bfc_ecoli.wgsim_raw_rl__100_cov_8_20.corrected.fastq,run.bfc.sh,20,82289,226179,64759,28,4265,0,0,377520,112033,37558346,76796,41,4784,0,0,0,37752000,Bfc,8,100L,0.593303995,0.959047057,0.567968903,0.997837969,0,
31,bfc_ecoli.wgsim_raw_rl__100_cov_8_22.corrected.fastq,run.bfc.sh,22,78658,226284,68533,23,4022,0,0,377520,107156,37558674,81676,38,4456,0,0,0,37752000,Bfc,8,100L,0.567467378,0.960075977,0.543869683,0.997717472,0,
32,bfc_ecoli.wgsim_raw_rl__100_cov_8_24.corrected.fastq,run.bfc.sh,24,75587,226490,71724,19,3700,0,0,377520,103047,37559011,85794,29,4119,0,0,0,37752000,Bfc,8,100L,0.545681287,0.961564302,0.523869287,0.997617557,0,
33,bfc_ecoli.wgsim_raw_rl__100_cov_8_26.corrected.fastq,run.bfc.sh,26,72361,226572,75103,22,3462,0,0,377520,98675,37559288,90166,29,3842,0,0,0,37752000,Bfc,8,100L,0.522529535,0.962523289,0.502184377,0.997509086,0,
34,bfc_ecoli.wgsim_raw_rl__100_cov_8_28.corrected.fastq,run.bfc.sh,28,69235,226604,78239,14,3428,0,0,377520,94306,37559317,94541,23,3813,0,0,0,37752000,Bfc,8,100L,0.499377803,0.961139025,0.479186855,0.997394125,0,
35,bfc_ecoli.wgsim_raw_rl__100_cov_8_30.corrected.fastq,run.bfc.sh,30,65876,226760,81693,13,3178,0,0,377520,89642,37559607,99205,23,3523,0,0,0,37752000,Bfc,8,100L,0.474680562,0.96218537,0.456025248,0.997278263,0,
36,bless_ecoli.wgsim_raw_rl__100_cov_1_20.corrected.fastq,run.bless.sh,20,1,31701,15482,0,6,0,47124,47190,2,3754261,18784,0,7,0,941250,4696,4719000,Bless,1,100L,0.000106462,0.222222222,-0.000266156,0.796355729,0.200454757,0.00498911
37,bless_ecoli.wgsim_raw_rl__100_cov_1_22.corrected.fastq,run.bless.sh,22,0,32014,15173,0,3,0,47142,47190,1,3661432,18316,0,3,0,1034083,5165,4719000,Bless,1,100L,5.46E-05,0.25,-0.000109188,0.776741867,0.220226319,0.004994763
38,bless_ecoli.wgsim_raw_rl__100_cov_1_24.corrected.fastq,run.bless.sh,24,0,32342,14846,0,2,0,47154,47190,1,3567831,17846,0,2,0,1127685,5635,4719000,Bless,1,100L,5.60E-05,0.333333333,-5.60E-05,0.756960685,0.240161051,0.004996963
39,bless_ecoli.wgsim_raw_rl__100_cov_1_26.corrected.fastq,run.bless.sh,26,0,32643,14547,0,0,0,47170,47190,0,3474644,17410,0,0,0,1220874,6072,4719000,Bless,1,100L,0,,0,0.737258027,0.260001271,0.004973486
40,bless_ecoli.wgsim_raw_rl__100_cov_1_28.corrected.fastq,run.bless.sh,28,0,32976,14214,0,0,0,47176,47190,0,3380806,16933,0,0,0,1314712,6549,4719000,Bless,1,100L,0,,0,0.717419873,0.279987497,0.004981319
41,bless_ecoli.wgsim_raw_rl__100_cov_1_30.corrected.fastq,run.bless.sh,30,0,33286,13904,0,0,0,47177,47190,0,3287120,16468,0,0,0,1408398,7014,4719000,Bless,1,100L,0,,0,0.697608185,0.29993897,0.004980126
42,bless_ecoli.wgsim_raw_rl__100_cov_16_20.corrected.fastq,run.bless.sh,20,294519,458668,1020,18,809,8,2684,755042,373544,75049653,1170,22,1089,30,76882,1826,75504216,Bless,16,100L,0.996877619,0.997013316,0.993891341,0.998951119,0.001042432,0.023750683
43,bless_ecoli.wgsim_raw_rl__100_cov_16_22.corrected.fastq,run.bless.sh,22,294182,458941,999,19,892,9,3312,755042,373203,75031314,1136,23,1096,32,95210,2200,75504214,Bless,16,100L,0.996965318,0.996986624,0.993952006,0.998708683,0.001290127,0.023106817
44,bless_ecoli.wgsim_raw_rl__100_cov_16_24.corrected.fastq,run.bless.sh,24,293702,459287,981,21,1045,6,4078,755042,372732,75008314,1113,26,1199,30,118112,2691,75504217,Bless,16,100L,0.99702283,0.996713561,0.993735372,0.998404271,0.00159995,0.02278346
45,bless_ecoli.wgsim_raw_rl__100_cov_16_26.corrected.fastq,run.bless.sh,26,292971,459840,1019,26,1176,10,5207,755042,371929,74974273,1159,32,1342,84,151969,3442,75504230,Bless,16,100L,0.996893494,0.996180579,0.99307134,0.997952525,0.002058309,0.022649356
46,bless_ecoli.wgsim_raw_rl__100_cov_16_28.corrected.fastq,run.bless.sh,28,291965,460518,1175,25,1350,9,6675,755042,370811,74930578,1361,30,1501,52,195537,4360,75504230,Bless,16,100L,0.996343089,0.99582935,0.992170287,0.997371108,0.002647494,0.02229757
47,bless_ecoli.wgsim_raw_rl__100_cov_16_30.corrected.fastq,run.bless.sh,30,290630,461517,1322,30,1535,8,8607,755042,369243,74869587,1598,37,1713,47,256318,5684,75504227,Bless,16,100L,0.995690876,0.995256103,0.990944906,0.996560026,0.003470031,0.022175579
48,bless_ecoli.wgsim_raw_rl__100_cov_2_20.corrected.fastq,run.bless.sh,20,21,63505,30830,0,22,2,94125,94380,31,7504755,37318,2,36,19,1886359,9481,9438001,Bless,2,100L,0.000830009,0.360465116,-0.000642587,0.795966493,0.200873045,0.005026085
49,bless_ecoli.wgsim_raw_rl__100_cov_2_22.corrected.fastq,run.bless.sh,22,16,64126,30222,0,15,1,94178,94380,23,7318967,36394,0,26,1,2072175,10415,9438001,Bless,2,100L,0.000631573,0.46,-0.000109839,0.776337654,0.220660074,0.00502612
50,bless_ecoli.wgsim_raw_rl__100_cov_2_24.corrected.fastq,run.bless.sh,24,13,64762,29598,0,7,0,94224,94380,17,7133346,35473,0,8,0,2257814,11342,9438000,Bless,2,100L,0.000479008,0.68,0.000253593,0.756722372,0.240427633,0.005023443
51,bless_ecoli.wgsim_raw_rl__100_cov_2_26.corrected.fastq,run.bless.sh,26,43,65433,28881,0,23,0,94101,94380,61,6948023,34481,0,37,0,2443108,12290,9438000,Bless,2,100L,0.001765966,0.62244898,0.000694806,0.737141711,0.260160839,0.005030478
52,bless_ecoli.wgsim_raw_rl__100_cov_2_28.corrected.fastq,run.bless.sh,28,40,66099,28223,0,17,1,94155,94380,56,6761340,33544,2,29,26,2629773,13230,9438000,Bless,2,100L,0.001666667,0.504504505,2.98E-05,0.717407003,0.280038462,0.005030852
53,bless_ecoli.wgsim_raw_rl__100_cov_2_30.corrected.fastq,run.bless.sh,30,0,66708,27672,0,0,0,94356,94380,0,6574676,32740,0,0,0,2816492,14092,9438000,Bless,2,100L,0,,0,0.697659188,0.299913541,0.005003387
54,bless_ecoli.wgsim_raw_rl__100_cov_32_20.corrected.fastq,run.bless.sh,20,592450,915949,1435,2,223,25,1677,1510084,751456,150206590,1661,14,742,151,46504,1332,151008450,Bless,32,100L,0.997794499,0.998813051,0.996608761,0.999675035,0.000316777,0.028642697
55,bless_ecoli.wgsim_raw_rl__100_cov_32_22.corrected.fastq,run.bless.sh,22,592719,915920,1237,3,186,19,1543,1510084,751777,150210295,1407,16,599,115,42955,1263,151008427,Bless,32,100L,0.998131931,0.999051151,0.997183955,0.999701392,0.000292818,0.029402863
56,bless_ecoli.wgsim_raw_rl__100_cov_32_24.corrected.fastq,run.bless.sh,24,592807,915869,1194,3,193,18,1551,1510084,751939,150211044,1344,15,581,170,42162,1165,151008420,Bless,32,100L,0.99821581,0.999002245,0.997218841,0.999706822,0.000286918,0.027631517
57,bless_ecoli.wgsim_raw_rl__100_cov_32_26.corrected.fastq,run.bless.sh,26,592935,915825,1080,4,224,16,1519,1510084,752098,150212405,1233,13,550,95,40913,1119,151008426,Bless,32,100L,0.998363269,0.999143134,0.997507072,0.999716544,0.000278342,0.02735072
58,bless_ecoli.wgsim_raw_rl__100_cov_32_28.corrected.fastq,run.bless.sh,28,592926,915839,1021,5,277,16,1588,1510084,752072,150210283,1185,12,575,121,42984,1194,151008426,Bless,32,100L,0.998426832,0.999075412,0.997502844,0.999702816,0.000292553,0.027777778
59,bless_ecoli.wgsim_raw_rl__100_cov_32_30.corrected.fastq,run.bless.sh,30,592849,915840,999,9,368,19,1705,1510084,751978,150206336,1202,17,653,183,46800,1266,151008435,Bless,32,100L,0.9984041,0.9988895,0.99729414,0.999676472,0.0003183,0.027051282
60,bless_ecoli.wgsim_raw_rl__100_cov_4_20.corrected.fastq,run.bless.sh,20,711,126789,60769,1,451,39,186126,188760,1077,15025896,73584,10,1630,189,3754503,19211,18876100,Bless,4,100L,0.014425202,0.371892265,-0.009938254,0.79689566,0.199920217,0.005116789
61,bless_ecoli.wgsim_raw_rl__100_cov_4_22.corrected.fastq,run.bless.sh,22,667,128066,59616,1,377,33,186335,188760,997,14659289,71838,7,1272,127,4121515,21040,18876085,Bless,4,100L,0.013688474,0.416110184,-0.005519325,0.777525909,0.219460497,0.005104919
62,bless_ecoli.wgsim_raw_rl__100_cov_4_24.corrected.fastq,run.bless.sh,24,362,129430,58827,2,138,1,187371,188760,515,14277525,70495,6,364,22,4504207,22866,18876000,Bless,4,100L,0.0072525,0.571587125,0.001816646,0.757329789,0.239832221,0.005076587
63,bless_ecoli.wgsim_raw_rl__100_cov_4_26.corrected.fastq,run.bless.sh,26,337,130690,57618,2,113,0,187486,188760,484,13907538,68727,3,313,0,4874267,24668,18876000,Bless,4,100L,0.006993108,0.60727729,0.002470706,0.737773967,0.259532475,0.005060864
64,bless_ecoli.wgsim_raw_rl__100_cov_4_28.corrected.fastq,run.bless.sh,28,570,132057,55891,1,230,11,186768,188760,822,13552103,66347,6,684,59,5229297,26707,18876025,Bless,4,100L,0.012237788,0.525239617,0.001176138,0.719014078,0.278448667,0.005107187
65,bless_ecoli.wgsim_raw_rl__100_cov_4_30.corrected.fastq,run.bless.sh,30,535,133419,54616,1,186,3,186989,188760,758,13177361,64543,3,443,9,5604310,28578,18876005,Bless,4,100L,0.011607785,0.626446281,0.004685993,0.699199896,0.298415263,0.00509929
66,bless_ecoli.wgsim_raw_rl__100_cov_8_20.corrected.fastq,run.bless.sh,20,138217,234133,4325,16,823,6,11818,377520,175905,37220785,4617,18,995,82,341284,8330,37752016,Bless,8,100L,0.97442417,0.993914635,0.968458138,0.990806515,0.009260803,0.024407825
67,bless_ecoli.wgsim_raw_rl__100_cov_8_22.corrected.fastq,run.bless.sh,22,136844,235363,4429,17,863,4,13938,377520,174209,37157345,4780,18,965,61,404766,9863,37752007,Bless,8,100L,0.973294448,0.994145005,0.967562252,0.98912118,0.010982966,0.024367165
68,bless_ecoli.wgsim_raw_rl__100_cov_8_24.corrected.fastq,run.bless.sh,24,135158,236842,4568,21,927,4,16531,377520,172132,37078109,4984,24,1001,51,483975,11730,37752006,Bless,8,100L,0.97186025,0.993925536,0.96592064,0.987015596,0.013130561,0.024236789
69,bless_ecoli.wgsim_raw_rl__100_cov_8_26.corrected.fastq,run.bless.sh,26,133130,238614,4762,22,987,5,19563,377520,169606,36985244,5292,23,1081,89,576721,13949,37752005,Bless,8,100L,0.969742364,0.99314892,0.963052751,0.984545945,0.015646056,0.024186738
70,bless_ecoli.wgsim_raw_rl__100_cov_8_28.corrected.fastq,run.bless.sh,28,130884,240641,4919,24,1049,3,22971,377520,166860,36878776,5568,27,1169,10,683180,16415,37752005,Bless,8,100L,0.967708261,0.992983772,0.960870624,0.981716093,0.018531334,0.024027343
71,bless_ecoli.wgsim_raw_rl__100_cov_8_30.corrected.fastq,run.bless.sh,30,128332,242816,5225,24,1121,2,26766,377520,163772,36761270,6000,27,1233,6,800624,19071,37752003,Bless,8,100L,0.964658483,0.99249141,0.95736046,0.97858926,0.021712623,0.02382017
72,coral_ecoli.wgsim_raw_rl__100_cov_1_20.corrected.fastq,run.coral.sh,20,1575,28599,16823,1,158,34,1,47190,2274,4695260,21206,1,251,37,0,1,4719030,Coral,1,100L,0.096848382,0.887587822,0.084582624,0.995445038,2.12E-07,inf
73,coral_ecoli.wgsim_raw_rl__100_cov_1_22.corrected.fastq,run.coral.sh,22,1561,28596,16837,1,162,33,1,47190,2246,4695261,21234,1,250,37,0,1,4719030,Coral,1,100L,0.095655877,0.886695618,0.083432709,0.995439316,2.12E-07,inf
74,coral_ecoli.wgsim_raw_rl__100_cov_1_24.corrected.fastq,run.coral.sh,24,1532,28594,16868,1,163,32,0,47190,2196,4695258,21285,1,253,36,0,0,4719029,Coral,1,100L,0.093522422,0.883702213,0.081214599,0.995428085,0,
75,coral_ecoli.wgsim_raw_rl__100_cov_1_26.corrected.fastq,run.coral.sh,26,1486,28596,16917,1,158,32,0,47190,2115,4695258,21366,1,253,36,0,0,4719029,Coral,1,100L,0.090072825,0.879783694,0.077765001,0.99541092,0,
76,coral_ecoli.wgsim_raw_rl__100_cov_1_28.corrected.fastq,run.coral.sh,28,1427,28600,16978,1,157,27,0,47190,2031,4695277,21450,1,237,31,0,0,4719027,Coral,1,100L,0.086495464,0.883427577,0.075081981,0.995397568,0,
77,coral_ecoli.wgsim_raw_rl__100_cov_1_30.corrected.fastq,run.coral.sh,30,1375,28608,17033,1,148,25,0,47190,1935,4695296,21546,1,221,27,0,0,4719026,Coral,1,100L,0.082407053,0.886394869,0.071845322,0.995381462,0,
78,coral_ecoli.wgsim_raw_rl__100_cov_16_20.corrected.fastq,run.coral.sh,20,286741,446814,769,65,16290,4363,47,755042,375456,75107503,1003,86,20010,4783,41,17,75508899,Coral,16,100L,0.997335699,0.93805606,0.931477266,0.999656689,7.68E-07,0.414634146
79,coral_ecoli.wgsim_raw_rl__100_cov_16_22.corrected.fastq,run.coral.sh,22,286633,446543,660,62,16763,4381,50,755042,375576,75106601,883,87,20890,4746,47,16,75508846,Coral,16,100L,0.997654459,0.936103606,0.929556738,0.999647021,8.34E-07,0.340425532
80,coral_ecoli.wgsim_raw_rl__100_cov_16_24.corrected.fastq,run.coral.sh,24,286694,446482,527,65,16841,4433,46,755042,375742,75106510,715,91,20980,4822,37,14,75508911,Coral,16,100L,0.998100713,0.935743032,0.929561676,0.999647128,6.75E-07,0.378378378
81,coral_ecoli.wgsim_raw_rl__100_cov_16_26.corrected.fastq,run.coral.sh,26,286576,446289,454,61,17046,4616,46,755042,375805,75105941,658,85,21541,5271,46,13,75509360,Coral,16,100L,0.998252152,0.933405693,0.927031342,0.999634469,7.81E-07,0.282608696
82,coral_ecoli.wgsim_raw_rl__100_cov_16_28.corrected.fastq,run.coral.sh,28,286569,446349,494,62,16995,4573,37,755042,375636,75106323,822,90,21168,5359,28,13,75509439,Coral,16,100L,0.997816489,0.934039183,0.92735179,0.999636244,5.43E-07,0.464285714
83,coral_ecoli.wgsim_raw_rl__100_cov_16_30.corrected.fastq,run.coral.sh,30,286540,446533,647,68,16788,4466,43,755042,375191,75106420,1264,92,21072,5058,39,14,75509150,Coral,16,100L,0.996642361,0.934890026,0.927231674,0.999635475,7.02E-07,0.358974359
84,coral_ecoli.wgsim_raw_rl__100_cov_2_20.corrected.fastq,run.coral.sh,20,11018,56954,25601,3,644,160,3,94380,15311,9390240,31516,4,915,166,2,1,9438155,Coral,2,100L,0.326969483,0.934053197,0.303884511,0.996545617,3.18E-07,0.5
85,coral_ecoli.wgsim_raw_rl__100_cov_2_22.corrected.fastq,run.coral.sh,22,10831,56931,25770,2,668,178,2,94380,15068,9390182,31760,3,975,185,1,1,9438175,Coral,2,100L,0.321773298,0.92851861,0.297001794,0.996511613,2.12E-07,1
86,coral_ecoli.wgsim_raw_rl__100_cov_2_24.corrected.fastq,run.coral.sh,24,10652,56960,25968,2,645,153,2,94380,14761,9390233,32068,3,923,159,2,0,9438149,Coral,2,100L,0.31521066,0.931704854,0.292105319,0.996487129,2.12E-07,0
87,coral_ecoli.wgsim_raw_rl__100_cov_2_26.corrected.fastq,run.coral.sh,26,10383,56963,26253,2,628,151,2,94380,14371,9390257,32458,3,906,155,2,0,9438152,Coral,2,100L,0.306882487,0.93124676,0.284225587,0.996448033,2.12E-07,0
88,coral_ecoli.wgsim_raw_rl__100_cov_2_28.corrected.fastq,run.coral.sh,28,10062,56987,26594,2,595,140,2,94380,13880,9390332,32949,3,829,147,2,0,9438142,Coral,2,100L,0.296397531,0.934302639,0.275555745,0.996405013,2.12E-07,0
89,coral_ecoli.wgsim_raw_rl__100_cov_2_30.corrected.fastq,run.coral.sh,30,9715,56993,26951,2,586,133,2,94380,13355,9390319,33474,3,840,141,2,0,9438134,Coral,2,100L,0.28518653,0.931570871,0.264237972,0.996348855,2.12E-07,0
90,coral_ecoli.wgsim_raw_rl__100_cov_32_20.corrected.fastq,run.coral.sh,20,572142,889783,1274,122,34682,12081,159,1510084,752574,150210855,1684,180,42658,13176,167,26,151021320,Coral,32,100L,0.997767342,0.93093339,0.923742274,0.999616842,1.28E-06,0.155688623
91,coral_ecoli.wgsim_raw_rl__100_cov_32_22.corrected.fastq,run.coral.sh,22,572199,889465,923,123,35384,11990,149,1510084,753000,150209083,1249,188,44467,13680,140,28,151021835,Coral,32,100L,0.998344048,0.92831509,0.92125147,0.999604534,1.11E-06,0.2
92,coral_ecoli.wgsim_raw_rl__100_cov_32_24.corrected.fastq,run.coral.sh,24,572525,889691,702,124,35283,11759,162,1510084,753221,150209367,1027,191,44203,12693,161,26,151020889,Coral,32,100L,0.998638379,0.929768169,0.923204304,0.999614126,1.24E-06,0.161490683
93,coral_ecoli.wgsim_raw_rl__100_cov_32_26.corrected.fastq,run.coral.sh,26,572262,889483,661,129,35825,11724,146,1510084,753166,150208275,1074,198,45337,13353,146,25,151021574,Coral,32,100L,0.99857605,0.927708855,0.920762622,0.999601991,1.13E-06,0.171232877
94,coral_ecoli.wgsim_raw_rl__100_cov_32_28.corrected.fastq,run.coral.sh,28,572053,888969,765,131,35846,12320,134,1510084,752752,150208812,1495,192,44750,13534,119,25,151021679,Coral,32,100L,0.998017891,0.928136359,0.92074347,0.99960211,9.54E-07,0.210084034
95,coral_ecoli.wgsim_raw_rl__100_cov_32_30.corrected.fastq,run.coral.sh,30,571894,889236,1009,129,35465,12351,133,1510084,751963,150209156,2285,192,44475,13697,116,24,151021908,Coral,32,100L,0.996970492,0.928194684,0.919844666,0.999597641,9.27E-07,0.206896552
96,coral_ecoli.wgsim_raw_rl__100_cov_4_20.corrected.fastq,run.coral.sh,20,52591,113193,19920,8,2379,669,9,188760,70619,18778859,23248,11,3227,683,5,4,18876656,Coral,4,100L,0.752330425,0.9475372,0.710675743,0.998560444,4.77E-07,0.8
97,coral_ecoli.wgsim_raw_rl__100_cov_4_22.corrected.fastq,run.coral.sh,22,52163,113138,20310,10,2440,699,8,188760,70063,18778730,23801,14,3338,714,4,4,18876668,Coral,4,100L,0.746431007,0.945328206,0.703262167,0.998523521,4.24E-07,1
98,coral_ecoli.wgsim_raw_rl__100_cov_4_24.corrected.fastq,run.coral.sh,24,51559,113106,20915,12,2463,705,8,188760,69233,18778690,24631,15,3393,723,5,3,18876693,Coral,4,100L,0.737588426,0.943884716,0.693737748,0.998476057,4.24E-07,0.6
99,coral_ecoli.wgsim_raw_rl__100_cov_4_26.corrected.fastq,run.coral.sh,26,50811,113129,21701,11,2431,677,9,188760,68145,18778761,25718,15,3330,688,5,4,18876666,Coral,4,100L,0.726004922,0.944320497,0.683197852,0.998423662,4.77E-07,0.8
100,coral_ecoli.wgsim_raw_rl__100_cov_4_28.corrected.fastq,run.coral.sh,28,49748,113129,22778,13,2412,680,10,188760,66707,18778779,27154,17,3292,692,8,4,18876653,Coral,4,100L,0.710699865,0.943642048,0.66825412,0.998349124,6.36E-07,0.5
101,coral_ecoli.wgsim_raw_rl__100_cov_4_30.corrected.fastq,run.coral.sh,30,48694,113133,23835,14,2428,656,9,188760,65284,18778734,28577,17,3331,671,7,4,18876625,Coral,4,100L,0.695539148,0.942239413,0.652901631,0.998272837,5.83E-07,0.571428571
102,coral_ecoli.wgsim_raw_rl__100_cov_8_20.corrected.fastq,run.coral.sh,20,140982,224117,3625,28,6946,1822,10,377520,184738,37554381,4087,42,8683,1950,7,3,37753891,Coral,8,100L,0.97835562,0.945575341,0.922044221,0.999608809,2.65E-07,0.428571429
103,coral_ecoli.wgsim_raw_rl__100_cov_8_22.corrected.fastq,run.coral.sh,22,140887,224101,3725,27,6969,1811,10,377520,184601,37554274,4227,39,8791,1929,7,3,37753871,Coral,8,100L,0.977614549,0.945115989,0.920843307,0.999602875,2.65E-07,0.428571429
104,coral_ecoli.wgsim_raw_rl__100_cov_8_24.corrected.fastq,run.coral.sh,24,140596,224087,3940,24,7070,1803,13,377520,184316,37553981,4513,38,9048,1922,23,3,37753844,Coral,8,100L,0.976100069,0.943825978,0.918005179,0.99958828,6.89E-07,0.130434783
105,coral_ecoli.wgsim_raw_rl__100_cov_8_26.corrected.fastq,run.coral.sh,26,140236,224078,4299,26,7137,1744,12,377520,183867,37553893,4962,38,9138,1850,9,3,37753760,Coral,8,100L,0.973722257,0.943609351,0.915532042,0.999576281,3.18E-07,0.333333333
106,coral_ecoli.wgsim_raw_rl__100_cov_8_28.corrected.fastq,run.coral.sh,28,139703,224129,4863,26,7007,1792,10,377520,183143,37554172,5686,38,8888,1897,10,3,37753837,Coral,8,100L,0.9698881,0.944386576,0.912772932,0.999562455,3.44E-07,0.3
107,coral_ecoli.wgsim_raw_rl__100_cov_8_30.corrected.fastq,run.coral.sh,30,139065,224202,5555,25,6905,1768,10,377520,182173,37554234,6656,39,8792,1881,9,2,37753786,Coral,8,100L,0.964751177,0.944655321,0.908229139,0.999539728,2.91E-07,0.222222222
108,fiona_ecoli.wgsim_raw_rl_100_cov_1_1_0.corrected.fastq,run.fiona.sh,0,0,28695,18495,0,0,0,0,47190,0,4695518,23482,0,0,0,0,0,4719000,Fiona,1,100L,0,,0,0.995023946,0,
109,fiona_ecoli.wgsim_raw_rl_100_cov_2_1_0.corrected.fastq,run.fiona.sh,0,0,57375,37005,0,0,0,0,94380,0,9391168,46832,0,0,0,0,0,9438000,Fiona,2,100L,0,,0,0.995037932,0,
110,fiona_ecoli.wgsim_raw_rl_100_cov_4_1_0.corrected.fastq,run.fiona.sh,0,0,114715,74045,0,0,0,0,188760,0,18782118,93882,0,0,0,0,0,18876000,Fiona,4,100L,0,,0,0.995026383,0,
111,fiona_ecoli.wgsim_raw_rl_100_cov_8_1_0.corrected.fastq,run.fiona.sh,0,145561,225733,1151,48,4963,64,29,377520,187505,37557723,1298,64,5361,76,26,3,37752056,Fiona,8,100L,0.993125109,0.971820547,0.964327897,0.999819215,7.68E-07,0.115384615
112,fiona_ecoli.wgsim_raw_rl_100_cov_16_1_0.corrected.fastq,run.fiona.sh,0,293883,453909,258,105,6852,35,112,755042,376121,75120295,310,130,7220,38,111,1,75504226,Fiona,16,100L,0.999176476,0.981068342,0.979895386,0.999896575,1.48E-06,0.009009009
113,fiona_ecoli.wgsim_raw_rl_100_cov_32_1_0.corrected.fastq,run.fiona.sh,0,593563,914817,510,224,932,38,354,1510084,753586,150252485,591,274,1109,42,343,12,151008442,Fiona,32,100L,0.999216364,0.998474965,0.997690197,0.999984378,2.35E-06,0.034985423
114,lighter_ecoli.wgsim_raw_rl_100_cov_1_1_20.corrected.fastq,run.lighter.sh,20,0,28695,18495,0,0,0,0,47190,0,4695518,23482,0,0,0,0,0,4719000,Lighter,1,100L,0,,0,0.995023946,0,
115,lighter_ecoli.wgsim_raw_rl_100_cov_1_1_22.corrected.fastq,run.lighter.sh,22,0,28695,18495,0,0,0,0,47190,0,4695518,23482,0,0,0,0,0,4719000,Lighter,1,100L,0,,0,0.995023946,0,
116,lighter_ecoli.wgsim_raw_rl_100_cov_1_1_24.corrected.fastq,run.lighter.sh,24,0,28695,18495,0,0,0,0,47190,0,4695518,23482,0,0,0,0,0,4719000,Lighter,1,100L,0,,0,0.995023946,0,
117,lighter_ecoli.wgsim_raw_rl_100_cov_1_1_26.corrected.fastq,run.lighter.sh,26,0,28695,18495,0,0,0,0,47190,0,4695518,23482,0,0,0,0,0,4719000,Lighter,1,100L,0,,0,0.995023946,0,
118,lighter_ecoli.wgsim_raw_rl_100_cov_1_1_28.corrected.fastq,run.lighter.sh,28,0,28695,18495,0,0,0,0,47190,0,4695518,23482,0,0,0,0,0,4719000,Lighter,1,100L,0,,0,0.995023946,0,
119,lighter_ecoli.wgsim_raw_rl_100_cov_1_1_30.corrected.fastq,run.lighter.sh,30,0,28695,18495,0,0,0,0,47190,0,4695518,23482,0,0,0,0,0,4719000,Lighter,1,100L,0,,0,0.995023946,0,
120,lighter_ecoli.wgsim_raw_rl_100_cov_2_1_20.corrected.fastq,run.lighter.sh,20,0,57375,37005,0,0,0,0,94380,0,9391168,46832,0,0,0,0,0,9438000,Lighter,2,100L,0,,0,0.995037932,0,
121,lighter_ecoli.wgsim_raw_rl_100_cov_2_1_22.corrected.fastq,run.lighter.sh,22,0,57375,37005,0,0,0,0,94380,0,9391168,46832,0,0,0,0,0,9438000,Lighter,2,100L,0,,0,0.995037932,0,
122,lighter_ecoli.wgsim_raw_rl_100_cov_2_1_24.corrected.fastq,run.lighter.sh,24,0,57375,37005,0,0,0,0,94380,0,9391168,46832,0,0,0,0,0,9438000,Lighter,2,100L,0,,0,0.995037932,0,
123,lighter_ecoli.wgsim_raw_rl_100_cov_2_1_26.corrected.fastq,run.lighter.sh,26,0,57375,37005,0,0,0,0,94380,0,9391168,46832,0,0,0,0,0,9438000,Lighter,2,100L,0,,0,0.995037932,0,
124,lighter_ecoli.wgsim_raw_rl_100_cov_2_1_28.corrected.fastq,run.lighter.sh,28,0,57375,37005,0,0,0,0,94380,0,9391168,46832,0,0,0,0,0,9438000,Lighter,2,100L,0,,0,0.995037932,0,
125,lighter_ecoli.wgsim_raw_rl_100_cov_2_1_30.corrected.fastq,run.lighter.sh,30,0,57375,37005,0,0,0,0,94380,0,9391168,46832,0,0,0,0,0,9438000,Lighter,2,100L,0,,0,0.995037932,0,
126,lighter_ecoli.wgsim_raw_rl_100_cov_4_1_20.corrected.fastq,run.lighter.sh,20,0,114715,74045,0,0,0,0,188760,0,18782118,93882,0,0,0,0,0,18876000,Lighter,4,100L,0,,0,0.995026383,0,
127,lighter_ecoli.wgsim_raw_rl_100_cov_4_1_22.corrected.fastq,run.lighter.sh,22,0,114715,74045,0,0,0,0,188760,0,18782118,93882,0,0,0,0,0,18876000,Lighter,4,100L,0,,0,0.995026383,0,
128,lighter_ecoli.wgsim_raw_rl_100_cov_4_1_24.corrected.fastq,run.lighter.sh,24,0,114715,74045,0,0,0,0,188760,0,18782118,93882,0,0,0,0,0,18876000,Lighter,4,100L,0,,0,0.995026383,0,
129,lighter_ecoli.wgsim_raw_rl_100_cov_4_1_26.corrected.fastq,run.lighter.sh,26,0,114715,74045,0,0,0,0,188760,0,18782118,93882,0,0,0,0,0,18876000,Lighter,4,100L,0,,0,0.995026383,0,
130,lighter_ecoli.wgsim_raw_rl_100_cov_4_1_28.corrected.fastq,run.lighter.sh,28,0,114715,74045,0,0,0,0,188760,0,18782118,93882,0,0,0,0,0,18876000,Lighter,4,100L,0,,0,0.995026383,0,
131,lighter_ecoli.wgsim_raw_rl_100_cov_4_1_30.corrected.fastq,run.lighter.sh,30,0,114715,74045,0,0,0,0,188760,0,18782118,93882,0,0,0,0,0,18876000,Lighter,4,100L,0,,0,0.995026383,0,
132,lighter_ecoli.wgsim_raw_rl_100_cov_8_1_20.corrected.fastq,run.lighter.sh,20,0,228639,148881,0,0,0,0,377520,0,37563130,188870,0,0,0,0,0,37752000,Lighter,8,100L,0,,0,0.994997086,0,
133,lighter_ecoli.wgsim_raw_rl_100_cov_8_1_22.corrected.fastq,run.lighter.sh,22,0,228639,148881,0,0,0,0,377520,0,37563130,188870,0,0,0,0,0,37752000,Lighter,8,100L,0,,0,0.994997086,0,
134,lighter_ecoli.wgsim_raw_rl_100_cov_8_1_24.corrected.fastq,run.lighter.sh,24,0,228639,148881,0,0,0,0,377520,0,37563130,188870,0,0,0,0,0,37752000,Lighter,8,100L,0,,0,0.994997086,0,
135,lighter_ecoli.wgsim_raw_rl_100_cov_8_1_26.corrected.fastq,run.lighter.sh,26,0,228639,148881,0,0,0,0,377520,0,37563130,188870,0,0,0,0,0,37752000,Lighter,8,100L,0,,0,0.994997086,0,
136,lighter_ecoli.wgsim_raw_rl_100_cov_8_1_28.corrected.fastq,run.lighter.sh,28,0,228639,148881,0,0,0,0,377520,0,37563130,188870,0,0,0,0,0,37752000,Lighter,8,100L,0,,0,0.994997086,0,
137,lighter_ecoli.wgsim_raw_rl_100_cov_8_1_30.corrected.fastq,run.lighter.sh,30,0,228639,148881,0,0,0,0,377520,0,37563130,188870,0,0,0,0,0,37752000,Lighter,8,100L,0,,0,0.994997086,0,
138,lighter_ecoli.wgsim_raw_rl_100_cov_16_1_20.corrected.fastq,run.lighter.sh,20,0,457871,297171,0,0,0,0,755042,0,75127638,376562,0,0,0,0,0,75504200,Lighter,16,100L,0,,0,0.995012701,0,
139,lighter_ecoli.wgsim_raw_rl_100_cov_16_1_22.corrected.fastq,run.lighter.sh,22,270771,451943,22182,39,10107,0,0,755042,351594,75116744,24920,48,10894,0,0,0,75504200,Lighter,16,100L,0.933813882,0.969946591,0.904880031,0.999525033,0,
140,lighter_ecoli.wgsim_raw_rl_100_cov_16_1_24.corrected.fastq,run.lighter.sh,24,263694,451577,29071,45,10655,0,0,755042,343525,75116140,32985,52,11498,0,0,0,75504200,Lighter,16,100L,0.912392765,0.967613366,0.8818544,0.999410165,0,
141,lighter_ecoli.wgsim_raw_rl_100_cov_16_1_26.corrected.fastq,run.lighter.sh,26,255846,451670,37137,46,10343,0,0,755042,334097,75116480,42412,53,11158,0,0,0,75504200,Lighter,16,100L,0.887354618,0.967681858,0.857719205,0.999289801,0,
142,lighter_ecoli.wgsim_raw_rl_100_cov_16_1_28.corrected.fastq,run.lighter.sh,28,247113,451578,45745,47,10559,0,0,755042,323837,75116255,52670,55,11383,0,0,0,75504200,Lighter,16,100L,0.860108843,0.966043196,0.829875673,0.999150935,0,
143,lighter_ecoli.wgsim_raw_rl_100_cov_16_1_30.corrected.fastq,run.lighter.sh,30,251726,452249,41580,48,9439,0,0,755042,329293,75117762,47214,55,9876,0,0,0,75504200,Lighter,16,100L,0.874599941,0.970881773,0.848369353,0.999243155,0,
144,lighter_ecoli.wgsim_raw_rl_100_cov_32_1_20.corrected.fastq,run.lighter.sh,20,593076,914628,1135,8,1237,0,0,1510084,753108,150252587,1344,11,1350,0,0,0,151008400,Lighter,32,100L,0.998218575,0.998210636,0.996429196,0.999982087,0,
145,lighter_ecoli.wgsim_raw_rl_100_cov_32_1_22.corrected.fastq,run.lighter.sh,22,593209,914699,1075,7,1094,0,0,1510084,753227,150252753,1227,9,1184,0,0,0,151008400,Lighter,32,100L,0.998373658,0.998430564,0.996804311,0.999983974,0,
146,lighter_ecoli.wgsim_raw_rl_100_cov_32_1_24.corrected.fastq,run.lighter.sh,24,593249,914749,1073,3,1010,0,0,1510084,753231,150252838,1227,5,1099,0,0,0,151008400,Lighter,32,100L,0.998373667,0.998543078,0.996916992,0.999984564,0,
147,lighter_ecoli.wgsim_raw_rl_100_cov_32_1_26.corrected.fastq,run.lighter.sh,26,593349,914793,999,5,938,0,0,1510084,753320,150252925,1137,6,1012,0,0,0,151008400,Lighter,32,100L,0.998492956,0.998658416,0.997151594,0.999985729,0,
148,lighter_ecoli.wgsim_raw_rl_100_cov_32_1_28.corrected.fastq,run.lighter.sh,28,593225,914511,957,6,1385,0,0,1510084,753358,150252480,1097,8,1457,0,0,0,151008400,Lighter,32,100L,0.99854597,0.998069726,0.996614775,0.999983034,0,
149,lighter_ecoli.wgsim_raw_rl_100_cov_32_1_30.corrected.fastq,run.lighter.sh,30,593152,914523,1003,11,1395,0,0,1510084,753279,150252480,1172,12,1457,0,0,0,151008400,Lighter,32,100L,0.998446553,0.998069524,0.996515347,0.999982511,0,
150,musket_ecoli.wgsim_raw_rl__100_cov_1_20.corrected.fastq,run.musket.sh,20,8,28596,18405,1,180,0,0,47190,46,4695087,23431,5,431,0,0,0,4719000,Musket,1,100L,0.001959364,0.096436059,-0.016399029,0.994942361,0,
151,musket_ecoli.wgsim_raw_rl__100_cov_1_22.corrected.fastq,run.musket.sh,22,6,28618,18433,0,133,0,0,47190,32,4695183,23446,4,335,0,0,0,4719000,Musket,1,100L,0.001362978,0.08719346,-0.012905699,0.994959737,0,
152,musket_ecoli.wgsim_raw_rl__100_cov_1_24.corrected.fastq,run.musket.sh,24,6,28633,18447,0,104,0,0,47190,24,4695300,23456,2,218,0,0,0,4719000,Musket,1,100L,0.001022147,0.099173554,-0.008262351,0.994982835,0,
153,musket_ecoli.wgsim_raw_rl__100_cov_1_26.corrected.fastq,run.musket.sh,26,7,28653,18460,0,70,0,0,47190,16,4695379,23465,1,139,0,0,0,4719000,Musket,1,100L,0.000681402,0.103225806,-0.005238278,0.994997881,0,
154,musket_ecoli.wgsim_raw_rl__100_cov_1_28.corrected.fastq,run.musket.sh,28,6,28663,18472,0,49,0,0,47190,12,4695434,23470,0,84,0,0,0,4719000,Musket,1,100L,0.00051103,0.125,-0.003066178,0.995008688,0,
155,musket_ecoli.wgsim_raw_rl__100_cov_1_30.corrected.fastq,run.musket.sh,30,6,28663,18472,0,49,0,0,47190,12,4695434,23470,0,84,0,0,0,4719000,Musket,1,100L,0.00051103,0.125,-0.003066178,0.995008688,0,
156,musket_ecoli.wgsim_raw_rl__100_cov_16_20.corrected.fastq,run.musket.sh,20,294653,456911,982,105,2391,0,0,755042,375371,75125191,1083,108,2447,0,0,0,75504200,Musket,16,100L,0.997123154,0.993523337,0.990623024,0.999951817,0,
157,musket_ecoli.wgsim_raw_rl__100_cov_16_22.corrected.fastq,run.musket.sh,22,294555,456755,847,103,2782,0,0,755042,375513,75124788,945,104,2850,0,0,0,75504200,Musket,16,100L,0.99748976,0.992467551,0.989919194,0.99994836,0,
158,musket_ecoli.wgsim_raw_rl__100_cov_16_24.corrected.fastq,run.musket.sh,24,294246,456553,889,97,3257,0,0,755042,375471,75124284,993,98,3354,0,0,0,75504200,Musket,16,100L,0.997362298,0.991146308,0.988453079,0.999941129,0,
159,musket_ecoli.wgsim_raw_rl__100_cov_16_26.corrected.fastq,run.musket.sh,26,293825,456388,1018,93,3718,0,0,755042,375293,75123810,1175,94,3828,0,0,0,75504200,Musket,16,100L,0.996878885,0.98990296,0.98671069,0.999932494,0,
160,musket_ecoli.wgsim_raw_rl__100_cov_16_28.corrected.fastq,run.musket.sh,28,293590,456285,1105,91,3971,0,0,755042,375169,75123540,1300,93,4098,0,0,0,75504200,Musket,16,100L,0.99654686,0.989194947,0.985661502,0.999927276,0,
161,musket_ecoli.wgsim_raw_rl__100_cov_16_30.corrected.fastq,run.musket.sh,30,293590,456285,1105,91,3971,0,0,755042,375169,75123540,1300,93,4098,0,0,0,75504200,Musket,16,100L,0.99654686,0.989194947,0.985661502,0.999927276,0,
162,musket_ecoli.wgsim_raw_rl__100_cov_2_20.corrected.fastq,run.musket.sh,20,66,57121,36775,2,416,0,0,94380,161,9390026,46662,9,1142,0,0,0,9438000,Musket,2,100L,0.003438481,0.123561013,-0.020951242,0.99493399,0,
163,musket_ecoli.wgsim_raw_rl__100_cov_2_22.corrected.fastq,run.musket.sh,22,57,57177,36823,2,321,0,0,94380,120,9390427,46704,8,741,0,0,0,9438000,Musket,2,100L,0.002562788,0.139372822,-0.01326243,0.994972134,0,
164,musket_ecoli.wgsim_raw_rl__100_cov_2_24.corrected.fastq,run.musket.sh,24,51,57213,36860,1,255,0,0,94380,94,9390626,46733,5,542,0,0,0,9438000,Musket,2,100L,0.002007389,0.147798742,-0.00956713,0.994990464,0,
165,musket_ecoli.wgsim_raw_rl__100_cov_2_26.corrected.fastq,run.musket.sh,26,109,57224,36808,1,238,0,0,94380,177,9390613,46650,5,555,0,0,0,9438000,Musket,2,100L,0.003779871,0.241803279,-0.008072266,0.994997881,0,
166,musket_ecoli.wgsim_raw_rl__100_cov_2_28.corrected.fastq,run.musket.sh,28,101,57237,36828,1,213,0,0,94380,156,9390703,46671,5,465,0,0,0,9438000,Musket,2,100L,0.003331411,0.251207729,-0.006598757,0.995005192,0,
167,musket_ecoli.wgsim_raw_rl__100_cov_2_30.corrected.fastq,run.musket.sh,30,101,57237,36828,1,213,0,0,94380,156,9390703,46671,5,465,0,0,0,9438000,Musket,2,100L,0.003331411,0.251207729,-0.006598757,0.995005192,0,
168,musket_ecoli.wgsim_raw_rl__100_cov_32_20.corrected.fastq,run.musket.sh,20,592769,915246,1560,200,309,0,0,1510084,752552,150253599,1707,204,338,0,0,0,151008400,Musket,32,100L,0.997736852,0.999551063,0.99728873,0.999985107,0,
169,musket_ecoli.wgsim_raw_rl__100_cov_32_22.corrected.fastq,run.musket.sh,22,593252,915234,1060,195,343,0,0,1510084,753116,150253570,1150,197,367,0,0,0,151008400,Musket,32,100L,0.998475339,0.999512929,0.997988773,0.99998865,0,
170,musket_ecoli.wgsim_raw_rl__100_cov_32_24.corrected.fastq,run.musket.sh,24,593333,915196,896,188,471,0,0,1510084,753273,150253444,1001,189,493,0,0,0,151008400,Musket,32,100L,0.998672896,0.999345951,0.998019287,0.999988855,0,
171,musket_ecoli.wgsim_raw_rl__100_cov_32_26.corrected.fastq,run.musket.sh,26,593344,915156,791,174,619,0,0,1510084,753324,150253295,963,176,642,0,0,0,151008400,Musket,32,100L,0.998723298,0.999148503,0.997872163,0.999988206,0,
172,musket_ecoli.wgsim_raw_rl__100_cov_32_28.corrected.fastq,run.musket.sh,28,593307,915133,765,175,704,0,0,1510084,753246,150253208,1041,176,729,0,0,0,151008400,Musket,32,100L,0.998619889,0.999033124,0.997653413,0.999987113,0,
173,musket_ecoli.wgsim_raw_rl__100_cov_32_30.corrected.fastq,run.musket.sh,30,593307,915133,765,175,704,0,0,1510084,753246,150253208,1041,176,729,0,0,0,151008400,Musket,32,100L,0.998619889,0.999033124,0.997653413,0.999987113,0,
174,musket_ecoli.wgsim_raw_rl__100_cov_4_20.corrected.fastq,run.musket.sh,20,944,113761,72480,2,1572,1,1,188760,1654,18777891,92211,17,4226,1,1,0,18876001,Musket,4,100L,0.017621052,0.281244686,-0.027411708,0.994890019,5.30E-08,0
175,musket_ecoli.wgsim_raw_rl__100_cov_4_22.corrected.fastq,run.musket.sh,22,899,113893,72635,1,1332,0,0,188760,1523,18778812,92348,11,3306,0,0,0,18876000,Musket,4,100L,0.016224393,0.315386208,-0.018994152,0.994931924,0,
176,musket_ecoli.wgsim_raw_rl__100_cov_4_24.corrected.fastq,run.musket.sh,24,558,114175,73181,0,845,1,1,188760,910,18780098,92962,10,2019,1,1,0,18876001,Musket,4,100L,0.009694051,0.310580205,-0.011824612,0.994967525,5.30E-08,0
177,musket_ecoli.wgsim_raw_rl__100_cov_4_26.corrected.fastq,run.musket.sh,26,522,114291,73263,0,684,0,0,188760,824,18780642,93050,8,1476,0,0,0,18876000,Musket,4,100L,0.008777723,0.35826087,-0.00694548,0.994991841,0,
178,musket_ecoli.wgsim_raw_rl__100_cov_4_28.corrected.fastq,run.musket.sh,28,498,114328,73310,0,624,0,0,188760,785,18780785,93090,7,1333,0,0,0,18876000,Musket,4,100L,0.008362184,0.370632672,-0.00583755,0.994997351,0,
179,musket_ecoli.wgsim_raw_rl__100_cov_4_30.corrected.fastq,run.musket.sh,30,498,114328,73310,0,624,0,0,188760,785,18780785,93090,7,1333,0,0,0,18876000,Musket,4,100L,0.008362184,0.370632672,-0.00583755,0.994997351,0,
180,musket_ecoli.wgsim_raw_rl__100_cov_8_20.corrected.fastq,run.musket.sh,20,141512,227212,5603,52,3141,0,0,377520,182505,37559505,6307,58,3625,0,0,0,37752000,Musket,8,100L,0.966596403,0.980524365,0.947397411,0.999735378,0,
181,musket_ecoli.wgsim_raw_rl__100_cov_8_22.corrected.fastq,run.musket.sh,22,140819,227149,6219,43,3290,0,0,377520,181801,37559444,7022,47,3686,0,0,0,37752000,Musket,8,100L,0.962811734,0.980127987,0.943290807,0.999715114,0,
182,musket_ecoli.wgsim_raw_rl__100_cov_8_24.corrected.fastq,run.musket.sh,24,139977,227053,6951,46,3493,0,0,377520,180896,37559239,7926,48,3891,0,0,0,37752000,Musket,8,100L,0.958023959,0.978943324,0.93741725,0.999685712,0,
183,musket_ecoli.wgsim_raw_rl__100_cov_8_26.corrected.fastq,run.musket.sh,26,138935,226989,7879,41,3676,0,0,377520,179773,37559088,9051,46,4042,0,0,0,37752000,Musket,8,100L,0.952066475,0.9780105,0.930660297,0.999651965,0,
184,musket_ecoli.wgsim_raw_rl__100_cov_8_28.corrected.fastq,run.musket.sh,28,138386,226940,8377,40,3777,0,0,377520,179156,37558984,9669,45,4146,0,0,0,37752000,Musket,8,100L,0.948793857,0.977381589,0.926837018,0.999632867,0,
185,musket_ecoli.wgsim_raw_rl__100_cov_8_30.corrected.fastq,run.musket.sh,30,138386,226940,8377,40,3777,0,0,377520,179156,37558984,9669,45,4146,0,0,0,37752000,Musket,8,100L,0.948793857,0.977381589,0.926837018,0.999632867,0,
186,pollux_ecoli.wgsim_raw_rl__100_cov_1_20.corrected.fastq,run.musket.sh,20,325,15207,8408,1,205,84,0,24230,497,2411568,10446,7,414,126,0,0,2423058,Pollux,1,100L,0.045417162,0.479267117,-0.003929453,0.995463171,0,
187,pollux_ecoli.wgsim_raw_rl__100_cov_1_22.corrected.fastq,run.pollux.sh,22,301,14713,7959,0,192,57,0,23222,452,2311511,9845,4,348,81,0,0,2322241,Pollux,1,100L,0.04389628,0.513053348,0.00223366,0.995574103,0,
188,pollux_ecoli.wgsim_raw_rl__100_cov_1_24.corrected.fastq,run.pollux.sh,24,284,14213,7534,0,155,38,0,22224,415,2212417,9292,3,250,47,0,0,2222424,Pollux,1,100L,0.042752653,0.582865169,0.012156176,0.995683992,0,
189,pollux_ecoli.wgsim_raw_rl__100_cov_1_26.corrected.fastq,run.pollux.sh,26,268,13713,7108,0,134,37,0,21260,382,2116635,8746,2,211,45,0,0,2126021,Pollux,1,100L,0.041849255,0.598746082,0.013803681,0.995764858,0,
190,pollux_ecoli.wgsim_raw_rl__100_cov_1_28.corrected.fastq,run.pollux.sh,28,236,13220,6766,0,117,31,0,20370,338,2028159,8290,1,189,39,0,0,2037016,Pollux,1,100L,0.03917478,0.597173145,0.012749189,0.995817902,0,
191,pollux_ecoli.wgsim_raw_rl__100_cov_1_30.corrected.fastq,run.pollux.sh,30,210,12721,6369,0,99,17,0,19416,302,1933358,7782,1,149,19,0,0,1941611,Pollux,1,100L,0.037357744,0.642553191,0.016575952,0.995904947,0,
192,pollux_ecoli.wgsim_raw_rl__100_cov_16_20.corrected.fastq,run.pollux.sh,20,281346,452904,11897,96,7216,1581,23,755040,361733,75114226,14597,232,11493,2620,30,2,75504933,Pollux,16,100L,0.961212234,0.962450046,0.923710573,0.99961629,4.24E-07,0.066666667
193,pollux_ecoli.wgsim_raw_rl__100_cov_16_22.corrected.fastq,run.pollux.sh,22,281285,452994,11945,114,7151,1551,23,755040,361584,75115100,14744,234,10930,2401,31,2,75505026,Pollux,16,100L,0.960821411,0.964442607,0.925397526,0.999624661,4.37E-07,0.064516129
194,pollux_ecoli.wgsim_raw_rl__100_cov_16_24.corrected.fastq,run.pollux.sh,24,280769,452871,12218,125,7568,1489,24,755040,361135,75115142,15193,235,11085,2171,36,0,75504997,Pollux,16,100L,0.959628303,0.964593166,0.924403712,0.999619628,4.77E-07,0
195,pollux_ecoli.wgsim_raw_rl__100_cov_16_26.corrected.fastq,run.pollux.sh,26,280060,452853,12771,145,7664,1547,22,755040,360337,75115563,15980,247,10715,2161,29,0,75505032,Pollux,16,100L,0.957535801,0.965499594,0.923319967,0.999614171,3.84E-07,0
196,pollux_ecoli.wgsim_raw_rl__100_cov_16_28.corrected.fastq,run.pollux.sh,28,278708,452685,13802,146,7952,1747,18,755040,358707,75115464,17602,255,10777,2358,24,0,75505187,Pollux,16,100L,0.953224611,0.964675857,0.918319785,0.99958922,3.18E-07,0
197,pollux_ecoli.wgsim_raw_rl__100_cov_16_30.corrected.fastq,run.pollux.sh,30,278620,454634,15038,175,7883,1810,16,758160,358317,75426339,19566,270,10334,2413,21,1,75817261,Pollux,16,100L,0.948222069,0.965647435,0.914489405,0.999569966,2.90E-07,0.047619048
198,pollux_ecoli.wgsim_raw_rl__100_cov_2_20.corrected.fastq,run.pollux.sh,20,2903,46470,25347,6,755,353,1,75834,4131,7545620,31597,26,1751,537,1,0,7583663,Pollux,2,100L,0.115623601,0.643558187,0.051584192,0.995528282,1.32E-07,0
199,pollux_ecoli.wgsim_raw_rl__100_cov_2_22.corrected.fastq,run.pollux.sh,22,2635,45731,24595,10,639,266,1,73876,3734,7351801,30558,23,1277,410,1,0,7387804,Pollux,2,100L,0.10888837,0.688802804,0.059693223,0.995632126,1.35E-07,0
200,pollux_ecoli.wgsim_raw_rl__100_cov_2_24.corrected.fastq,run.pollux.sh,24,2405,44836,23895,11,569,206,1,71922,3373,7157962,29615,17,1077,305,1,0,7192350,Pollux,2,100L,0.102249303,0.70935857,0.060355281,0.995687779,1.39E-07,0
201,pollux_ecoli.wgsim_raw_rl__100_cov_2_26.corrected.fastq,run.pollux.sh,26,2165,43881,23118,8,525,159,0,69856,3013,6952925,28603,11,924,222,0,0,6985698,Pollux,2,100L,0.095299848,0.724452994,0.059052379,0.995739867,0,
202,pollux_ecoli.wgsim_raw_rl__100_cov_2_28.corrected.fastq,run.pollux.sh,28,1978,42940,22355,3,432,142,0,67850,2718,6753892,27561,6,720,192,0,0,6785089,Pollux,2,100L,0.089765184,0.748760331,0.059645299,0.995802708,0,
203,pollux_ecoli.wgsim_raw_rl__100_cov_2_30.corrected.fastq,run.pollux.sh,30,1826,41931,21401,5,404,107,0,65674,2485,6537872,26360,6,626,134,0,0,6567483,Pollux,2,100L,0.086150113,0.765793529,0.059802392,0.995869651,0,
204,pollux_ecoli.wgsim_raw_rl__100_cov_32_20.corrected.fastq,run.pollux.sh,20,568098,909676,22301,129,6883,2995,39,1510082,726989,150235366,27084,393,14381,5663,50,1,151009927,Pollux,32,100L,0.964083053,0.973168521,0.937502072,0.999684981,3.38E-07,0.02
205,pollux_ecoli.wgsim_raw_rl__100_cov_32_22.corrected.fastq,run.pollux.sh,22,569041,910118,21648,121,6442,2712,34,1510082,727904,150238049,26200,363,12285,4818,47,0,151009666,Pollux,32,100L,0.965256782,0.977043169,0.942576886,0.999710528,3.11E-07,0
206,pollux_ecoli.wgsim_raw_rl__100_cov_32_24.corrected.fastq,run.pollux.sh,24,569532,910264,21357,126,6400,2403,33,1510082,728313,150238914,25843,311,11961,4139,44,0,151009525,Pollux,32,100L,0.965732554,0.978372221,0.944384186,0.999719898,2.91E-07,0
207,pollux_ecoli.wgsim_raw_rl__100_cov_32_26.corrected.fastq,run.pollux.sh,26,570018,910530,20936,125,6202,2269,31,1510080,728630,150240124,25520,315,10686,3815,35,2,151009127,Pollux,32,100L,0.966160578,0.980486617,0.946932308,0.999732659,2.45E-07,0.057142857
208,pollux_ecoli.wgsim_raw_rl__100_cov_32_28.corrected.fastq,run.pollux.sh,28,569876,910589,21040,125,6162,2288,30,1510080,728189,150239982,25971,306,10838,3766,34,1,151009087,Pollux,32,100L,0.965563011,0.980339072,0.946198419,0.999729056,2.32E-07,0.029411765
209,pollux_ecoli.wgsim_raw_rl__100_cov_32_30.corrected.fastq,run.pollux.sh,30,570341,911452,21162,123,5866,2248,26,1511192,727924,150351503,26784,303,10038,3712,34,1,151120299,Pollux,32,100L,0.964510778,0.981460857,0.946291811,0.999729547,2.32E-07,0.029411765
210,pollux_ecoli.wgsim_raw_rl__100_cov_4_20.corrected.fastq,run.pollux.sh,20,25113,111028,45593,32,2457,983,1,185206,34891,18423727,56251,57,4971,1446,1,0,18521344,Pollux,4,100L,0.382820215,0.844654788,0.312413596,0.996613313,5.40E-08,0
211,pollux_ecoli.wgsim_raw_rl__100_cov_4_22.corrected.fastq,run.pollux.sh,22,23493,110932,46852,33,2025,787,2,184122,32462,18317809,57773,49,3598,1140,3,0,18412834,Pollux,4,100L,0.359749543,0.872634409,0.307242201,0.996602207,1.63E-07,0
212,pollux_ecoli.wgsim_raw_rl__100_cov_4_24.corrected.fastq,run.pollux.sh,24,21676,110624,47953,40,1834,735,2,182862,29898,18193477,59187,52,3139,1048,3,0,18286804,Pollux,4,100L,0.335612056,0.877160041,0.288612,0.996531433,1.64E-07,0
213,pollux_ecoli.wgsim_raw_rl__100_cov_4_26.corrected.fastq,run.pollux.sh,26,20007,110205,48891,40,1709,644,1,181496,27482,18058442,60445,55,2795,877,1,0,18150097,Pollux,4,100L,0.312554733,0.882133915,0.270792817,0.996464316,5.51E-08,0
214,pollux_ecoli.wgsim_raw_rl__100_cov_4_28.corrected.fastq,run.pollux.sh,28,18329,109559,49633,40,1592,573,1,179726,25116,17883111,61339,54,2632,809,1,0,17973062,Pollux,4,100L,0.290509514,0.87950415,0.250708461,0.996392657,5.56E-08,0
215,pollux_ecoli.wgsim_raw_rl__100_cov_4_30.corrected.fastq,run.pollux.sh,30,16749,108914,50091,42,1418,540,1,177754,22777,17688018,62002,51,2253,729,1,0,17775831,Pollux,4,100L,0.26866323,0.884234636,0.233489425,0.996341324,5.63E-08,0
216,pollux_ecoli.wgsim_raw_rl__100_cov_8_20.corrected.fastq,run.pollux.sh,20,118854,224374,26283,112,6024,1833,6,377480,156748,37548783,31891,180,9290,2559,8,0,37749459,Pollux,8,100L,0.83094164,0.929719983,0.768128542,0.998836328,2.12E-07,0
217,pollux_ecoli.wgsim_raw_rl__100_cov_8_22.corrected.fastq,run.pollux.sh,22,116000,224615,29259,129,5680,1783,7,377466,152950,37548482,35666,188,8351,2411,10,0,37748058,Pollux,8,100L,0.810906816,0.934262608,0.75384909,0.998764811,2.65E-07,0
218,pollux_ecoli.wgsim_raw_rl__100_cov_8_24.corrected.fastq,run.pollux.sh,24,112675,224741,32628,152,5499,1721,5,377416,148517,37544368,40023,206,7682,2286,5,0,37743087,Pollux,8,100L,0.787721438,0.937104458,0.734852021,0.998669902,1.32E-07,0
219,pollux_ecoli.wgsim_raw_rl__100_cov_8_26.corrected.fastq,run.pollux.sh,26,108840,224822,36394,179,5305,1812,4,377352,143432,37538443,44980,231,7297,2317,4,0,37736704,Pollux,8,100L,0.76126786,0.937182285,0.710241386,0.998547064,1.06E-07,0
220,pollux_ecoli.wgsim_raw_rl__100_cov_8_28.corrected.fastq,run.pollux.sh,28,104616,224918,40539,200,5104,1863,3,377240,137853,37527824,50394,237,6896,2383,5,0,37725592,Pollux,8,100L,0.732298523,0.936934182,0.683006901,0.998411821,1.33E-07,0
221,pollux_ecoli.wgsim_raw_rl__100_cov_8_30.corrected.fastq,run.pollux.sh,30,100059,224980,45007,198,4934,1900,3,377078,131739,37512380,56297,236,6447,2361,3,0,37709463,Pollux,8,100L,0.700605203,0.937330573,0.653763109,0.998267172,7.96E-08,0
222,racer_ecoli.wgsim_raw_rl_100_cov_1_1_0.corrected.fastq,run.pollux.sh,0,399,28452,17914,2,393,30,2,47190,654,4693688,22818,10,1770,118,3,0,4719061,Racer,1,100L,0.027862986,0.257277734,-0.052573279,0.994761882,6.36E-07,0
223,racer_ecoli.wgsim_raw_rl_100_cov_2_1_0.corrected.fastq,run.racer.sh,0,3624,56666,32913,2,1002,173,37,94380,5162,9384426,41642,28,6055,1243,133,0,9438689,Racer,2,100L,0.110289719,0.414285714,-0.045637125,0.9947979,1.41E-05,0
224,racer_ecoli.wgsim_raw_rl_100_cov_4_1_0.corrected.fastq,run.racer.sh,0,30246,112677,42496,3,2899,439,116,188760,41661,18762806,52145,73,17135,3845,521,3,18878189,Racer,4,100L,0.444118713,0.665075589,0.220465642,0.996095017,2.78E-05,0.005758157
225,racer_ecoli.wgsim_raw_rl_100_cov_8_1_0.corrected.fastq,run.racer.sh,0,131044,223999,14350,29,7678,420,125,377520,171979,37539614,16789,99,21039,4398,569,3,37754490,Racer,8,100L,0.911060137,0.871150261,0.776307425,0.99886387,1.52E-05,0.005272408
226,racer_ecoli.wgsim_raw_rl_100_cov_16_1_0.corrected.fastq,run.racer.sh,0,290966,451135,1226,49,11540,126,38,755042,374989,75112085,1492,77,14777,1409,156,4,75504989,Racer,16,100L,0.996036985,0.9586221,0.953044111,0.999762784,2.12E-06,0.025641026
227,racer_ecoli.wgsim_raw_rl_100_cov_32_1_0.corrected.fastq,run.racer.sh,0,592306,913471,833,19,3274,181,54,1510084,753246,150245838,1159,57,6977,1990,270,1,151009538,Racer,32,100L,0.99846369,0.988235572,0.986577501,0.999930779,1.79E-06,0.003703704
228,reckoner_ecoli.wgsim_raw_rl__100_cov_1_20.corrected.fastq,run.reckoner.sh,20,109,28657,18356,0,61,7,3,47190,159,4695283,23322,1,216,29,9,0,4719019,Reckoner,1,100L,0.006771432,0.393564356,-0.003662536,0.995003834,1.91E-06,0
229,reckoner_ecoli.wgsim_raw_rl__100_cov_1_22.corrected.fastq,run.reckoner.sh,22,102,28666,18370,0,51,1,0,47190,152,4695394,23330,0,123,2,0,0,4719001,Reckoner,1,100L,0.006473043,0.548736462,0.001149817,0.995029668,0,
230,reckoner_ecoli.wgsim_raw_rl__100_cov_1_24.corrected.fastq,run.reckoner.sh,24,94,28669,18385,0,41,1,0,47190,132,4695424,23350,0,93,2,0,0,4719001,Reckoner,1,100L,0.005621327,0.581497797,0.001575675,0.995031787,0,
231,reckoner_ecoli.wgsim_raw_rl__100_cov_1_26.corrected.fastq,run.reckoner.sh,26,84,28673,18399,0,33,1,0,47190,116,4695436,23366,0,81,2,0,0,4719001,Reckoner,1,100L,0.004939954,0.582914573,0.001405332,0.99503094,0,
232,reckoner_ecoli.wgsim_raw_rl__100_cov_1_28.corrected.fastq,run.reckoner.sh,28,69,28675,18416,0,29,1,0,47190,95,4695442,23387,0,75,2,0,0,4719001,Reckoner,1,100L,0.004045652,0.552325581,0.000766545,0.995027761,0,
233,reckoner_ecoli.wgsim_raw_rl__100_cov_1_30.corrected.fastq,run.reckoner.sh,30,58,28677,18428,0,26,1,0,47190,81,4695451,23401,0,66,2,0,0,4719001,Reckoner,1,100L,0.003449451,0.543624161,0.000553616,0.995026702,0,
234,reckoner_ecoli.wgsim_raw_rl__100_cov_16_20.corrected.fastq,run.reckoner.sh,20,294695,457475,2014,104,713,41,18,755042,373952,75125821,2496,114,1591,376,78,0,75504428,Reckoner,16,100L,0.993369602,0.99476749,0.988144445,0.999938348,1.03E-06,0
235,reckoner_ecoli.wgsim_raw_rl__100_cov_16_22.corrected.fastq,run.reckoner.sh,22,294238,457415,2471,101,781,36,15,755042,373461,75125976,2992,109,1508,267,43,0,75504356,Reckoner,16,100L,0.992052129,0.995269644,0.987337065,0.999934851,5.70E-07,0
236,reckoner_ecoli.wgsim_raw_rl__100_cov_16_24.corrected.fastq,run.reckoner.sh,24,293635,457346,3038,99,891,33,14,755042,372805,75125934,3646,111,1562,248,42,0,75504348,Reckoner,16,100L,0.990314809,0.995168373,0.985506746,0.999925713,5.56E-07,0
237,reckoner_ecoli.wgsim_raw_rl__100_cov_16_26.corrected.fastq,run.reckoner.sh,26,292809,457293,3814,97,1001,28,12,755042,371891,75125912,4563,108,1601,222,33,0,75504330,Reckoner,16,100L,0.987878997,0.995121938,0.98303644,0.999913555,4.37E-07,0
238,reckoner_ecoli.wgsim_raw_rl__100_cov_16_28.corrected.fastq,run.reckoner.sh,28,291733,457223,4817,99,1144,26,11,755042,370667,75125850,5788,107,1649,251,32,0,75504344,Reckoner,16,100L,0.984624988,0.994900246,0.979577904,0.999896337,4.24E-07,0
239,reckoner_ecoli.wgsim_raw_rl__100_cov_16_30.corrected.fastq,run.reckoner.sh,30,290343,457149,6123,98,1303,26,13,755042,369041,75125729,7415,106,1782,212,46,0,75504331,Reckoner,16,100L,0.980303143,0.994625844,0.975006375,0.999873372,6.09E-07,0
240,reckoner_ecoli.wgsim_raw_rl__100_cov_2_20.corrected.fastq,run.reckoner.sh,20,705,57238,36197,3,218,19,5,94380,984,9390352,45843,5,751,111,19,0,9438065,Reckoner,2,100L,0.021013518,0.53304442,0.002605335,0.995048879,2.01E-06,0
241,reckoner_ecoli.wgsim_raw_rl__100_cov_2_22.corrected.fastq,run.reckoner.sh,22,643,57247,36271,3,194,22,7,94380,890,9390361,45935,7,715,150,35,0,9438093,Reckoner,2,100L,0.019006941,0.507122507,0.000533903,0.995036921,3.71E-06,0
242,reckoner_ecoli.wgsim_raw_rl__100_cov_2_24.corrected.fastq,run.reckoner.sh,24,585,57264,36347,3,164,17,8,94380,814,9390621,46012,6,505,69,15,0,9438042,Reckoner,2,100L,0.017383505,0.586455331,0.005125358,0.995061794,1.59E-06,0
243,reckoner_ecoli.wgsim_raw_rl__100_cov_2_26.corrected.fastq,run.reckoner.sh,26,533,57271,36399,3,157,17,8,94380,735,9390686,46091,6,446,62,10,0,9438036,Reckoner,2,100L,0.015696408,0.591311344,0.004847734,0.995060943,1.06E-06,0
244,reckoner_ecoli.wgsim_raw_rl__100_cov_2_28.corrected.fastq,run.reckoner.sh,28,494,57280,36453,3,142,8,6,94380,671,9390871,46157,4,287,12,8,0,9438010,Reckoner,2,100L,0.014329034,0.691752577,0.007943965,0.995076504,8.48E-07,0
245,reckoner_ecoli.wgsim_raw_rl__100_cov_2_30.corrected.fastq,run.reckoner.sh,30,449,57308,36507,3,111,2,1,94380,596,9390990,46233,3,174,5,3,0,9438004,Reckoner,2,100L,0.012727156,0.769032258,0.008904739,0.995081799,3.18E-07,0
246,reckoner_ecoli.wgsim_raw_rl__100_cov_32_20.corrected.fastq,run.reckoner.sh,20,590149,910716,982,229,251,119,37,1502446,748794,149490945,1518,265,2482,1092,118,0,150245214,Reckoner,32,100L,0.997976842,0.995249665,0.99321349,0.99996356,7.85E-07,0
247,reckoner_ecoli.wgsim_raw_rl__100_cov_32_22.corrected.fastq,run.reckoner.sh,22,590545,910589,843,225,195,91,27,1502488,749290,149495596,1248,245,1996,778,81,0,150249234,Reckoner,32,100L,0.998337193,0.996311484,0.994641177,0.999971061,5.39E-07,0
248,reckoner_ecoli.wgsim_raw_rl__100_cov_32_24.corrected.fastq,run.reckoner.sh,24,593543,915255,807,219,189,71,23,1510084,753069,150251952,1159,235,1628,633,88,0,151008764,Reckoner,32,100L,0.998463329,0.997006606,0.995465562,0.999975213,5.83E-07,0
249,reckoner_ecoli.wgsim_raw_rl__100_cov_32_26.corrected.fastq,run.reckoner.sh,26,593574,915240,815,208,188,59,20,1510084,753069,150252332,1174,220,1308,524,74,0,151008701,Reckoner,32,100L,0.998443472,0.997573192,0.996014547,0.999978147,4.90E-07,0
250,reckoner_ecoli.wgsim_raw_rl__100_cov_32_28.corrected.fastq,run.reckoner.sh,28,593505,915224,865,210,226,54,18,1510084,752951,150252426,1292,220,1236,492,61,0,151008678,Reckoner,32,100L,0.998287024,0.997710285,0.995995985,0.99997814,4.04E-07,0
251,reckoner_ecoli.wgsim_raw_rl__100_cov_32_30.corrected.fastq,run.reckoner.sh,30,593338,915188,1010,203,295,50,19,1510084,752709,150252481,1542,212,1223,408,61,0,151008636,Reckoner,32,100L,0.997955588,0.997837845,0.995793178,0.99997718,4.04E-07,0
252,reckoner_ecoli.wgsim_raw_rl__100_cov_4_20.corrected.fastq,run.reckoner.sh,20,6457,114109,67164,3,885,142,65,188760,9360,18776819,84494,26,4635,1048,284,2,18876668,Reckoner,4,100L,0.099729367,0.622216313,0.039177872,0.99520641,1.52E-05,0.007042254
253,reckoner_ecoli.wgsim_raw_rl__100_cov_4_22.corrected.fastq,run.reckoner.sh,22,5615,114197,68052,4,779,113,47,188760,8146,18778311,85713,22,3370,699,177,1,18876439,Reckoner,4,100L,0.086789759,0.666884977,0.043437497,0.995233158,9.43E-06,0.005649718
254,reckoner_ecoli.wgsim_raw_rl__100_cov_4_24.corrected.fastq,run.reckoner.sh,24,4897,114225,68803,3,738,94,36,188760,7065,18778836,86794,21,2936,567,128,2,18876349,Reckoner,4,100L,0.075272483,0.668527631,0.037950543,0.995208501,6.89E-06,0.015625
255,reckoner_ecoli.wgsim_raw_rl__100_cov_4_26.corrected.fastq,run.reckoner.sh,26,4245,114292,69509,3,633,78,28,188760,6095,18779437,87769,18,2412,451,88,0,18876270,Reckoner,4,100L,0.064934373,0.68039741,0.034432796,0.995193012,4.66E-06,0
256,reckoner_ecoli.wgsim_raw_rl__100_cov_4_28.corrected.fastq,run.reckoner.sh,28,3658,114302,70100,3,619,78,26,188760,5252,18779424,88612,18,2461,393,74,0,18876234,Reckoner,4,100L,0.055953294,0.647915125,0.025547601,0.995149562,3.92E-06,0
257,reckoner_ecoli.wgsim_raw_rl__100_cov_4_30.corrected.fastq,run.reckoner.sh,30,3186,114347,70590,2,558,77,26,188760,4533,18779741,89331,18,2147,382,79,0,18876231,Reckoner,4,100L,0.048293275,0.641886151,0.021350038,0.995128424,4.19E-06,0
258,reckoner_ecoli.wgsim_raw_rl__100_cov_8_20.corrected.fastq,run.reckoner.sh,20,137318,228194,11145,56,778,29,13,377520,175688,37561637,13122,60,1347,239,54,0,37752147,Reckoner,8,100L,0.930501562,0.991053398,0.922101584,0.999607387,1.43E-06,0
259,reckoner_ecoli.wgsim_raw_rl__100_cov_8_22.corrected.fastq,run.reckoner.sh,22,135839,228186,12610,52,809,24,10,377520,173877,37561804,14937,56,1232,157,31,0,37752094,Reckoner,8,100L,0.9208904,0.992074903,0.913533954,0.999565243,8.21E-07,0
260,reckoner_ecoli.wgsim_raw_rl__100_cov_8_24.corrected.fastq,run.reckoner.sh,24,134036,228173,14394,51,849,17,8,377520,171622,37561865,17194,54,1172,160,26,0,37752093,Reckoner,8,100L,0.908937802,0.99229853,0.901883315,0.999507153,6.89E-07,0
261,reckoner_ecoli.wgsim_raw_rl__100_cov_8_26.corrected.fastq,run.reckoner.sh,26,131934,228144,16467,51,906,18,8,377520,169022,37561814,19794,54,1195,214,28,0,37752121,Reckoner,8,100L,0.895167782,0.991732725,0.887705491,0.999436191,7.42E-07,0
262,reckoner_ecoli.wgsim_raw_rl__100_cov_8_28.corrected.fastq,run.reckoner.sh,28,129777,228134,18599,48,946,16,7,377520,166343,37561813,22474,53,1234,143,23,0,37752083,Reckoner,8,100L,0.8809747,0.991789888,0.873681925,0.999366207,6.09E-07,0
263,reckoner_ecoli.wgsim_raw_rl__100_cov_8_30.corrected.fastq,run.reckoner.sh,30,127233,228116,21111,42,1000,18,7,377520,163165,37561768,25657,48,1270,170,16,0,37752094,Reckoner,8,100L,0.864120706,0.991251785,0.856494476,0.999280543,4.24E-07,0
264,sga_ecoli.wgsim_raw_rl__100_cov_1_20.corrected.fastq,run.sga.sh,20,401,28638,18056,1,90,4,0,47190,520,4695345,22961,1,169,8,0,0,4719004,Sga,1,100L,0.022145564,0.746054519,0.014607555,0.995096635,0,
265,sga_ecoli.wgsim_raw_rl__100_cov_1_22.corrected.fastq,run.sga.sh,22,382,28645,18079,0,80,4,0,47190,491,4695362,22991,0,152,8,0,0,4719004,Sga,1,100L,0.020909633,0.75422427,0.014095903,0.995094092,0,
266,sga_ecoli.wgsim_raw_rl__100_cov_1_24.corrected.fastq,run.sga.sh,24,343,28651,18117,0,75,4,0,47190,448,4695373,23034,0,141,8,0,0,4719004,Sga,1,100L,0.019078443,0.75041876,0.012733157,0.995087311,0,
267,sga_ecoli.wgsim_raw_rl__100_cov_1_26.corrected.fastq,run.sga.sh,26,320,28654,18142,0,71,3,0,47190,417,4695374,23065,0,141,6,0,0,4719003,Sga,1,100L,0.017758283,0.739361702,0.011498169,0.995081164,0,
268,sga_ecoli.wgsim_raw_rl__100_cov_1_28.corrected.fastq,run.sga.sh,28,293,28661,18173,0,61,2,0,47190,378,4695399,23104,0,117,4,0,0,4719002,Sga,1,100L,0.016097436,0.75751503,0.010944553,0.995078409,0,
269,sga_ecoli.wgsim_raw_rl__100_cov_1_30.corrected.fastq,run.sga.sh,30,273,28664,18195,0,56,2,0,47190,348,4695418,23134,0,98,4,0,0,4719002,Sga,1,100L,0.014819862,0.773333333,0.010476109,0.995076078,0,
270,sga_ecoli.wgsim_raw_rl__100_cov_16_20.corrected.fastq,run.sga.sh,20,294909,457702,1847,14,533,13,5,755018,374072,75124158,2454,21,1073,33,12,0,75501823,Sga,16,100L,0.993482522,0.997052066,0.990545142,0.999952412,1.59E-07,0
271,sga_ecoli.wgsim_raw_rl__100_cov_16_22.corrected.fastq,run.sga.sh,22,295270,457686,1621,14,423,4,2,755018,374457,75124641,2074,16,603,13,5,0,75501809,Sga,16,100L,0.994491821,0.998357653,0.992855834,0.999964094,6.62E-08,0
272,sga_ecoli.wgsim_raw_rl__100_cov_16_24.corrected.fastq,run.sga.sh,24,295271,457653,1599,16,475,4,2,755018,374449,75124618,2078,20,628,10,5,0,75501808,Sga,16,100L,0.994481139,0.998299061,0.992786706,0.999963696,6.62E-08,0
273,sga_ecoli.wgsim_raw_rl__100_cov_16_26.corrected.fastq,run.sga.sh,26,295143,457623,1686,18,544,4,2,755018,374304,75124584,2222,21,662,10,5,0,75501808,Sga,16,100L,0.994098681,0.998207885,0.992313944,0.999961325,6.62E-08,0
274,sga_ecoli.wgsim_raw_rl__100_cov_16_28.corrected.fastq,run.sga.sh,28,294899,457576,1875,24,640,4,3,755018,373989,75124508,2529,29,739,7,6,0,75501807,Sga,16,100L,0.99328319,0.99800926,0.991301877,0.99995616,7.95E-08,0
275,sga_ecoli.wgsim_raw_rl__100_cov_16_30.corrected.fastq,run.sga.sh,30,294580,457516,2121,26,771,4,2,755018,373614,75124368,2902,31,879,8,5,0,75501807,Sga,16,100L,0.992292492,0.997631515,0.989936683,0.999949339,6.62E-08,0
276,sga_ecoli.wgsim_raw_rl__100_cov_2_20.corrected.fastq,run.sga.sh,20,3713,57137,33167,4,350,9,5,94380,4612,9390437,42213,7,722,13,6,0,9438010,Sga,2,100L,0.098494394,0.862539742,0.082797651,0.995448087,6.36E-07,0
277,sga_ecoli.wgsim_raw_rl__100_cov_2_22.corrected.fastq,run.sga.sh,22,3396,57156,33503,4,314,7,4,94380,4194,9390511,42630,8,648,12,7,0,9438010,Sga,2,100L,0.089569452,0.864029666,0.075474116,0.995411639,7.42E-07,0
278,sga_ecoli.wgsim_raw_rl__100_cov_2_24.corrected.fastq,run.sga.sh,24,3126,57170,33784,4,287,9,4,94380,3856,9390588,42970,6,569,16,6,0,9438011,Sga,2,100L,0.082347414,0.868272912,0.069854354,0.995383879,6.36E-07,0
279,sga_ecoli.wgsim_raw_rl__100_cov_2_26.corrected.fastq,run.sga.sh,26,2859,57199,34061,2,253,6,2,94380,3524,9390662,43304,4,499,11,3,0,9438007,Sga,2,100L,0.075254121,0.873574616,0.064363202,0.995356965,3.18E-07,0
280,sga_ecoli.wgsim_raw_rl__100_cov_2_28.corrected.fastq,run.sga.sh,28,2576,57212,34355,1,230,6,2,94380,3161,9390691,43669,2,470,11,3,0,9438007,Sga,2,100L,0.067499466,0.867929709,0.057228272,0.995321576,3.18E-07,0
281,sga_ecoli.wgsim_raw_rl__100_cov_2_30.corrected.fastq,run.sga.sh,30,2318,57231,34616,1,207,7,2,94380,2837,9390734,43994,1,426,13,3,0,9438008,Sga,2,100L,0.060579531,0.865995116,0.051205398,0.995291697,3.18E-07,0
282,sga_ecoli.wgsim_raw_rl__100_cov_32_20.corrected.fastq,run.sga.sh,20,588364,915303,5891,4,492,30,11,1510084,747285,150252285,7150,27,1570,137,34,1,151008489,Sga,32,100L,0.990522709,0.997720937,0.988260089,0.999940944,2.32E-07,0.029411765
283,sga_ecoli.wgsim_raw_rl__100_cov_32_22.corrected.fastq,run.sga.sh,22,589536,915303,5048,1,182,14,6,1510084,748569,150253354,5882,12,549,53,18,0,151008437,Sga,32,100L,0.992203602,0.999196445,0.991405671,0.999956863,1.19E-07,0
284,sga_ecoli.wgsim_raw_rl__100_cov_32_24.corrected.fastq,run.sga.sh,24,589952,915303,4676,1,146,6,2,1510084,749009,150253517,5444,10,415,10,2,0,151008407,Sga,32,100L,0.992784176,0.999432905,0.992220854,0.999961055,1.32E-08,0
285,sga_ecoli.wgsim_raw_rl__100_cov_32_26.corrected.fastq,run.sga.sh,26,590301,915299,4355,2,122,5,2,1510084,749351,150253585,5101,11,348,7,2,0,151008405,Sga,32,100L,0.993238801,0.999526481,0.992768261,0.999963783,1.32E-08,0
286,sga_ecoli.wgsim_raw_rl__100_cov_32_28.corrected.fastq,run.sga.sh,28,590616,915297,4051,2,114,4,2,1510084,749678,150253612,4777,8,322,5,2,0,151008404,Sga,32,100L,0.993668277,0.999564003,0.993234852,0.999966134,1.32E-08,0
287,sga_ecoli.wgsim_raw_rl__100_cov_32_30.corrected.fastq,run.sga.sh,30,590970,915294,3694,2,118,6,3,1510084,750028,150253603,4428,7,329,8,3,0,151008406,Sga,32,100L,0.99413087,0.999550885,0.993684191,0.999968379,1.99E-08,0
288,sga_ecoli.wgsim_raw_rl__100_cov_4_20.corrected.fastq,run.sga.sh,20,33283,113845,40182,7,1426,17,6,188760,41875,18779542,51987,20,2557,32,8,0,18876021,Sga,4,100L,0.446133686,0.94177312,0.418550638,0.997107229,4.24E-07,0
289,sga_ecoli.wgsim_raw_rl__100_cov_4_22.corrected.fastq,run.sga.sh,22,31446,113972,42099,7,1224,12,2,188760,39414,18780181,54452,16,1924,25,2,0,18876014,Sga,4,100L,0.419896448,0.952880594,0.399132806,0.997011074,1.06E-07,0
290,sga_ecoli.wgsim_raw_rl__100_cov_4_24.corrected.fastq,run.sga.sh,24,29598,114026,43985,8,1137,6,0,188760,36994,18780402,56870,18,1710,12,0,0,18876006,Sga,4,100L,0.394123413,0.955522265,0.375777721,0.996895,0,
291,sga_ecoli.wgsim_raw_rl__100_cov_4_26.corrected.fastq,run.sga.sh,26,27646,114075,45967,6,1057,9,1,188760,34422,18780582,59447,13,1527,17,1,0,18876009,Sga,4,100L,0.366702532,0.957070567,0.350254077,0.99676812,5.30E-08,0
292,sga_ecoli.wgsim_raw_rl__100_cov_4_28.corrected.fastq,run.sga.sh,28,25744,114105,47899,5,998,9,3,188760,31967,18780574,61902,13,1533,19,3,0,18876011,Sga,4,100L,0.340549063,0.953697903,0.324015383,0.996637531,1.59E-07,0
293,sga_ecoli.wgsim_raw_rl__100_cov_4_30.corrected.fastq,run.sga.sh,30,23830,114146,49825,5,943,11,5,188760,29500,18780657,64368,14,1445,26,6,0,18876016,Sga,4,100L,0.314271104,0.952503955,0.298600162,0.996510969,3.18E-07,0
294,sga_ecoli.wgsim_raw_rl__100_cov_8_20.corrected.fastq,run.sga.sh,20,135433,227563,12499,30,1982,13,6,377520,172028,37560569,16797,45,2532,45,15,0,37752031,Sga,8,100L,0.911044618,0.985240972,0.897397061,0.99948522,3.97E-07,0
295,sga_ecoli.wgsim_raw_rl__100_cov_8_22.corrected.fastq,run.sga.sh,22,133775,227577,14230,30,1904,4,4,377520,169732,37561016,19102,36,2101,13,13,0,37752013,Sga,8,100L,0.898842369,0.987698288,0.887647352,0.999436719,3.44E-07,0
296,sga_ecoli.wgsim_raw_rl__100_cov_8_24.corrected.fastq,run.sga.sh,24,131661,227562,16321,27,1944,5,3,377520,166899,37560984,21940,31,2133,16,10,0,37752013,Sga,8,100L,0.883816373,0.987287634,0.872436308,0.999360829,2.65E-07,0
297,sga_ecoli.wgsim_raw_rl__100_cov_8_26.corrected.fastq,run.sga.sh,26,129294,227536,18673,27,1985,5,3,377520,163688,37560950,25151,31,2167,16,10,0,37752013,Sga,8,100L,0.86681247,0.98683917,0.855252358,0.999274873,2.65E-07,0
298,sga_ecoli.wgsim_raw_rl__100_cov_8_28.corrected.fastq,run.sga.sh,28,126526,227514,21399,27,2050,4,2,377520,160043,37560906,28795,32,2217,10,4,0,37752007,Sga,8,100L,0.847514801,0.98627596,0.835721624,0.999177315,1.06E-07,0
299,sga_ecoli.wgsim_raw_rl__100_cov_8_30.corrected.fastq,run.sga.sh,30,123407,227533,24518,28,2031,3,2,377520,155837,37560942,33000,33,2182,8,4,0,37752006,Sga,8,100L,0.825246112,0.986141609,0.813648808,0.999066884,1.06E-07,0