,EC Filename,Wrapper Name,Kmer Size,Read - TP,Read - TN,Read - FN,Read - FN WRONG,Read - FP,Read - FP INDEL,Total Trimmed Reads,Total Reads,Base - TP,Base - TN,Base - FN,Base - FN WRONG,Base - FP,Base - FP INDEL,Base - FP TRIM,Base - TP TRIM,Total Bases,Tool,Coverage,Length,Base Sensitivity,Base Precision,Base Gain,Base Accuracy,Dataset,Trim Percent,Trim Effeciency,Sample
1,bfc_SRR1543964_raw_20.corrected.fastq.gz,run.bfc.sh,20,2355,39832,4238,131,144,0,0,46700,5170,11100931,8205,140,155,0,0,0,11114601,Bfc,NA,100,0.386542056,0.970892019,0.374953271,0.99923524,RSR,0,,SRR1543964
6,bfc_SRR1543965_raw_20.corrected.fastq.gz,run.bfc.sh,20,2465,39991,4021,149,74,0,0,46700,5115,11102813,6433,153,86,0,0,0,11114600,Bfc,NA,100,0.442933841,0.983464718,0.435486664,0.999399708,RSR,0,,SRR1543965
11,bfc_SRR1543966_raw_20.corrected.fastq.gz,run.bfc.sh,20,2069,41379,2796,85,371,0,0,46700,4009,11105671,4444,88,388,0,0,0,11114600,Bfc,NA,100,0.47426949,0.911758017,0.428368627,0.999557339,RSR,0,,SRR1543966
16,bfc_SRR1543967_raw_20.corrected.fastq.gz,run.bfc.sh,20,2114,40991,2611,96,888,0,0,46700,4223,11105220,4136,105,916,0,0,0,11114600,Bfc,NA,100,0.505203972,0.821755205,0.395621486,0.999536016,RSR,0,,SRR1543967
21,bfc_SRR1543968_raw_20.corrected.fastq.gz,run.bfc.sh,20,2360,41321,2868,90,61,0,0,46700,4795,11104715,4923,95,72,0,0,0,11114600,Bfc,NA,100,0.493414283,0.985206493,0.486005351,0.999542044,RSR,0,,SRR1543968
26,bfc_SRR1543969_raw_20.corrected.fastq.gz,run.bfc.sh,20,2788,40107,3471,117,217,0,0,46700,6280,11101054,6912,128,226,0,0,0,11114600,Bfc,NA,100,0.476046089,0.965262834,0.458914494,0.999346265,RSR,0,,SRR1543969
31,bfc_SRR1543970_raw_20.corrected.fastq.gz,run.bfc.sh,20,2421,52881,3871,172,127,0,0,59472,5008,14142498,6483,181,171,0,0,0,14154341,Bfc,NA,100,0.435819337,0.966982043,0.420938125,0.999517109,RSR,0,,SRR1543970
36,bfc_SRR1543971_raw_20.corrected.fastq.gz,run.bfc.sh,20,2698,41786,2151,29,36,0,0,46700,4839,11106336,3348,32,46,0,0,0,11114601,Bfc,NA,100,0.591058996,0.990583419,0.585440332,0.999691757,RSR,0,,SRR1543971
2,bfc_SRR1543964_raw_22.corrected.fastq.gz,run.bfc.sh,22,2552,39833,4016,142,157,0,0,46700,5451,11100920,7921,143,166,0,0,0,11114601,Bfc,NA,100,0.407642836,0.970446858,0.395228836,0.999259533,RSR,0,,SRR1543964
7,bfc_SRR1543965_raw_22.corrected.fastq.gz,run.bfc.sh,22,2535,39991,3978,127,69,0,0,46700,5141,11102813,6430,130,86,0,0,0,11114600,Bfc,NA,100,0.444300406,0.983546968,0.436868032,0.999402048,RSR,0,,SRR1543965
12,bfc_SRR1543966_raw_22.corrected.fastq.gz,run.bfc.sh,22,2267,41379,2605,78,371,0,0,46700,4286,11105678,4174,81,381,0,0,0,11114600,Bfc,NA,100,0.506619385,0.918362974,0.461583924,0.999582891,RSR,0,,SRR1543966
17,bfc_SRR1543967_raw_22.corrected.fastq.gz,run.bfc.sh,22,2251,40991,2483,91,884,0,0,46700,4335,11105220,4032,97,916,0,0,0,11114600,Bfc,NA,100,0.518106848,0.825557037,0.408629138,0.999546093,RSR,0,,SRR1543967
22,bfc_SRR1543968_raw_22.corrected.fastq.gz,run.bfc.sh,22,2397,41321,2849,83,50,0,0,46700,4879,11104728,4849,85,59,0,0,0,11114600,Bfc,NA,100,0.501541941,0.988051843,0.495476974,0.999550771,RSR,0,,SRR1543968
27,bfc_SRR1543969_raw_22.corrected.fastq.gz,run.bfc.sh,22,2958,40107,3315,107,213,0,0,46700,6460,11101054,6748,112,226,0,0,0,11114600,Bfc,NA,100,0.489097517,0.966198026,0.471986675,0.99936246,RSR,0,,SRR1543969
32,bfc_SRR1543970_raw_22.corrected.fastq.gz,run.bfc.sh,22,2634,52881,3669,171,117,0,0,59472,5252,14142507,6232,188,162,0,0,0,14154341,Bfc,NA,100,0.45733194,0.970077577,0.443225357,0.999534984,RSR,0,,SRR1543970
37,bfc_SRR1543971_raw_22.corrected.fastq.gz,run.bfc.sh,22,2867,41786,1990,21,36,0,0,46700,5001,11106330,3195,23,52,0,0,0,11114601,Bfc,NA,100,0.610175695,0.989709084,0.603831137,0.999705792,RSR,0,,SRR1543971
3,bfc_SRR1543964_raw_24.corrected.fastq.gz,run.bfc.sh,24,2540,39833,4038,129,160,0,0,46700,5476,11100915,7905,134,171,0,0,0,11114601,Bfc,NA,100,0.409236978,0.969718435,0.396457664,0.999261332,RSR,0,,SRR1543964
8,bfc_SRR1543965_raw_24.corrected.fastq.gz,run.bfc.sh,24,2595,39991,3910,133,71,0,0,46700,5232,11102814,6332,137,85,0,0,0,11114600,Bfc,NA,100,0.452438603,0.984013541,0.445088205,0.999410325,RSR,0,,SRR1543965
13,bfc_SRR1543966_raw_24.corrected.fastq.gz,run.bfc.sh,24,2331,41379,2531,86,373,0,0,46700,4328,11105674,4124,89,385,0,0,0,11114600,Bfc,NA,100,0.51206815,0.918311055,0.466516801,0.99958631,RSR,0,,SRR1543966
18,bfc_SRR1543967_raw_24.corrected.fastq.gz,run.bfc.sh,24,2317,41234,2435,82,632,0,0,46700,4387,11105483,3990,87,653,0,0,0,11114600,Bfc,NA,100,0.523695834,0.870436508,0.4457443,0.999574434,RSR,0,,SRR1543967
23,bfc_SRR1543968_raw_24.corrected.fastq.gz,run.bfc.sh,24,2459,41320,2777,72,72,0,0,46700,4909,11104697,4830,74,90,0,0,0,11114600,Bfc,NA,100,0.504055858,0.981996399,0.494814663,0.999550681,RSR,0,,SRR1543968
28,bfc_SRR1543969_raw_24.corrected.fastq.gz,run.bfc.sh,24,3014,40107,3232,100,247,0,0,46700,6502,11101010,6711,107,270,0,0,0,11114600,Bfc,NA,100,0.492091122,0.960129947,0.471656702,0.99936228,RSR,0,,SRR1543969
33,bfc_SRR1543970_raw_24.corrected.fastq.gz,run.bfc.sh,24,2616,52881,3722,142,111,0,0,59472,5229,14142506,6293,150,163,0,0,0,14154341,Bfc,NA,100,0.453827461,0.96977003,0.439680611,0.999533288,RSR,0,,SRR1543970
38,bfc_SRR1543971_raw_24.corrected.fastq.gz,run.bfc.sh,24,2859,41786,1997,20,38,0,0,46700,5050,11106337,3148,21,45,0,0,0,11114601,Bfc,NA,100,0.616003903,0.991167812,0.61051476,0.999710831,RSR,0,,SRR1543971
4,bfc_SRR1543964_raw_26.corrected.fastq.gz,run.bfc.sh,26,2553,39833,4005,134,175,0,0,46700,5512,11100903,7866,137,183,0,0,0,11114601,Bfc,NA,100,0.412019734,0.96786655,0.398340559,0.999263491,RSR,0,,SRR1543964
9,bfc_SRR1543965_raw_26.corrected.fastq.gz,run.bfc.sh,26,2671,39991,3876,100,62,0,0,46700,5325,11102825,6270,106,74,0,0,0,11114600,Bfc,NA,100,0.459249677,0.986293758,0.452867615,0.999419682,RSR,0,,SRR1543965
14,bfc_SRR1543966_raw_26.corrected.fastq.gz,run.bfc.sh,26,2299,41379,2564,91,367,0,0,46700,4386,11105681,4062,93,378,0,0,0,11114600,Bfc,NA,100,0.519176136,0.920654912,0.474431818,0.999592158,RSR,0,,SRR1543966
19,bfc_SRR1543967_raw_26.corrected.fastq.gz,run.bfc.sh,26,2342,41233,2420,78,627,0,0,46700,4476,11105492,3904,84,644,0,0,0,11114600,Bfc,NA,100,0.534128878,0.87421875,0.457279236,0.999583251,RSR,0,,SRR1543967
24,bfc_SRR1543968_raw_26.corrected.fastq.gz,run.bfc.sh,26,2465,41320,2774,74,67,0,0,46700,4958,11104706,4778,77,81,0,0,0,11114600,Bfc,NA,100,0.509244043,0.983925382,0.500924404,0.999555899,RSR,0,,SRR1543968
29,bfc_SRR1543969_raw_26.corrected.fastq.gz,run.bfc.sh,26,3005,40108,3276,89,222,0,0,46700,6585,11101041,6637,98,239,0,0,0,11114600,Bfc,NA,100,0.49803358,0.964976553,0.479957646,0.999372537,RSR,0,,SRR1543969
34,bfc_SRR1543970_raw_26.corrected.fastq.gz,run.bfc.sh,26,2648,52881,3677,145,121,0,0,59472,5285,14142489,6236,151,180,0,0,0,14154341,Bfc,NA,100,0.458727541,0.967063129,0.443103897,0.999536043,RSR,0,,SRR1543970
39,bfc_SRR1543971_raw_26.corrected.fastq.gz,run.bfc.sh,26,2826,41786,2021,21,46,0,0,46700,5034,11106325,3163,22,57,0,0,0,11114601,Bfc,NA,100,0.61412712,0.988803771,0.607173356,0.999708312,RSR,0,,SRR1543971
5,bfc_SRR1543964_raw_28.corrected.fastq.gz,run.bfc.sh,28,2633,39813,3909,140,205,0,0,46700,5628,11100876,7741,146,210,0,0,0,11114601,Bfc,NA,100,0.420973895,0.964028777,0.405265914,0.999271499,RSR,0,,SRR1543964
10,bfc_SRR1543965_raw_28.corrected.fastq.gz,run.bfc.sh,28,2745,39954,3754,116,131,0,0,46700,5454,11102747,6127,120,152,0,0,0,11114600,Bfc,NA,100,0.470943787,0.972886193,0.457818841,0.999424271,RSR,0,,SRR1543965
15,bfc_SRR1543966_raw_28.corrected.fastq.gz,run.bfc.sh,28,2401,41335,2437,78,449,0,0,46700,4499,11105599,3961,81,460,0,0,0,11114600,Bfc,NA,100,0.53179669,0.907239363,0.477423168,0.999594947,RSR,0,,SRR1543966
20,bfc_SRR1543967_raw_28.corrected.fastq.gz,run.bfc.sh,28,2401,41170,2307,74,748,0,0,46700,4603,11105368,3782,79,768,0,0,0,11114600,Bfc,NA,100,0.54895647,0.857009868,0.457364341,0.999583521,RSR,0,,SRR1543967
25,bfc_SRR1543968_raw_28.corrected.fastq.gz,run.bfc.sh,28,2542,41273,2672,73,140,0,0,46700,5030,11104630,4706,77,157,0,0,0,11114600,Bfc,NA,100,0.516639277,0.969732022,0.500513558,0.99955554,RSR,0,,SRR1543968
30,bfc_SRR1543969_raw_28.corrected.fastq.gz,run.bfc.sh,28,3097,40080,3143,99,281,0,0,46700,6720,11100989,6490,110,291,0,0,0,11114600,Bfc,NA,100,0.508705526,0.958493795,0.48667676,0.999380005,RSR,0,,SRR1543969
35,bfc_SRR1543970_raw_28.corrected.fastq.gz,run.bfc.sh,28,2758,52735,3513,141,325,0,0,59472,5392,14142302,6130,150,367,0,0,0,14154341,Bfc,NA,100,0.46797431,0.936273659,0.436122201,0.999530391,RSR,0,,SRR1543970
40,bfc_SRR1543971_raw_28.corrected.fastq.gz,run.bfc.sh,28,2940,41746,1897,18,99,0,0,46700,5207,11106275,2992,20,107,0,0,0,11114601,Bfc,NA,100,0.635077448,0.979864509,0.622027076,0.999719378,RSR,0,,SRR1543971
41,fiona_SRR1543964_raw_405000.corrected.fastq.gz,run.fiona.sh,0,4391,36708,1490,230,1192,2689,5,46700,10485,11091182,2759,270,7479,5686,7,0,11117868,Fiona,NA,50L,0.791679251,0.443340381,-0.202355784,0.998542796,RSR,6.30E-07,0,SRR1543964
42,fiona_SRR1543965_raw_405000.corrected.fastq.gz,run.fiona.sh,0,4835,37755,1205,158,859,1888,2,46700,9566,11096088,1944,191,5181,4061,2,0,11117033,Fiona,NA,50L,0.831103388,0.508613356,0.028149435,0.998976436,RSR,1.80E-07,0,SRR1543965
43,fiona_SRR1543966_raw_405000.corrected.fastq.gz,run.fiona.sh,0,3930,40381,704,124,537,1024,2,46700,7300,11101471,1090,150,3553,1944,2,0,11115510,Fiona,NA,50L,0.870083433,0.570446198,0.214898689,0.99939373,RSR,1.80E-07,0,SRR1543966
44,fiona_SRR1543967_raw_405000.corrected.fastq.gz,run.fiona.sh,0,3921,39174,543,97,810,2155,1,46700,7336,11098166,1000,127,5785,4198,1,0,11116613,Fiona,NA,50L,0.880038388,0.423581038,-0.317538388,0.999000505,RSR,9.00E-08,0,SRR1543967
45,fiona_SRR1543968_raw_405000.corrected.fastq.gz,run.fiona.sh,0,4170,39543,753,139,685,1410,0,46700,8288,11098783,1368,156,4442,2963,0,0,11116000,Fiona,NA,50L,0.858326429,0.528133563,0.091445733,0.999196743,RSR,0,,SRR1543968
46,fiona_SRR1543969_raw_405000.corrected.fastq.gz,run.fiona.sh,0,4636,37869,1111,200,1215,1669,6,46700,10723,11092989,2350,244,6573,3785,6,0,11116670,Fiona,NA,50L,0.82024019,0.508657085,0.027920141,0.998834363,RSR,5.40E-07,0,SRR1543969
47,fiona_SRR1543970_raw_405000.corrected.fastq.gz,run.fiona.sh,0,5103,50979,920,183,736,1551,8,59472,9659,14135814,1795,212,5170,3676,6,2,14156334,Fiona,NA,50L,0.843286188,0.521967036,0.07097957,0.999232923,RSR,5.65E-07,0.333333333,SRR1543970
48,fiona_SRR1543971_raw_405000.corrected.fastq.gz,run.fiona.sh,0,4100,40281,500,73,599,1147,2,46700,7125,11102134,1006,87,3404,2242,3,0,11116001,Fiona,NA,50L,0.876275981,0.557904628,0.181896446,0.999393487,RSR,2.70E-07,0,SRR1543971
49,lighter_SRR1543964_raw_20.corrected.fastq.gz,run.lighter.sh,20,1850,39825,4836,3,186,0,0,46700,5689,11100789,7819,7,297,0,0,0,11114601,Lighter,NA,100,0.421157832,0.95038423,0.399170862,0.99926916,RSR,0,,SRR1543964
54,lighter_SRR1543965_raw_20.corrected.fastq.gz,run.lighter.sh,20,2978,39955,3607,9,151,0,0,46700,6659,11102606,5023,19,293,0,0,0,11114600,Lighter,NA,100,0.570022256,0.957853855,0.544940935,0.999520001,RSR,0,,SRR1543965
59,lighter_SRR1543966_raw_20.corrected.fastq.gz,run.lighter.sh,20,1853,41329,3071,8,439,0,0,46700,4225,11105536,4307,9,523,0,0,0,11114600,Lighter,NA,100,0.495194562,0.889848357,0.433895921,0.999564627,RSR,0,,SRR1543966
64,lighter_SRR1543967_raw_20.corrected.fastq.gz,run.lighter.sh,20,2012,41231,2828,10,619,0,0,46700,4449,11105446,4005,10,690,0,0,0,11114600,Lighter,NA,100,0.526259759,0.865732633,0.44464159,0.999576683,RSR,0,,SRR1543967
69,lighter_SRR1543968_raw_20.corrected.fastq.gz,run.lighter.sh,20,1976,41283,3301,5,134,1,0,46700,4905,11104498,4899,9,289,1,0,0,11114601,Lighter,NA,100,0.500305998,0.944177093,0.470726234,0.999532327,RSR,0,,SRR1543968
74,lighter_SRR1543969_raw_20.corrected.fastq.gz,run.lighter.sh,20,1522,28059,2858,8,227,0,0,32674,4466,7766985,4649,11,301,0,0,0,7776412,Lighter,NA,100,0.489961602,0.936857562,0.456939111,0.999362045,RSR,0,,SRR1543969
78,lighter_SRR1543970_raw_20.corrected.fastq.gz,run.lighter.sh,20,2188,52881,4270,5,128,0,0,59472,5315,14142378,6350,8,290,0,0,0,14154341,Lighter,NA,100,0.45563652,0.948260482,0.430775825,0.999530321,RSR,0,,SRR1543970
83,lighter_SRR1543971_raw_20.corrected.fastq.gz,run.lighter.sh,20,2716,41689,2133,0,162,0,0,46700,5217,11106183,2997,5,199,0,0,0,11114601,Lighter,NA,100,0.635135135,0.963257016,0.610908206,0.999712,RSR,0,,SRR1543971
50,lighter_SRR1543964_raw_22.corrected.fastq.gz,run.lighter.sh,22,1970,39825,4693,10,202,0,0,46700,5966,11100757,7535,14,329,0,0,0,11114601,Lighter,NA,100,0.441893193,0.947736299,0.417524628,0.999291203,RSR,0,,SRR1543964
55,lighter_SRR1543965_raw_22.corrected.fastq.gz,run.lighter.sh,22,3104,39949,3501,5,141,0,0,46700,6723,11102623,4967,11,276,0,0,0,11114600,Lighter,NA,100,0.575106929,0.960565795,0.551497006,0.999527288,RSR,0,,SRR1543965
60,lighter_SRR1543966_raw_22.corrected.fastq.gz,run.lighter.sh,22,1853,41323,3078,6,440,0,0,46700,4250,11105547,4281,10,512,0,0,0,11114600,Lighter,NA,100,0.498183097,0.89248215,0.438166686,0.999567866,RSR,0,,SRR1543966
65,lighter_SRR1543967_raw_22.corrected.fastq.gz,run.lighter.sh,22,2101,41199,2723,10,667,0,0,46700,4617,11105390,3834,13,746,0,0,0,11114600,Lighter,NA,100,0.546325879,0.860898751,0.458052302,0.99958676,RSR,0,,SRR1543967
70,lighter_SRR1543968_raw_22.corrected.fastq.gz,run.lighter.sh,22,1975,41283,3308,6,128,0,0,46700,4894,11104535,4909,10,252,0,0,0,11114600,Lighter,NA,100,0.499234928,0.951029926,0.473528512,0.999534756,RSR,0,,SRR1543968
75,lighter_SRR1543969_raw_22.corrected.fastq.gz,run.lighter.sh,22,2149,40093,4191,19,248,0,0,46700,6368,11100937,6927,25,343,0,0,0,11114600,Lighter,NA,100,0.478977059,0.948889882,0.453177886,0.999343656,RSR,0,,SRR1543969
79,lighter_SRR1543970_raw_22.corrected.fastq.gz,run.lighter.sh,22,2312,52862,4165,3,130,0,0,59472,5606,14142370,6061,6,298,0,0,0,14154341,Lighter,NA,100,0.480500557,0.949525745,0.45495843,0.999550315,RSR,0,,SRR1543970
84,lighter_SRR1543971_raw_22.corrected.fastq.gz,run.lighter.sh,22,2818,41689,2042,0,151,0,0,46700,5388,11106197,2828,3,185,0,0,0,11114601,Lighter,NA,100,0.655793574,0.966804235,0.633276534,0.999728645,RSR,0,,SRR1543971
51,lighter_SRR1543964_raw_24.corrected.fastq.gz,run.lighter.sh,24,1997,39825,4673,6,199,0,0,46700,5934,11100801,7572,9,285,0,0,0,11114601,Lighter,NA,100,0.439360284,0.954172697,0.418258552,0.999292282,RSR,0,,SRR1543964
56,lighter_SRR1543965_raw_24.corrected.fastq.gz,run.lighter.sh,24,3103,39958,3502,10,127,0,0,46700,6680,11102630,5007,14,269,0,0,0,11114600,Lighter,NA,100,0.571575255,0.961289394,0.548558227,0.999524049,RSR,0,,SRR1543965
61,lighter_SRR1543966_raw_24.corrected.fastq.gz,run.lighter.sh,24,1996,41615,2955,6,128,0,0,46700,4398,11105841,4135,8,218,0,0,0,11114600,Lighter,NA,100,0.515410758,0.952772964,0.489862885,0.999607633,RSR,0,,SRR1543966
66,lighter_SRR1543967_raw_24.corrected.fastq.gz,run.lighter.sh,24,2105,41538,2751,10,296,0,0,46700,4584,11105789,3869,11,347,0,0,0,11114600,Lighter,NA,100,0.542292677,0.929628879,0.501242163,0.999619689,RSR,0,,SRR1543967
71,lighter_SRR1543968_raw_24.corrected.fastq.gz,run.lighter.sh,24,2091,41283,3197,8,121,0,0,46700,5064,11104547,4740,9,240,0,0,0,11114600,Lighter,NA,100,0.516523868,0.954751131,0.492044064,0.999551131,RSR,0,,SRR1543968
76,lighter_SRR1543969_raw_24.corrected.fastq.gz,run.lighter.sh,24,2242,40077,4112,11,258,0,0,46700,6485,11100910,6818,17,370,0,0,0,11114600,Lighter,NA,100,0.487484026,0.946024799,0.459670751,0.999351754,RSR,0,,SRR1543969
80,lighter_SRR1543970_raw_24.corrected.fastq.gz,run.lighter.sh,24,2318,52882,4145,5,122,0,0,59472,5568,14142424,6096,9,244,0,0,0,14154341,Lighter,NA,100,0.477366255,0.958017894,0.456447188,0.999551445,RSR,0,,SRR1543970
85,lighter_SRR1543971_raw_24.corrected.fastq.gz,run.lighter.sh,24,2890,41689,1962,1,158,0,0,46700,5435,11106193,2779,5,189,0,0,0,11114601,Lighter,NA,100,0.661675189,0.966394026,0.638665693,0.999732514,RSR,0,,SRR1543971
52,lighter_SRR1543964_raw_26.corrected.fastq.gz,run.lighter.sh,26,2124,39826,4552,4,194,0,0,46700,6092,11100792,7416,7,294,0,0,0,11114601,Lighter,NA,100,0.450992005,0.953961791,0.429227125,0.999305688,RSR,0,,SRR1543964
57,lighter_SRR1543965_raw_26.corrected.fastq.gz,run.lighter.sh,26,3184,39960,3437,4,115,0,0,46700,6786,11102654,4908,7,245,0,0,0,11114600,Lighter,NA,100,0.580297589,0.965154317,0.559346674,0.999535746,RSR,0,,SRR1543965
62,lighter_SRR1543966_raw_26.corrected.fastq.gz,run.lighter.sh,26,1954,41353,2969,11,413,0,0,46700,4341,11105572,4188,12,487,0,0,0,11114600,Lighter,NA,100,0.508969399,0.899130075,0.45187009,0.999578302,RSR,0,,SRR1543966
67,lighter_SRR1543967_raw_26.corrected.fastq.gz,run.lighter.sh,26,2204,41538,2660,7,291,0,0,46700,4722,11105790,3734,8,346,0,0,0,11114600,Lighter,NA,100,0.558420057,0.931728493,0.517502365,0.999632195,RSR,0,,SRR1543967
72,lighter_SRR1543968_raw_26.corrected.fastq.gz,run.lighter.sh,26,2202,41283,3077,9,129,0,0,46700,5227,11104524,4574,12,263,0,0,0,11114600,Lighter,NA,100,0.533312927,0.952094718,0.506478931,0.999563727,RSR,0,,SRR1543968
81,lighter_SRR1543970_raw_26.corrected.fastq.gz,run.lighter.sh,26,2481,52770,3974,5,242,0,0,59472,5758,14142273,5908,6,396,0,0,0,14154341,Lighter,NA,100,0.493571061,0.935651609,0.459626264,0.9995542,RSR,0,,SRR1543970
86,lighter_SRR1543971_raw_26.corrected.fastq.gz,run.lighter.sh,26,2937,41689,1904,0,170,0,0,46700,5513,11106158,2703,3,224,0,0,0,11114601,Lighter,NA,100,0.67100779,0.960955203,0.643743914,0.999736383,RSR,0,,SRR1543971
53,lighter_SRR1543964_raw_28.corrected.fastq.gz,run.lighter.sh,28,2151,39833,4508,13,195,0,0,46700,6180,11100767,7321,14,319,0,0,0,11114601,Lighter,NA,100,0.457743871,0.950915525,0.434115991,0.999311356,RSR,0,,SRR1543964
58,lighter_SRR1543965_raw_28.corrected.fastq.gz,run.lighter.sh,28,3286,39960,3333,3,118,0,0,46700,6908,11102659,4788,5,240,0,0,0,11114600,Lighter,NA,100,0.590629275,0.966424175,0.570109439,0.999547172,RSR,0,,SRR1543965
63,lighter_SRR1543966_raw_28.corrected.fastq.gz,run.lighter.sh,28,2072,41341,2854,6,426,1,1,46700,4541,11105542,3993,7,516,1,1,0,11114601,Lighter,NA,100,0.532106867,0.897785686,0.471525662,0.999593508,RSR,9.00E-08,0,SRR1543966
68,lighter_SRR1543967_raw_28.corrected.fastq.gz,run.lighter.sh,28,2207,41510,2651,9,323,0,0,46700,4702,11105759,3751,11,377,0,0,0,11114600,Lighter,NA,100,0.556252218,0.92577279,0.511652668,0.999627607,RSR,0,,SRR1543967
73,lighter_SRR1543968_raw_28.corrected.fastq.gz,run.lighter.sh,28,2213,41283,3072,7,125,0,0,46700,5170,11104545,4635,8,242,0,0,0,11114600,Lighter,NA,100,0.527281999,0.955284553,0.502600714,0.999560488,RSR,0,,SRR1543968
77,lighter_SRR1543969_raw_28.corrected.fastq.gz,run.lighter.sh,28,2404,40088,3945,9,254,0,0,46700,6734,11100923,6575,11,357,0,0,0,11114600,Lighter,NA,100,0.505973401,0.949654492,0.479149448,0.999375326,RSR,0,,SRR1543969
82,lighter_SRR1543970_raw_28.corrected.fastq.gz,run.lighter.sh,28,2474,52886,3985,10,117,0,0,59472,5722,14142452,5938,13,216,0,0,0,14154341,Lighter,NA,100,0.490737564,0.963624116,0.472212693,0.999564303,RSR,0,,SRR1543970
87,lighter_SRR1543971_raw_28.corrected.fastq.gz,run.lighter.sh,28,2976,41685,1870,1,168,0,0,46700,5535,11106178,2680,4,204,0,0,0,11114601,Lighter,NA,100,0.673767498,0.964453738,0.648934875,0.999740162,RSR,0,,SRR1543971
88,musket_SRR1543964_raw_20.corrected.fastq.gz,run.musket.sh,20,0,39889,6811,0,0,0,0,46700,0,11101086,13515,0,0,0,0,0,11114601,Musket,NA,100,0,,0,0.998784032,RSR,0,,SRR1543964
93,musket_SRR1543965_raw_20.corrected.fastq.gz,run.musket.sh,20,0,39992,6708,0,0,0,0,46700,0,11102899,11701,0,0,0,0,0,11114600,Musket,NA,100,0,,0,0.998947241,RSR,0,,SRR1543965
98,musket_SRR1543966_raw_20.corrected.fastq.gz,run.musket.sh,20,0,41674,5026,0,0,0,0,46700,0,11106059,8541,0,0,0,0,0,11114600,Musket,NA,100,0,,0,0.999231551,RSR,0,,SRR1543966
103,musket_SRR1543967_raw_20.corrected.fastq.gz,run.musket.sh,20,0,41752,4948,0,0,0,0,46700,0,11106136,8464,0,0,0,0,0,11114600,Musket,NA,100,0,,0,0.999238479,RSR,0,,SRR1543967
108,musket_SRR1543968_raw_20.corrected.fastq.gz,run.musket.sh,20,0,41322,5378,0,0,0,0,46700,0,11104787,9813,0,0,0,0,0,11114600,Musket,NA,100,0,,0,0.999117107,RSR,0,,SRR1543968
113,musket_SRR1543969_raw_20.corrected.fastq.gz,run.musket.sh,20,0,40227,6473,0,0,0,0,46700,0,11101280,13320,0,0,0,0,0,11114600,Musket,NA,100,0,,0,0.998801576,RSR,0,,SRR1543969
118,musket_SRR1543970_raw_20.corrected.fastq.gz,run.musket.sh,20,0,52898,6574,0,0,0,0,59472,0,14142671,11670,0,0,0,0,0,14154341,Musket,NA,100,0,,0,0.999175518,RSR,0,,SRR1543970
123,musket_SRR1543971_raw_20.corrected.fastq.gz,run.musket.sh,20,0,41792,4908,0,0,0,0,46700,0,11106382,8219,0,0,0,0,0,11114601,Musket,NA,100,0,,0,0.999260522,RSR,0,,SRR1543971
89,musket_SRR1543964_raw_22.corrected.fastq.gz,run.musket.sh,22,0,39889,6811,0,0,0,0,46700,0,11101086,13515,0,0,0,0,0,11114601,Musket,NA,100,0,,0,0.998784032,RSR,0,,SRR1543964
94,musket_SRR1543965_raw_22.corrected.fastq.gz,run.musket.sh,22,0,39992,6708,0,0,0,0,46700,0,11102899,11701,0,0,0,0,0,11114600,Musket,NA,100,0,,0,0.998947241,RSR,0,,SRR1543965
99,musket_SRR1543966_raw_22.corrected.fastq.gz,run.musket.sh,22,0,41674,5026,0,0,0,0,46700,0,11106059,8541,0,0,0,0,0,11114600,Musket,NA,100,0,,0,0.999231551,RSR,0,,SRR1543966
104,musket_SRR1543967_raw_22.corrected.fastq.gz,run.musket.sh,22,0,41752,4948,0,0,0,0,46700,0,11106136,8464,0,0,0,0,0,11114600,Musket,NA,100,0,,0,0.999238479,RSR,0,,SRR1543967
109,musket_SRR1543968_raw_22.corrected.fastq.gz,run.musket.sh,22,0,41322,5378,0,0,0,0,46700,0,11104787,9813,0,0,0,0,0,11114600,Musket,NA,100,0,,0,0.999117107,RSR,0,,SRR1543968
114,musket_SRR1543969_raw_22.corrected.fastq.gz,run.musket.sh,22,0,40227,6473,0,0,0,0,46700,0,11101280,13320,0,0,0,0,0,11114600,Musket,NA,100,0,,0,0.998801576,RSR,0,,SRR1543969
119,musket_SRR1543970_raw_22.corrected.fastq.gz,run.musket.sh,22,0,52898,6574,0,0,0,0,59472,0,14142671,11670,0,0,0,0,0,14154341,Musket,NA,100,0,,0,0.999175518,RSR,0,,SRR1543970
124,musket_SRR1543971_raw_22.corrected.fastq.gz,run.musket.sh,22,0,41792,4908,0,0,0,0,46700,0,11106382,8219,0,0,0,0,0,11114601,Musket,NA,100,0,,0,0.999260522,RSR,0,,SRR1543971
90,musket_SRR1543964_raw_24.corrected.fastq.gz,run.musket.sh,24,0,39889,6811,0,0,0,0,46700,0,11101086,13515,0,0,0,0,0,11114601,Musket,NA,100,0,,0,0.998784032,RSR,0,,SRR1543964
95,musket_SRR1543965_raw_24.corrected.fastq.gz,run.musket.sh,24,0,39992,6708,0,0,0,0,46700,0,11102899,11701,0,0,0,0,0,11114600,Musket,NA,100,0,,0,0.998947241,RSR,0,,SRR1543965
100,musket_SRR1543966_raw_24.corrected.fastq.gz,run.musket.sh,24,0,41674,5026,0,0,0,0,46700,0,11106059,8541,0,0,0,0,0,11114600,Musket,NA,100,0,,0,0.999231551,RSR,0,,SRR1543966
105,musket_SRR1543967_raw_24.corrected.fastq.gz,run.musket.sh,24,0,41752,4948,0,0,0,0,46700,0,11106136,8464,0,0,0,0,0,11114600,Musket,NA,100,0,,0,0.999238479,RSR,0,,SRR1543967
110,musket_SRR1543968_raw_24.corrected.fastq.gz,run.musket.sh,24,0,41322,5378,0,0,0,0,46700,0,11104787,9813,0,0,0,0,0,11114600,Musket,NA,100,0,,0,0.999117107,RSR,0,,SRR1543968
115,musket_SRR1543969_raw_24.corrected.fastq.gz,run.musket.sh,24,0,40227,6473,0,0,0,0,46700,0,11101280,13320,0,0,0,0,0,11114600,Musket,NA,100,0,,0,0.998801576,RSR,0,,SRR1543969
120,musket_SRR1543970_raw_24.corrected.fastq.gz,run.musket.sh,24,0,52898,6574,0,0,0,0,59472,0,14142671,11670,0,0,0,0,0,14154341,Musket,NA,100,0,,0,0.999175518,RSR,0,,SRR1543970
125,musket_SRR1543971_raw_24.corrected.fastq.gz,run.musket.sh,24,0,41792,4908,0,0,0,0,46700,0,11106382,8219,0,0,0,0,0,11114601,Musket,NA,100,0,,0,0.999260522,RSR,0,,SRR1543971
91,musket_SRR1543964_raw_26.corrected.fastq.gz,run.musket.sh,26,0,39889,6811,0,0,0,0,46700,0,11101086,13515,0,0,0,0,0,11114601,Musket,NA,100,0,,0,0.998784032,RSR,0,,SRR1543964
96,musket_SRR1543965_raw_26.corrected.fastq.gz,run.musket.sh,26,0,39992,6708,0,0,0,0,46700,0,11102899,11701,0,0,0,0,0,11114600,Musket,NA,100,0,,0,0.998947241,RSR,0,,SRR1543965
101,musket_SRR1543966_raw_26.corrected.fastq.gz,run.musket.sh,26,0,41674,5026,0,0,0,0,46700,0,11106059,8541,0,0,0,0,0,11114600,Musket,NA,100,0,,0,0.999231551,RSR,0,,SRR1543966
106,musket_SRR1543967_raw_26.corrected.fastq.gz,run.musket.sh,26,0,41752,4948,0,0,0,0,46700,0,11106136,8464,0,0,0,0,0,11114600,Musket,NA,100,0,,0,0.999238479,RSR,0,,SRR1543967
111,musket_SRR1543968_raw_26.corrected.fastq.gz,run.musket.sh,26,0,41322,5378,0,0,0,0,46700,0,11104787,9813,0,0,0,0,0,11114600,Musket,NA,100,0,,0,0.999117107,RSR,0,,SRR1543968
116,musket_SRR1543969_raw_26.corrected.fastq.gz,run.musket.sh,26,0,40227,6473,0,0,0,0,46700,0,11101280,13320,0,0,0,0,0,11114600,Musket,NA,100,0,,0,0.998801576,RSR,0,,SRR1543969
121,musket_SRR1543970_raw_26.corrected.fastq.gz,run.musket.sh,26,0,52898,6574,0,0,0,0,59472,0,14142671,11670,0,0,0,0,0,14154341,Musket,NA,100,0,,0,0.999175518,RSR,0,,SRR1543970
126,musket_SRR1543971_raw_26.corrected.fastq.gz,run.musket.sh,26,0,41792,4908,0,0,0,0,46700,0,11106382,8219,0,0,0,0,0,11114601,Musket,NA,100,0,,0,0.999260522,RSR,0,,SRR1543971
92,musket_SRR1543964_raw_28.corrected.fastq.gz,run.musket.sh,28,0,39889,6811,0,0,0,0,46700,0,11101086,13515,0,0,0,0,0,11114601,Musket,NA,100,0,,0,0.998784032,RSR,0,,SRR1543964
97,musket_SRR1543965_raw_28.corrected.fastq.gz,run.musket.sh,28,0,39992,6708,0,0,0,0,46700,0,11102899,11701,0,0,0,0,0,11114600,Musket,NA,100,0,,0,0.998947241,RSR,0,,SRR1543965
102,musket_SRR1543966_raw_28.corrected.fastq.gz,run.musket.sh,28,0,41674,5026,0,0,0,0,46700,0,11106059,8541,0,0,0,0,0,11114600,Musket,NA,100,0,,0,0.999231551,RSR,0,,SRR1543966
107,musket_SRR1543967_raw_28.corrected.fastq.gz,run.musket.sh,28,0,41752,4948,0,0,0,0,46700,0,11106136,8464,0,0,0,0,0,11114600,Musket,NA,100,0,,0,0.999238479,RSR,0,,SRR1543967
112,musket_SRR1543968_raw_28.corrected.fastq.gz,run.musket.sh,28,0,41322,5378,0,0,0,0,46700,0,11104787,9813,0,0,0,0,0,11114600,Musket,NA,100,0,,0,0.999117107,RSR,0,,SRR1543968
117,musket_SRR1543969_raw_28.corrected.fastq.gz,run.musket.sh,28,0,40227,6473,0,0,0,0,46700,0,11101280,13320,0,0,0,0,0,11114600,Musket,NA,100,0,,0,0.998801576,RSR,0,,SRR1543969
122,musket_SRR1543970_raw_28.corrected.fastq.gz,run.musket.sh,28,0,52898,6574,0,0,0,0,59472,0,14142671,11670,0,0,0,0,0,14154341,Musket,NA,100,0,,0,0.999175518,RSR,0,,SRR1543970
127,musket_SRR1543971_raw_28.corrected.fastq.gz,run.musket.sh,28,0,41792,4908,0,0,0,0,46700,0,11106382,8219,0,0,0,0,0,11114601,Musket,NA,100,0,,0,0.999260522,RSR,0,,SRR1543971
128,racer_SRR1543964_raw_405000.corrected.fastq.gz,run.racer.sh,0,5204,39257,1172,2,342,723,93,46700,11463,11074394,1930,122,20028,12323,1046,0,11121306,Racer,NA,50L,0.85589487,0.261628703,-1.559620697,0.996812515,RSR,9.41E-05,0,SRR1543964
129,racer_SRR1543965_raw_405000.corrected.fastq.gz,run.racer.sh,0,5281,39127,1059,0,428,805,155,46700,9982,11071248,1597,122,24104,13468,1683,0,11122204,Racer,NA,50L,0.8620779,0.209908735,-2.382761897,0.996316018,RSR,0.000151319,0,SRR1543965
130,racer_SRR1543966_raw_405000.corrected.fastq.gz,run.racer.sh,0,4225,41206,582,0,234,453,73,46700,7643,11090410,869,29,12219,6433,439,0,11118042,Racer,NA,50L,0.897908835,0.290663624,-1.293350564,0.998202111,RSR,3.95E-05,0,SRR1543966
131,racer_SRR1543967_raw_405000.corrected.fastq.gz,run.racer.sh,0,4361,41167,389,0,250,533,65,46700,7788,11086841,645,31,14661,8840,449,0,11119255,Racer,NA,50L,0.923514763,0.248905366,-1.863275228,0.997785283,RSR,4.04E-05,0,SRR1543967
132,racer_SRR1543968_raw_405000.corrected.fastq.gz,run.racer.sh,0,4407,40747,700,0,215,631,91,46700,8630,11082634,1115,68,17000,9897,442,0,11119786,Racer,NA,50L,0.88558235,0.24291384,-1.874499743,0.997435023,RSR,3.97E-05,0,SRR1543968
133,racer_SRR1543969_raw_405000.corrected.fastq.gz,run.racer.sh,0,5309,39773,836,1,256,525,81,46700,11667,11082905,1561,92,13216,9918,439,0,11119798,Racer,NA,50L,0.881992743,0.335248987,-0.866873299,0.997731434,RSR,3.95E-05,0,SRR1543969
134,racer_SRR1543970_raw_405000.corrected.fastq.gz,run.racer.sh,0,5613,52308,648,1,266,636,63,59472,10483,14119035,1107,82,17810,11121,566,0,14160204,Racer,NA,50L,0.904486626,0.265971482,-1.591716997,0.997832941,RSR,4.00E-05,0,SRR1543970
135,racer_SRR1543971_raw_405000.corrected.fastq.gz,run.racer.sh,0,4225,40968,456,0,293,758,71,46700,7337,11078568,820,62,21324,12373,642,0,11121126,Racer,NA,50L,0.899472845,0.178802944,-3.231580238,0.996832965,RSR,5.77E-05,0,SRR1543971
136,reckoner_SRR1543964_raw_20.corrected.fastq.gz,run.reckoner.sh,20,1103,39889,5456,5,80,167,48,46700,3177,11090741,10165,166,8146,4129,319,7,11116850,Reckoner,NA,100,0.238120222,0.205604452,-0.681906761,0.997937814,RSR,2.93E-05,0.021943574,SRR1543964
141,reckoner_SRR1543965_raw_20.corrected.fastq.gz,run.reckoner.sh,20,1592,39992,4942,3,55,116,33,46700,3510,11096497,8081,102,4926,2744,242,8,11116110,Reckoner,NA,100,0.302821154,0.313953488,-0.358899146,0.9985521,RSR,2.25E-05,0.033057851,SRR1543965
146,reckoner_SRR1543966_raw_20.corrected.fastq.gz,run.reckoner.sh,20,1206,41673,3699,8,40,74,21,46700,2572,11101531,5893,71,3513,1850,199,5,11115634,Reckoner,NA,100,0.303839338,0.324133585,-0.329710573,0.998963082,RSR,1.84E-05,0.025125628,SRR1543966
151,reckoner_SRR1543967_raw_20.corrected.fastq.gz,run.reckoner.sh,20,1281,41751,3518,1,69,80,23,46700,2809,11101061,5606,47,4065,1877,155,2,11115622,Reckoner,NA,100,0.333808675,0.320991887,-0.372311349,0.998942929,RSR,1.41E-05,0.012903226,SRR1543967
156,reckoner_SRR1543968_raw_20.corrected.fastq.gz,run.reckoner.sh,20,1200,41322,4034,6,38,100,30,46700,2829,11098918,6872,108,4564,2429,212,4,11115936,Reckoner,NA,100,0.291619421,0.288026878,-0.4292341,0.998723904,RSR,1.94E-05,0.018867925,SRR1543968
161,reckoner_SRR1543969_raw_20.corrected.fastq.gz,run.reckoner.sh,20,1323,40226,4945,7,58,141,52,46700,3788,11093457,9348,165,6246,2851,359,19,11116233,Reckoner,NA,100,0.288367844,0.293985254,-0.404156516,0.998293574,RSR,3.40E-05,0.052924791,SRR1543969
166,reckoner_SRR1543970_raw_20.corrected.fastq.gz,run.reckoner.sh,20,1236,52898,5144,10,77,107,29,59472,2871,14136190,8665,128,5049,2735,167,6,14155811,Reckoner,NA,100,0.248873093,0.269450962,-0.425884189,0.998817164,RSR,1.22E-05,0.035928144,SRR1543970
171,reckoner_SRR1543971_raw_20.corrected.fastq.gz,run.reckoner.sh,20,1989,41792,2835,5,32,47,15,46700,3676,11103789,4450,89,2017,1095,83,4,11115203,Reckoner,NA,100,0.452375092,0.541543901,0.069406842,0.999304196,RSR,7.83E-06,0.048192771,SRR1543971
137,reckoner_SRR1543964_raw_22.corrected.fastq.gz,run.reckoner.sh,22,1158,39889,5434,16,57,146,40,46700,3256,11093090,10125,130,6274,3204,280,4,11116363,Reckoner,NA,100,0.243330095,0.255693419,-0.464987669,0.99819968,RSR,2.55E-05,0.014285714,SRR1543964
142,reckoner_SRR1543965_raw_22.corrected.fastq.gz,run.reckoner.sh,22,1635,39992,4901,5,54,113,37,46700,3520,11096323,8059,117,5244,2486,217,5,11115971,Reckoner,NA,100,0.303998618,0.312888889,-0.363589256,0.998549564,RSR,2.00E-05,0.023041475,SRR1543965
147,reckoner_SRR1543966_raw_22.corrected.fastq.gz,run.reckoner.sh,22,1252,41673,3659,5,45,66,17,46700,2643,11101712,5837,56,3474,1597,164,5,11115488,Reckoner,NA,100,0.311674528,0.342623801,-0.286320755,0.998998874,RSR,1.52E-05,0.030487805,SRR1543966
152,reckoner_SRR1543967_raw_22.corrected.fastq.gz,run.reckoner.sh,22,1304,41751,3505,5,56,79,30,46700,2831,11101286,5567,63,3813,1920,174,3,11115657,Reckoner,NA,100,0.337104072,0.330569827,-0.345558466,0.998962094,RSR,1.59E-05,0.017241379,SRR1543967
157,reckoner_SRR1543968_raw_22.corrected.fastq.gz,run.reckoner.sh,22,1260,41322,3974,6,38,100,31,46700,2949,11098910,6784,80,4710,2148,202,0,11115783,Reckoner,NA,100,0.302989828,0.300703579,-0.401623343,0.998747367,RSR,1.82E-05,0,SRR1543968
162,reckoner_SRR1543969_raw_22.corrected.fastq.gz,run.reckoner.sh,22,1378,40226,4901,9,53,133,52,46700,3830,11094499,9326,146,5288,2656,382,18,11116145,Reckoner,NA,100,0.291121922,0.325293019,-0.31270903,0.998398903,RSR,3.60E-05,0.047120419,SRR1543969
167,reckoner_SRR1543970_raw_22.corrected.fastq.gz,run.reckoner.sh,22,1286,52898,5114,11,62,101,26,59472,2945,14137100,8610,111,4304,2402,165,4,14155641,Reckoner,NA,100,0.254868023,0.305149725,-0.325486802,0.998898531,RSR,1.19E-05,0.024242424,SRR1543970
172,reckoner_SRR1543971_raw_22.corrected.fastq.gz,run.reckoner.sh,22,2025,41792,2807,6,24,46,16,46700,3711,11103915,4426,79,1868,1105,119,3,11115226,Reckoner,NA,100,0.456064889,0.555206463,0.090696817,0.999316523,RSR,1.10E-05,0.025210084,SRR1543971
138,reckoner_SRR1543964_raw_24.corrected.fastq.gz,run.reckoner.sh,24,1215,39889,5410,13,50,123,27,46700,3276,11094212,10127,111,5285,2995,217,1,11116224,Reckoner,NA,100,0.24442289,0.283489097,-0.37334925,0.998314625,RSR,1.96E-05,0.004608295,SRR1543964
143,reckoner_SRR1543965_raw_24.corrected.fastq.gz,run.reckoner.sh,24,1698,39992,4863,4,44,99,30,46700,3575,11097536,8027,95,4168,2208,209,4,11115822,Reckoner,NA,100,0.308136528,0.359260376,-0.241423892,0.99867693,RSR,1.92E-05,0.019138756,SRR1543965
148,reckoner_SRR1543966_raw_24.corrected.fastq.gz,run.reckoner.sh,24,1291,41673,3630,6,34,66,18,46700,2682,11101817,5794,61,3365,1637,135,4,11115495,Reckoner,NA,100,0.316422841,0.34903696,-0.273714016,0.99901111,RSR,1.25E-05,0.02962963,SRR1543966
153,reckoner_SRR1543967_raw_24.corrected.fastq.gz,run.reckoner.sh,24,1329,41751,3494,3,50,73,27,46700,2844,11101792,5574,46,3383,1737,195,2,11115573,Reckoner,NA,100,0.33784747,0.357106981,-0.27037301,0.999016245,RSR,1.77E-05,0.01025641,SRR1543967
158,reckoner_SRR1543968_raw_24.corrected.fastq.gz,run.reckoner.sh,24,1304,41322,3943,5,35,91,28,46700,2936,11099593,6816,60,4044,2149,168,1,11115767,Reckoner,NA,100,0.301066448,0.321612444,-0.333982773,0.998809169,RSR,1.52E-05,0.005952381,SRR1543968
163,reckoner_SRR1543969_raw_24.corrected.fastq.gz,run.reckoner.sh,24,1423,40226,4868,6,47,130,44,46700,3826,11094831,9339,146,5067,2555,253,9,11116026,Reckoner,NA,100,0.290619066,0.334206848,-0.288340296,0.99843829,RSR,2.36E-05,0.035573123,SRR1543969
168,reckoner_SRR1543970_raw_24.corrected.fastq.gz,run.reckoner.sh,24,1324,52898,5080,10,66,94,22,59472,2953,14137212,8615,100,4300,2235,106,2,14155523,Reckoner,NA,100,0.255273167,0.311235245,-0.309647303,0.998915194,RSR,7.63E-06,0.018867925,SRR1543970
173,reckoner_SRR1543971_raw_24.corrected.fastq.gz,run.reckoner.sh,24,2027,41792,2806,6,23,46,13,46700,3677,11103746,4464,76,2076,1062,84,2,11115187,Reckoner,NA,100,0.451664415,0.539545121,0.066208083,0.999301676,RSR,7.74E-06,0.023809524,SRR1543971
139,reckoner_SRR1543964_raw_26.corrected.fastq.gz,run.reckoner.sh,26,1237,39889,5393,10,53,118,33,46700,3300,11094104,10115,96,5406,2912,271,4,11116208,Reckoner,NA,100,0.245993291,0.284042004,-0.374058889,0.998308775,RSR,2.47E-05,0.014760148,SRR1543964
144,reckoner_SRR1543965_raw_26.corrected.fastq.gz,run.reckoner.sh,26,1735,39992,4840,5,46,82,37,46700,3642,11098360,7970,85,3514,1775,304,4,11115654,Reckoner,NA,100,0.313641061,0.40779308,-0.141836032,0.998772182,RSR,2.77E-05,0.013157895,SRR1543965
149,reckoner_SRR1543966_raw_26.corrected.fastq.gz,run.reckoner.sh,26,1338,41673,3603,6,27,53,16,46700,2730,11102996,5764,42,2431,1203,75,5,11115246,Reckoner,NA,100,0.321403344,0.428975487,-0.106428067,0.999143968,RSR,7.20E-06,0.066666667,SRR1543966
154,reckoner_SRR1543967_raw_26.corrected.fastq.gz,run.reckoner.sh,26,1367,41751,3459,2,47,74,22,46700,2893,11101820,5512,57,3379,1743,148,2,11115554,Reckoner,NA,100,0.344199881,0.360948222,-0.265199286,0.99902488,RSR,1.35E-05,0.013513514,SRR1543967
159,reckoner_SRR1543968_raw_26.corrected.fastq.gz,run.reckoner.sh,26,1357,41322,3903,7,29,82,29,46700,2999,11100499,6744,69,3265,1868,201,1,11115646,Reckoner,NA,100,0.307810736,0.368789966,-0.219029046,0.998907216,RSR,1.82E-05,0.004975124,SRR1543968
164,reckoner_SRR1543969_raw_26.corrected.fastq.gz,run.reckoner.sh,26,1464,40226,4841,3,38,128,40,46700,3853,11094845,9325,128,5094,2418,313,14,11115990,Reckoner,NA,100,0.292381241,0.339023317,-0.277659736,0.998445661,RSR,2.94E-05,0.044728435,SRR1543969
169,reckoner_SRR1543970_raw_26.corrected.fastq.gz,run.reckoner.sh,26,1390,52898,5011,12,61,100,26,59472,3043,14136542,8521,102,4904,2363,116,4,14155595,Reckoner,NA,100,0.263144241,0.295150339,-0.365271532,0.998869281,RSR,8.48E-06,0.034482759,SRR1543970
174,reckoner_SRR1543971_raw_26.corrected.fastq.gz,run.reckoner.sh,26,2031,41792,2797,6,29,45,16,46700,3684,11103747,4445,91,1978,1251,83,3,11115282,Reckoner,NA,100,0.453192275,0.532909012,0.055972444,0.999293945,RSR,7.74E-06,0.036144578,SRR1543971
140,reckoner_SRR1543964_raw_28.corrected.fastq.gz,run.reckoner.sh,28,1267,39889,5370,12,56,106,29,46700,3283,11095491,10122,109,4290,2420,230,1,11115946,Reckoner,NA,100,0.244908616,0.328529971,-0.255650877,0.998455282,RSR,2.08E-05,0.004347826,SRR1543964
145,reckoner_SRR1543965_raw_28.corrected.fastq.gz,run.reckoner.sh,28,1759,39992,4814,5,34,96,32,46700,3599,11097631,8025,72,4024,2272,236,5,11115864,Reckoner,NA,100,0.309618032,0.36371905,-0.232019959,0.998683952,RSR,2.17E-05,0.021186441,SRR1543965
150,reckoner_SRR1543966_raw_28.corrected.fastq.gz,run.reckoner.sh,28,1375,41673,3578,6,21,47,17,46700,2738,11103526,5754,48,1976,1038,88,1,11115169,Reckoner,NA,100,0.322421102,0.476008345,-0.032501178,0.999198932,RSR,8.01E-06,0.011363636,SRR1543966
155,reckoner_SRR1543967_raw_28.corrected.fastq.gz,run.reckoner.sh,28,1393,41751,3435,2,49,70,15,46700,2864,11102058,5540,58,3187,1694,105,2,11115508,Reckoner,NA,100,0.3407901,0.369786959,-0.24000476,0.999047817,RSR,9.63E-06,0.019047619,SRR1543967
160,reckoner_SRR1543968_raw_28.corrected.fastq.gz,run.reckoner.sh,28,1400,41322,3859,8,28,83,31,46700,3034,11100591,6706,72,3244,1728,192,1,11115568,Reckoner,NA,100,0.311498973,0.378965776,-0.198973306,0.998925651,RSR,1.74E-05,0.005208333,SRR1543968
165,reckoner_SRR1543969_raw_28.corrected.fastq.gz,run.reckoner.sh,28,1491,40226,4833,8,31,111,38,46700,3835,11096290,9359,109,3815,2181,220,17,11115826,Reckoner,NA,100,0.290662422,0.390092564,-0.16378657,0.998589037,RSR,2.13E-05,0.077272727,SRR1543969
170,reckoner_SRR1543970_raw_28.corrected.fastq.gz,run.reckoner.sh,28,1402,52898,5019,10,61,82,24,59472,2991,14138054,8589,87,3678,1757,143,3,14155302,Reckoner,NA,100,0.258290155,0.354972704,-0.211053541,0.998993027,RSR,1.03E-05,0.020979021,SRR1543970
175,reckoner_SRR1543971_raw_28.corrected.fastq.gz,run.reckoner.sh,28,2031,41792,2799,10,24,44,9,46700,3634,11104055,4506,83,1853,911,54,0,11115096,Reckoner,NA,100,0.446437346,0.567989997,0.106879607,0.999333609,RSR,4.86E-06,0,SRR1543971
176,sga_SRR1543964_raw_20.corrected.fastq.gz,run.sga.sh,20,323,39889,6407,4,76,1,1,46700,1589,11100777,11905,21,307,2,2,0,11114603,Sga,NA,100,0.11775604,0.83719705,0.094856973,0.998899016,RSR,1.80E-07,0,SRR1543964
181,sga_SRR1543965_raw_20.corrected.fastq.gz,run.sga.sh,20,708,39992,5963,1,35,1,0,46700,1955,11102777,9737,9,118,8,0,0,11114604,Sga,NA,100,0.167208348,0.939452186,0.156431748,0.999111799,RSR,0,,SRR1543965
186,sga_SRR1543966_raw_20.corrected.fastq.gz,run.sga.sh,20,406,41674,4592,1,25,2,2,46700,1220,11105983,7315,6,72,4,4,0,11114604,Sga,NA,100,0.142940832,0.941358025,0.134036321,0.999334119,RSR,3.60E-07,0,SRR1543966
191,sga_SRR1543967_raw_20.corrected.fastq.gz,run.sga.sh,20,574,41752,4333,1,40,0,0,46700,1512,11106009,6950,2,127,0,0,0,11114600,Sga,NA,100,0.178681163,0.922513728,0.163672891,0.99936309,RSR,0,,SRR1543967
196,sga_SRR1543968_raw_20.corrected.fastq.gz,run.sga.sh,20,408,41322,4922,1,46,1,0,46700,1424,11104609,8381,8,175,6,0,0,11114603,Sga,NA,100,0.145232024,0.887227414,0.126772055,0.999228942,RSR,0,,SRR1543968
201,sga_SRR1543969_raw_20.corrected.fastq.gz,run.sga.sh,20,542,40227,5869,3,58,1,0,46700,2174,11101066,11131,15,212,4,0,0,11114602,Sga,NA,100,0.163397219,0.909623431,0.147162721,0.998977741,RSR,0,,SRR1543969
206,sga_SRR1543970_raw_20.corrected.fastq.gz,run.sga.sh,20,330,52898,6179,4,59,2,0,59472,1321,14142488,10335,14,181,5,0,0,14154344,Sga,NA,100,0.113332189,0.876575979,0.097374743,0.999255706,RSR,0,,SRR1543970
211,sga_SRR1543971_raw_20.corrected.fastq.gz,run.sga.sh,20,1103,41792,3766,1,36,2,0,46700,2244,11106256,5966,9,124,4,0,0,11114603,Sga,NA,100,0.273325213,0.946037099,0.25773447,0.999450903,RSR,0,,SRR1543971
177,sga_SRR1543964_raw_22.corrected.fastq.gz,run.sga.sh,22,340,39889,6395,3,72,1,1,46700,1714,11100770,11785,16,314,2,2,0,11114603,Sga,NA,100,0.126972368,0.844334975,0.103563227,0.998909633,RSR,1.80E-07,0,SRR1543964
182,sga_SRR1543965_raw_22.corrected.fastq.gz,run.sga.sh,22,732,39992,5940,1,34,1,0,46700,1983,11102768,9709,9,127,8,0,0,11114604,Sga,NA,100,0.169603147,0.936260623,0.158056791,0.999113509,RSR,0,,SRR1543965
187,sga_SRR1543966_raw_22.corrected.fastq.gz,run.sga.sh,22,422,41674,4571,1,30,2,2,46700,1279,11105959,7255,7,96,4,4,0,11114604,Sga,NA,100,0.149871104,0.927483684,0.138153269,0.999337268,RSR,3.60E-07,0,SRR1543966
192,sga_SRR1543967_raw_22.corrected.fastq.gz,run.sga.sh,22,597,41752,4310,2,39,0,0,46700,1576,11106006,6884,4,130,0,0,0,11114600,Sga,NA,100,0.186288416,0.923798359,0.170921986,0.999368578,RSR,0,,SRR1543967
197,sga_SRR1543968_raw_22.corrected.fastq.gz,run.sga.sh,22,427,41322,4898,1,51,1,0,46700,1523,11104581,8281,9,203,6,0,0,11114603,Sga,NA,100,0.155344757,0.879330254,0.134026928,0.99923533,RSR,0,,SRR1543968
202,sga_SRR1543969_raw_22.corrected.fastq.gz,run.sga.sh,22,569,40227,5837,2,64,1,0,46700,2257,11101051,11050,13,227,4,0,0,11114602,Sga,NA,100,0.16960998,0.907154341,0.152250695,0.998983859,RSR,0,,SRR1543969
207,sga_SRR1543970_raw_22.corrected.fastq.gz,run.sga.sh,22,356,52898,6148,4,63,3,0,59472,1414,14142469,10241,15,197,11,0,0,14154347,Sga,NA,100,0.121321321,0.871763255,0.103474903,0.999260722,RSR,0,,SRR1543970
212,sga_SRR1543971_raw_22.corrected.fastq.gz,run.sga.sh,22,1153,41792,3718,0,35,2,0,46700,2387,11106257,5826,6,123,4,0,0,11114603,Sga,NA,100,0.290636795,0.949482896,0.275173505,0.999463858,RSR,0,,SRR1543971
178,sga_SRR1543964_raw_24.corrected.fastq.gz,run.sga.sh,24,361,39889,6378,3,68,1,1,46700,1797,11100788,11703,15,296,2,2,0,11114603,Sga,NA,100,0.133111111,0.857756563,0.111037037,0.99891872,RSR,1.80E-07,0,SRR1543964
183,sga_SRR1543965_raw_24.corrected.fastq.gz,run.sga.sh,24,756,39992,5910,1,41,0,0,46700,2039,11102758,9654,8,141,0,0,0,11114600,Sga,NA,100,0.174377833,0.935321101,0.162319336,0.999118007,RSR,0,,SRR1543965
188,sga_SRR1543966_raw_24.corrected.fastq.gz,run.sga.sh,24,437,41674,4548,0,38,3,3,46700,1336,11105930,7198,7,124,5,5,0,11114605,Sga,NA,100,0.15655027,0.911945392,0.141434263,0.999339698,RSR,4.50E-07,0,SRR1543966
193,sga_SRR1543967_raw_24.corrected.fastq.gz,run.sga.sh,24,617,41752,4288,2,41,0,0,46700,1644,11106011,6816,4,125,0,0,0,11114600,Sga,NA,100,0.194326241,0.929338609,0.179550827,0.999375146,RSR,0,,SRR1543967
198,sga_SRR1543968_raw_24.corrected.fastq.gz,run.sga.sh,24,449,41322,4875,1,52,1,0,46700,1594,11104582,8209,10,202,6,0,0,11114603,Sga,NA,100,0.162603285,0.884572697,0.14138529,0.999241808,RSR,0,,SRR1543968
203,sga_SRR1543969_raw_24.corrected.fastq.gz,run.sga.sh,24,608,40227,5793,2,69,1,0,46700,2381,11101023,10930,9,255,4,0,0,11114602,Sga,NA,100,0.178874615,0.901893939,0.159417024,0.998992497,RSR,0,,SRR1543969
208,sga_SRR1543970_raw_24.corrected.fastq.gz,run.sga.sh,24,380,52898,6122,5,64,3,0,59472,1476,14142446,10178,16,220,11,0,0,14154347,Sga,NA,100,0.126651793,0.864674868,0.106830273,0.999263477,RSR,0,,SRR1543970
213,sga_SRR1543971_raw_24.corrected.fastq.gz,run.sga.sh,24,1188,41792,3683,0,35,2,0,46700,2450,11106244,5763,6,136,4,0,0,11114603,Sga,NA,100,0.298307561,0.945945946,0.281261415,0.999468357,RSR,0,,SRR1543971
179,sga_SRR1543964_raw_26.corrected.fastq.gz,run.sga.sh,26,381,39889,6349,2,78,1,1,46700,1876,11100740,11628,11,344,2,2,0,11114603,Sga,NA,100,0.138921801,0.844284428,0.113299763,0.998921509,RSR,1.80E-07,0,SRR1543964
184,sga_SRR1543965_raw_26.corrected.fastq.gz,run.sga.sh,26,787,39992,5873,2,46,0,0,46700,2124,11102737,9568,9,162,0,0,0,11114600,Sga,NA,100,0.181662675,0.929133858,0.167807048,0.999123765,RSR,0,,SRR1543965
189,sga_SRR1543966_raw_26.corrected.fastq.gz,run.sga.sh,26,450,41674,4528,0,45,3,3,46700,1387,11105912,7146,8,142,5,5,0,11114605,Sga,NA,100,0.162545412,0.904172099,0.145318176,0.999342667,RSR,4.50E-07,0,SRR1543966
194,sga_SRR1543967_raw_26.corrected.fastq.gz,run.sga.sh,26,637,41752,4262,2,46,1,0,46700,1698,11105993,6763,3,141,4,0,0,11114602,Sga,NA,100,0.200685498,0.921323928,0.183548044,0.999378205,RSR,0,,SRR1543967
199,sga_SRR1543968_raw_26.corrected.fastq.gz,run.sga.sh,26,476,41322,4850,2,50,0,0,46700,1659,11104599,8148,6,188,0,0,0,11114600,Sga,NA,100,0.169164882,0.898213319,0.149994902,0.999249456,RSR,0,,SRR1543968
204,sga_SRR1543969_raw_26.corrected.fastq.gz,run.sga.sh,26,632,40227,5769,1,70,1,0,46700,2497,11101014,10813,10,264,4,0,0,11114602,Sga,NA,100,0.187603306,0.903074141,0.167468069,0.999002124,RSR,0,,SRR1543969
209,sga_SRR1543970_raw_26.corrected.fastq.gz,run.sga.sh,26,400,52898,6102,3,66,3,0,59472,1503,14142431,10155,12,235,11,0,0,14154347,Sga,NA,100,0.128924344,0.859348199,0.107822954,0.999264325,RSR,0,,SRR1543970
214,sga_SRR1543971_raw_26.corrected.fastq.gz,run.sga.sh,26,1222,41792,3647,0,37,2,0,46700,2489,11106241,5724,6,139,4,0,0,11114603,Sga,NA,100,0.303056131,0.945668693,0.28564471,0.999471596,RSR,0,,SRR1543971
180,sga_SRR1543964_raw_28.corrected.fastq.gz,run.sga.sh,28,402,39889,6332,2,74,1,1,46700,1921,11100753,11582,12,331,2,2,0,11114603,Sga,NA,100,0.142264682,0.852262644,0.117603496,0.998926727,RSR,1.80E-07,0,SRR1543964
185,sga_SRR1543965_raw_28.corrected.fastq.gz,run.sga.sh,28,817,39992,5843,2,46,0,0,46700,2174,11102733,9518,9,166,0,0,0,11114600,Sga,NA,100,0.185939104,0.929059829,0.171741362,0.999127904,RSR,0,,SRR1543965
190,sga_SRR1543966_raw_28.corrected.fastq.gz,run.sga.sh,28,478,41674,4500,0,46,2,2,46700,1439,11105933,7096,6,123,3,3,0,11114603,Sga,NA,100,0.168599883,0.919488818,0.153837141,0.999349414,RSR,2.70E-07,0,SRR1543966
195,sga_SRR1543967_raw_28.corrected.fastq.gz,run.sga.sh,28,652,41752,4245,1,49,1,0,46700,1731,11105984,6731,2,150,4,0,0,11114602,Sga,NA,100,0.204561569,0.918302387,0.186362562,0.999380365,RSR,0,,SRR1543967
200,sga_SRR1543968_raw_28.corrected.fastq.gz,run.sga.sh,28,505,41322,4817,2,54,0,0,46700,1738,11104581,8071,4,206,0,0,0,11114600,Sga,NA,100,0.177184219,0.894032922,0.156183097,0.999254944,RSR,0,,SRR1543968
205,sga_SRR1543969_raw_28.corrected.fastq.gz,run.sga.sh,28,657,40227,5744,0,70,2,0,46700,2491,11101004,10817,12,274,5,0,0,11114603,Sga,NA,100,0.187180643,0.899277978,0.16621581,0.999000594,RSR,0,,SRR1543969
210,sga_SRR1543970_raw_28.corrected.fastq.gz,run.sga.sh,28,422,52898,6076,3,70,3,0,59472,1588,14142413,10069,13,253,11,0,0,14154347,Sga,NA,100,0.13622716,0.857451404,0.113579823,0.999269058,RSR,0,,SRR1543970
215,sga_SRR1543971_raw_28.corrected.fastq.gz,run.sga.sh,28,1251,41792,3617,0,38,2,0,46700,2521,11106234,5692,6,146,4,0,0,11114603,Sga,NA,100,0.306952393,0.943841258,0.288688664,0.999473845,RSR,0,,SRR1543971