,EC Filename,Wrapper Name,Kmer Size,Read - TP,Read - TN,Read - FN,Read - FN WRONG,Read - FP,Read - FP INDEL,Total Trimmed Reads,Total Reads,Base - TP,Base - TN,Base - FN,Base - FN WRONG,Base - FP,Base - FP INDEL,Base - FP TRIM,Base - TP TRIM,Total Bases,Tool,Coverage,Length,Base Sensitivity,Base Precision,Base Gain,Base Accuracy,Dataset,Trim Percent,Trim Effeciency,Error
0,bfc_mix_0.0001_err_rate_1_20.corrected.fastq,bfc,20,360,196246,2814,17,558,5,1,200000,397,41413305,2916,20,572,5,0,1,41417216,Bfc,NA,100,0.119830969,0.407597536,-0.054331422,0.99991518,IGH,2.41E-08,inf,0.0001
1,bfc_mix_0.00033_err_rate_1_20.corrected.fastq,bfc,20,708,188605,9273,52,1352,10,0,200000,861,41406811,10171,57,1368,12,0,0,41419280,Bfc,NA,100,0.078045685,0.384203481,-0.04704496,0.999719744,IGH,0,,0.00033
2,bfc_mix_0.001_err_rate_1_20.corrected.fastq,bfc,20,1103,171800,24895,161,2032,9,2,200000,1734,41389825,31414,190,2086,9,2,0,41425260,Bfc,NA,100,0.052310848,0.452859755,-0.010890551,0.999186463,IGH,4.83E-08,0,0.001
3,bfc_mix_0.0033_err_rate_1_20.corrected.fastq,bfc,20,1164,135395,61369,408,1648,16,4,200000,3324,41333049,106712,500,1727,21,1,5,41445339,Bfc,NA,100,0.030208295,0.655362776,0.014322585,0.997370971,IGH,1.45E-07,5,0.0033
4,bfc_mix_1e-05_err_rate_1_20.corrected.fastq,bfc,20,67,199464,234,2,233,0,0,200000,68,41415859,245,2,248,0,0,0,41416422,Bfc,NA,100,0.217252396,0.215189873,-0.575079872,0.999988048,IGH,0,,1.00E-05
5,bfc_mix_1e-06_err_rate_1_20.corrected.fastq,bfc,20,9,199778,20,0,193,0,0,200000,9,41416112,23,0,207,0,0,0,41416351,Bfc,NA,100,0.28125,0.041666667,-6.1875,0.999994447,IGH,0,,1.00E-06
6,bfc_mix_3.3e-05_err_rate_1_20.corrected.fastq,bfc,20,190,198545,859,3,403,0,0,200000,195,41415109,892,3,421,0,0,0,41416620,Bfc,NA,100,0.179392824,0.316558442,-0.207911684,0.999968225,IGH,0,,3.30E-05
7,bfc_mix_3.3e-06_err_rate_1_20.corrected.fastq,bfc,20,40,199691,65,1,203,0,0,200000,39,41416025,76,1,220,0,0,0,41416361,Bfc,NA,100,0.339130435,0.150579151,-1.573913043,0.999992829,IGH,0,,3.30E-06
8,bfc_mix_0.0001_err_rate_1_22.corrected.fastq,bfc,22,376,196212,2810,22,575,5,1,200000,406,41413286,2906,25,587,5,0,1,41417216,Bfc,NA,100,0.122584541,0.406813627,-0.05615942,0.999914939,IGH,2.41E-08,inf,0.0001
9,bfc_mix_0.00033_err_rate_1_22.corrected.fastq,bfc,22,722,188446,9244,56,1522,10,1,200000,888,41406627,10142,63,1547,12,0,1,41419280,Bfc,NA,100,0.080507706,0.362893339,-0.060834089,0.999715978,IGH,2.41E-08,inf,0.00033
10,bfc_mix_0.001_err_rate_1_22.corrected.fastq,bfc,22,1125,172328,24952,143,1439,13,3,200000,1789,41390416,31369,167,1502,13,3,0,41425259,Bfc,NA,100,0.053953797,0.541464891,0.008263466,0.999202081,IGH,7.24E-08,0,0.001
11,bfc_mix_0.0033_err_rate_1_22.corrected.fastq,bfc,22,1215,135432,61308,451,1578,16,2,200000,3468,41333136,106515,542,1656,20,1,1,41445339,Bfc,NA,100,0.031532146,0.674183515,0.016293427,0.997376448,IGH,4.83E-08,1,0.0033
12,bfc_mix_1e-05_err_rate_1_22.corrected.fastq,bfc,22,61,199537,234,5,163,0,0,200000,63,41415933,246,5,175,0,0,0,41416422,Bfc,NA,100,0.203883495,0.264705882,-0.362459547,0.999989714,IGH,0,,1.00E-05
13,bfc_mix_1e-06_err_rate_1_22.corrected.fastq,bfc,22,14,199815,18,0,153,0,0,200000,14,41416157,18,0,162,0,0,0,41416351,Bfc,NA,100,0.4375,0.079545455,-4.625,0.999995654,IGH,0,,1.00E-06
14,bfc_mix_3.3e-05_err_rate_1_22.corrected.fastq,bfc,22,192,198633,858,3,314,0,0,200000,198,41415178,889,3,352,0,0,0,41416620,Bfc,NA,100,0.182152714,0.36,-0.141674333,0.999969964,IGH,0,,3.30E-05
15,bfc_mix_3.3e-06_err_rate_1_22.corrected.fastq,bfc,22,42,199719,69,0,170,0,0,200000,41,41416065,75,0,180,0,0,0,41416361,Bfc,NA,100,0.353448276,0.185520362,-1.198275862,0.999993843,IGH,0,,3.30E-06
16,bfc_mix_0.0001_err_rate_1_24.corrected.fastq,bfc,24,366,196341,2800,22,464,7,1,200000,409,41413400,2906,25,468,7,0,1,41417216,Bfc,NA,100,0.123378582,0.462669683,-0.019909502,0.999917764,IGH,2.41E-08,inf,0.0001
17,bfc_mix_0.00033_err_rate_1_24.corrected.fastq,bfc,24,764,188537,9218,59,1413,9,2,200000,941,41406757,10084,65,1420,11,0,2,41419280,Bfc,NA,100,0.085351474,0.396711636,-0.044444444,0.99972042,IGH,4.83E-08,inf,0.00033
18,bfc_mix_0.001_err_rate_1_24.corrected.fastq,bfc,24,1222,172001,24801,157,1810,9,1,200000,1890,41390065,31259,179,1854,9,1,0,41425257,Bfc,NA,100,0.057015295,0.503597122,0.000814504,0.999196094,IGH,2.41E-08,0,0.001
19,bfc_mix_0.0033_err_rate_1_24.corrected.fastq,bfc,24,1319,135329,61235,423,1684,10,2,200000,3643,41333061,106360,512,1750,11,1,1,41445339,Bfc,NA,100,0.033117279,0.674130274,0.017108624,0.997378861,IGH,4.83E-08,1,0.0033
20,bfc_mix_1e-05_err_rate_1_24.corrected.fastq,bfc,24,70,199437,229,5,259,0,0,200000,73,41415843,237,5,264,0,0,0,41416422,Bfc,NA,100,0.235483871,0.216617211,-0.616129032,0.999987783,IGH,0,,1.00E-05
21,bfc_mix_1e-06_err_rate_1_24.corrected.fastq,bfc,24,11,199755,18,2,214,0,0,200000,11,41416101,19,2,218,0,0,0,41416351,Bfc,NA,100,0.366666667,0.048034934,-6.9,0.999994229,IGH,0,,1.00E-06
22,bfc_mix_3.3e-05_err_rate_1_24.corrected.fastq,bfc,24,202,198264,847,3,684,0,0,200000,207,41414839,880,3,691,0,0,0,41416620,Bfc,NA,100,0.190432383,0.230512249,-0.44526219,0.999961996,IGH,0,,3.30E-05
23,bfc_mix_3.3e-06_err_rate_1_24.corrected.fastq,bfc,24,41,199647,69,1,242,0,0,200000,40,41415996,75,1,249,0,0,0,41416361,Bfc,NA,100,0.347826087,0.138408304,-1.817391304,0.999992153,IGH,0,,3.30E-06
24,bfc_mix_0.0001_err_rate_1_26.corrected.fastq,bfc,26,402,196388,2759,22,423,6,1,200000,438,41413435,2881,25,430,6,0,1,41417216,Bfc,NA,100,0.13196746,0.501144165,0.000602591,0.999919309,IGH,2.41E-08,inf,0.0001
25,bfc_mix_0.00033_err_rate_1_26.corrected.fastq,bfc,26,783,189063,9187,56,905,6,1,200000,976,41407262,10048,72,913,8,0,1,41419280,Bfc,NA,100,0.088534107,0.514496574,0.004989115,0.999733433,IGH,2.41E-08,inf,0.00033
26,bfc_mix_0.001_err_rate_1_26.corrected.fastq,bfc,26,1247,172242,24726,158,1622,5,3,200000,1915,41390272,31229,181,1651,5,3,0,41425256,Bfc,NA,100,0.05777818,0.536264352,0.007814386,0.999201719,IGH,7.24E-08,0,0.001
27,bfc_mix_0.0033_err_rate_1_26.corrected.fastq,bfc,26,1365,135479,61182,412,1553,9,2,200000,3739,41333205,106279,479,1625,10,1,1,41445339,Bfc,NA,100,0.033985348,0.69575735,0.019124143,0.997384652,IGH,4.83E-08,1,0.0033
28,bfc_mix_1e-05_err_rate_1_26.corrected.fastq,bfc,26,81,199591,217,5,106,0,0,200000,81,41415990,229,5,117,0,0,0,41416422,Bfc,NA,100,0.261290323,0.409090909,-0.116129032,0.999991525,IGH,0,,1.00E-05
29,bfc_mix_1e-06_err_rate_1_26.corrected.fastq,bfc,26,13,199890,17,0,80,0,0,200000,13,41416234,19,0,85,0,0,0,41416351,Bfc,NA,100,0.40625,0.132653061,-2.25,0.999997489,IGH,0,,1.00E-06
30,bfc_mix_3.3e-05_err_rate_1_26.corrected.fastq,bfc,26,205,198780,841,5,168,1,0,200000,210,41415352,874,5,178,1,0,0,41416620,Bfc,NA,100,0.193726937,0.539845758,0.028597786,0.999974455,IGH,0,,3.30E-05
31,bfc_mix_3.3e-06_err_rate_1_26.corrected.fastq,bfc,26,46,199793,63,0,98,0,0,200000,45,41416138,71,0,107,0,0,0,41416361,Bfc,NA,100,0.387931034,0.296052632,-0.534482759,0.999995702,IGH,0,,3.30E-06
32,bfc_mix_0.0001_err_rate_1_28.corrected.fastq,bfc,28,413,196287,2748,24,523,5,1,200000,447,41413337,2861,27,538,5,0,1,41417216,Bfc,NA,100,0.135126965,0.451515152,-0.029020556,0.99991716,IGH,2.41E-08,inf,0.0001
33,bfc_mix_0.00033_err_rate_1_28.corrected.fastq,bfc,28,769,189015,9209,56,944,7,1,200000,949,41407222,10067,70,962,9,0,1,41419280,Bfc,NA,100,0.086147422,0.494270833,-0.001997095,0.999731816,IGH,2.41E-08,inf,0.00033
34,bfc_mix_0.001_err_rate_1_28.corrected.fastq,bfc,28,1290,172329,24762,161,1454,4,3,200000,1969,41390426,31165,189,1500,4,3,0,41425256,Bfc,NA,100,0.059425364,0.566945004,0.014033923,0.99920674,IGH,7.24E-08,0,0.001
35,bfc_mix_0.0033_err_rate_1_28.corrected.fastq,bfc,28,1416,135443,61085,419,1629,8,2,200000,3860,41333132,106130,507,1699,9,1,1,41445339,Bfc,NA,100,0.035094099,0.693247126,0.019565415,0.99738581,IGH,4.83E-08,1,0.0033
36,bfc_mix_1e-05_err_rate_1_28.corrected.fastq,bfc,28,81,199559,222,2,136,0,0,200000,82,41415957,230,2,151,0,0,0,41416422,Bfc,NA,100,0.262820513,0.35193133,-0.221153846,0.999990752,IGH,0,,1.00E-05
37,bfc_mix_1e-06_err_rate_1_28.corrected.fastq,bfc,28,10,199866,20,0,104,0,0,200000,10,41416205,22,0,114,0,0,0,41416351,Bfc,NA,100,0.3125,0.080645161,-3.25,0.999996716,IGH,0,,1.00E-06
38,bfc_mix_3.3e-05_err_rate_1_28.corrected.fastq,bfc,28,211,198761,835,7,185,1,0,200000,220,41415328,862,7,202,1,0,0,41416620,Bfc,NA,100,0.203327172,0.520094563,0.015711645,0.999974117,IGH,0,,3.30E-05
39,bfc_mix_3.3e-06_err_rate_1_28.corrected.fastq,bfc,28,49,199774,60,0,117,0,0,200000,48,41416114,68,0,131,0,0,0,41416361,Bfc,NA,100,0.413793103,0.268156425,-0.715517241,0.999995195,IGH,0,,3.30E-06
40,bfc_mix_0.0001_err_rate_1_30.corrected.fastq,bfc,30,393,196347,2766,23,466,5,1,200000,432,41413391,2877,28,482,5,0,1,41417216,Bfc,NA,100,0.130553037,0.47007617,-0.016621336,0.999918102,IGH,2.41E-08,inf,0.0001
41,bfc_mix_0.00033_err_rate_1_30.corrected.fastq,bfc,30,781,188603,9207,55,1347,7,1,200000,967,41406819,10053,70,1361,9,0,1,41419280,Bfc,NA,100,0.087749546,0.413778348,-0.036569873,0.999722521,IGH,2.41E-08,inf,0.00033
42,bfc_mix_0.001_err_rate_1_30.corrected.fastq,bfc,30,1331,171888,24695,173,1905,8,1,200000,2067,41389964,31054,202,1960,8,1,0,41425256,Bfc,NA,100,0.062407536,0.512267658,0.00298904,0.999197953,IGH,2.41E-08,0,0.001
43,bfc_mix_0.0033_err_rate_1_30.corrected.fastq,bfc,30,1545,135492,60935,411,1605,12,2,200000,4144,41333108,105879,477,1715,14,1,1,41445339,Bfc,NA,100,0.037664852,0.705601907,0.021949956,0.997392083,IGH,4.83E-08,1,0.0033
44,bfc_mix_1e-05_err_rate_1_30.corrected.fastq,bfc,30,79,199563,222,5,131,0,0,200000,79,41415966,230,5,142,0,0,0,41416422,Bfc,NA,100,0.25566343,0.357466063,-0.203883495,0.999990897,IGH,0,,1.00E-05
45,bfc_mix_1e-06_err_rate_1_30.corrected.fastq,bfc,30,11,199868,17,2,102,0,0,200000,11,41416205,19,2,114,0,0,0,41416351,Bfc,NA,100,0.366666667,0.088,-3.433333333,0.99999674,IGH,0,,1.00E-06
46,bfc_mix_3.3e-05_err_rate_1_30.corrected.fastq,bfc,30,200,198723,847,5,224,1,0,200000,206,41415290,878,5,240,1,0,0,41416620,Bfc,NA,100,0.1900369,0.460850112,-0.032287823,0.999972861,IGH,0,,3.30E-05
47,bfc_mix_3.3e-06_err_rate_1_30.corrected.fastq,bfc,30,46,199783,64,0,107,0,0,200000,45,41416126,71,0,119,0,0,0,41416361,Bfc,NA,100,0.387931034,0.274390244,-0.637931034,0.999995412,IGH,0,,3.30E-06
48,bless_mix_0.0001_err_rate_1_20.corrected.fastq,bless,20,371,196609,2977,9,31,3,162,200000,379,41405121,2835,8,47,94,11440,122,41420046,Bless,NA,100,0.117921593,0.728846154,0.074051027,0.999651762,IGH,0.00027914,0.010664336,0.0001
49,bless_mix_0.00033_err_rate_1_20.corrected.fastq,bless,20,661,189268,9983,14,60,14,460,200000,722,41379495,9972,23,103,243,31158,400,41422116,Bless,NA,100,0.067514494,0.676029963,0.035159903,0.998998134,IGH,0.000761864,0.012837794,0.00033
50,bless_mix_0.001_err_rate_1_20.corrected.fastq,bless,20,632,171675,27452,41,150,50,1162,200000,970,41313598,30927,55,277,1311,79537,1418,41428093,Bless,NA,100,0.030410383,0.379202502,-0.019374863,0.997293845,IGH,0.001954109,0.017828181,0.001
51,bless_mix_0.0033_err_rate_1_20.corrected.fastq,bless,20,888,132102,66659,72,118,161,3218,200000,3098,41118922,100533,189,255,5222,213007,6949,41448175,Bless,NA,100,0.02989453,0.361282799,-0.022956451,0.99229738,IGH,0.005306772,0.032623341,0.0033
52,bless_mix_1e-05_err_rate_1_20.corrected.fastq,bless,20,89,199669,226,6,10,0,16,200000,84,41417952,214,4,14,0,972,12,41419252,Bless,NA,100,0.281879195,0.857142857,0.234899329,0.999970931,IGH,2.38E-05,0.012345679,1.00E-05
53,bless_mix_1e-06_err_rate_1_20.corrected.fastq,bless,20,11,199969,16,0,4,0,7,200000,10,41418778,17,0,4,0,367,5,41419181,Bless,NA,100,0.37037037,0.714285714,0.222222222,0.999990632,IGH,8.98E-06,0.013623978,1.00E-06
54,bless_mix_3.3e-05_err_rate_1_20.corrected.fastq,bless,20,219,198884,867,4,22,4,78,200000,212,41413276,830,4,52,4,5033,41,41419452,Bless,NA,100,0.203454894,0.791044776,0.149712092,0.999856999,IGH,0.000122503,0.008146235,3.30E-05
55,bless_mix_3.3e-06_err_rate_1_20.corrected.fastq,bless,20,54,199882,51,1,12,0,7,200000,50,41418643,60,1,20,0,412,5,41419191,Bless,NA,100,0.454545455,0.714285714,0.272727273,0.999988097,IGH,1.01E-05,0.012135922,3.30E-06
56,bless_mix_0.0001_err_rate_1_22.corrected.fastq,bless,22,388,196603,2962,9,33,5,166,200000,400,41404857,2823,8,65,95,11686,112,41420046,Bless,NA,100,0.124107974,0.714285714,0.074464784,0.999645654,IGH,0.000284838,0.009584118,0.0001
57,bless_mix_0.00033_err_rate_1_22.corrected.fastq,bless,22,692,189260,9957,12,60,19,469,200000,760,41378308,9935,22,119,368,32206,399,41422117,Bless,NA,100,0.071061244,0.609462711,0.025525947,0.998970347,IGH,0.00078714,0.012388996,0.00033
58,bless_mix_0.001_err_rate_1_22.corrected.fastq,bless,22,694,171669,27379,40,163,55,1184,200000,1109,41313572,30816,50,291,1398,79471,1395,41428102,Bless,NA,100,0.034737666,0.396354539,-0.01816758,0.997295802,IGH,0.00195196,0.017553573,0.001
59,bless_mix_0.0033_err_rate_1_22.corrected.fastq,bless,22,376,131749,67292,83,309,191,2685,200000,1948,41148801,102465,283,620,6390,181629,6064,41448200,Bless,NA,100,0.018656681,0.217459254,-0.048480553,0.992968823,IGH,0.004528375,0.033386739,0.0033
60,bless_mix_1e-05_err_rate_1_22.corrected.fastq,bless,22,94,199668,222,6,10,0,14,200000,89,41418181,210,4,15,0,742,11,41419252,Bless,NA,100,0.297658863,0.855769231,0.247491639,0.999976557,IGH,1.82E-05,0.014824798,1.00E-05
61,bless_mix_1e-06_err_rate_1_22.corrected.fastq,bless,22,11,199971,14,0,4,0,7,200000,10,41418778,15,0,4,0,367,7,41419181,Bless,NA,100,0.4,0.714285714,0.24,0.999990681,IGH,9.03E-06,0.019073569,1.00E-06
62,bless_mix_3.3e-05_err_rate_1_22.corrected.fastq,bless,22,234,198886,849,4,23,4,76,200000,227,41413468,813,4,49,4,4845,43,41419453,Bless,NA,100,0.218269231,0.810714286,0.167307692,0.999862021,IGH,0.000118012,0.008875129,3.30E-05
63,bless_mix_3.3e-06_err_rate_1_22.corrected.fastq,bless,22,55,199882,48,1,14,0,6,200000,51,41418670,59,1,26,0,379,5,41419191,Bless,NA,100,0.463636364,0.662337662,0.227272727,0.999988773,IGH,9.27E-06,0.013192612,3.30E-06
64,bless_mix_0.0001_err_rate_1_24.corrected.fastq,bless,24,399,196606,2943,9,39,4,164,200000,405,41405420,2809,8,79,95,11107,123,41420046,Bless,NA,100,0.126011201,0.699481865,0.071873055,0.999659632,IGH,0.000271125,0.011074097,0.0001
65,bless_mix_0.00033_err_rate_1_24.corrected.fastq,bless,24,717,189256,9938,12,60,17,479,200000,779,41376469,9913,19,123,629,33781,403,41422116,Bless,NA,100,0.072858212,0.508817766,0.002525253,0.998926529,IGH,0.00082526,0.011929783,0.00033
66,bless_mix_0.001_err_rate_1_24.corrected.fastq,bless,24,770,171682,27287,40,167,54,1196,200000,1236,41311608,30672,54,319,1310,81487,1420,41428106,Bless,NA,100,0.038736367,0.431413613,-0.01231666,0.997251965,IGH,0.002001226,0.017426093,0.001
67,bless_mix_0.0033_err_rate_1_24.corrected.fastq,bless,24,420,131750,67240,88,314,188,2850,200000,2109,41138831,102180,270,606,6493,191496,6210,41448195,Bless,NA,100,0.020222651,0.229039965,-0.047847808,0.992735749,IGH,0.004769954,0.032428876,0.0033
68,bless_mix_1e-05_err_rate_1_24.corrected.fastq,bless,24,97,199670,218,6,9,0,18,200000,91,41417701,206,4,14,0,1223,13,41419252,Bless,NA,100,0.306397306,0.866666667,0.259259259,0.999965065,IGH,2.98E-05,0.010629599,1.00E-05
69,bless_mix_1e-06_err_rate_1_24.corrected.fastq,bless,24,11,199971,14,0,4,0,7,200000,10,41418776,15,0,6,0,367,7,41419181,Bless,NA,100,0.4,0.625,0.16,0.999990632,IGH,9.03E-06,0.019073569,1.00E-06
70,bless_mix_3.3e-05_err_rate_1_24.corrected.fastq,bless,24,243,198885,841,2,26,3,74,200000,237,41413451,806,1,51,3,4860,43,41419452,Bless,NA,100,0.227229147,0.81443299,0.175455417,0.999861876,IGH,0.000118374,0.008847737,3.30E-05
71,bless_mix_3.3e-06_err_rate_1_24.corrected.fastq,bless,24,61,199883,45,1,10,0,7,200000,57,41418665,52,1,21,0,389,6,41419191,Bless,NA,100,0.52293578,0.730769231,0.330275229,0.999988822,IGH,9.54E-06,0.015424165,3.30E-06
72,bless_mix_0.0001_err_rate_1_26.corrected.fastq,bless,26,408,196609,2934,9,37,3,170,200000,414,41405193,2796,8,79,94,11337,125,41420046,Bless,NA,100,0.128971963,0.70528109,0.075077882,0.999654417,IGH,0.000276726,0.011025845,0.0001
73,bless_mix_0.00033_err_rate_1_26.corrected.fastq,bless,26,741,189260,9908,12,63,16,495,200000,802,41375130,9886,18,143,461,35262,413,41422115,Bless,NA,100,0.075037425,0.570412518,0.018525449,0.998895024,IGH,0.000861255,0.011712325,0.00033
74,bless_mix_0.001_err_rate_1_26.corrected.fastq,bless,26,821,171682,27242,38,160,57,1251,200000,1323,41308108,30592,51,300,1253,85030,1434,41428091,Bless,NA,100,0.041453862,0.460013908,-0.007206643,0.997170276,IGH,0.002087086,0.016864636,0.001
75,bless_mix_0.0033_err_rate_1_26.corrected.fastq,bless,26,472,131787,67163,84,329,165,3007,200000,2182,41127832,101843,247,623,6163,202770,6521,41448181,Bless,NA,100,0.020975727,0.243309545,-0.044258592,0.992479886,IGH,0.005049462,0.03215959,0.0033
76,bless_mix_1e-05_err_rate_1_26.corrected.fastq,bless,26,100,199671,209,6,14,0,19,200000,93,41417568,203,4,26,0,1344,14,41419252,Bless,NA,100,0.314189189,0.781512605,0.226351351,0.999961926,IGH,3.28E-05,0.010416667,1.00E-05
77,bless_mix_1e-06_err_rate_1_26.corrected.fastq,bless,26,11,199971,14,0,4,0,7,200000,10,41418775,15,0,7,0,367,7,41419181,Bless,NA,100,0.4,0.588235294,0.12,0.999990608,IGH,9.03E-06,0.019073569,1.00E-06
78,bless_mix_3.3e-05_err_rate_1_26.corrected.fastq,bless,26,244,198882,837,4,29,4,81,200000,237,41413068,805,4,60,4,5234,41,41419453,Bless,NA,100,0.227447217,0.787375415,0.166026871,0.999852557,IGH,0.000127356,0.007833397,3.30E-05
79,bless_mix_3.3e-06_err_rate_1_26.corrected.fastq,bless,26,60,199882,44,1,13,0,8,200000,56,41418504,54,1,26,0,545,5,41419191,Bless,NA,100,0.509090909,0.682926829,0.272727273,0.999984886,IGH,1.33E-05,0.009174312,3.30E-06
80,bless_mix_0.0001_err_rate_1_28.corrected.fastq,bless,28,413,196608,2929,9,38,3,177,200000,419,41404780,2793,8,93,94,11736,123,41420046,Bless,NA,100,0.130448319,0.691419142,0.072229141,0.999644519,IGH,0.000286311,0.010480573,0.0001
81,bless_mix_0.00033_err_rate_1_28.corrected.fastq,bless,28,3286,129065,1179,403,49925,16142,3114,200000,6703,41116026,2923,1019,72859,35397,210799,527,41446253,Bless,NA,100,0.696343237,0.058307745,-10.54986495,0.992206748,IGH,0.005098796,0.002500012,0.00033
82,bless_mix_0.001_err_rate_1_28.corrected.fastq,bless,28,873,171693,27182,41,152,59,1290,200000,1395,41305891,30491,61,295,1399,87124,1450,41428106,Bless,NA,100,0.043749608,0.45160246,-0.009377156,0.997118522,IGH,0.002138017,0.016642946,0.001
83,bless_mix_0.0033_err_rate_1_28.corrected.fastq,bless,28,532,131805,67057,86,344,176,3142,200000,2345,41120146,101475,263,641,6038,210593,6687,41448188,Bless,NA,100,0.02258717,0.259862589,-0.041745328,0.992302161,IGH,0.005242207,0.031753192,0.0033
84,bless_mix_1e-05_err_rate_1_28.corrected.fastq,bless,28,100,199672,204,6,18,0,23,200000,94,41417351,201,4,32,0,1555,15,41419252,Bless,NA,100,0.318644068,0.746031746,0.210169492,0.999956735,IGH,3.79E-05,0.009646302,1.00E-05
85,bless_mix_1e-06_err_rate_1_28.corrected.fastq,bless,28,11,199971,14,0,4,0,7,200000,10,41418775,15,0,7,0,367,7,41419181,Bless,NA,100,0.4,0.588235294,0.12,0.999990608,IGH,9.03E-06,0.019073569,1.00E-06
86,bless_mix_3.3e-05_err_rate_1_28.corrected.fastq,bless,28,248,198886,832,4,28,2,88,200000,240,41412609,799,4,61,2,5693,44,41419452,Bless,NA,100,0.230991338,0.792079208,0.170356112,0.999841644,IGH,0.00013851,0.00772879,3.30E-05
87,bless_mix_3.3e-06_err_rate_1_28.corrected.fastq,bless,28,58,199884,42,1,15,0,9,200000,53,41418567,55,1,38,0,470,7,41419191,Bless,NA,100,0.490740741,0.582417582,0.138888889,0.999986383,IGH,1.15E-05,0.014893617,3.30E-06
88,bless_mix_0.0001_err_rate_1_30.corrected.fastq,bless,30,425,196610,2916,9,37,3,179,200000,431,41404810,2780,8,112,94,11685,126,41420046,Bless,NA,100,0.134226098,0.676609105,0.070071629,0.999645605,IGH,0.000285152,0.010783055,0.0001
89,bless_mix_0.00033_err_rate_1_30.corrected.fastq,bless,30,786,189257,9847,16,75,19,497,200000,856,41375086,9820,26,134,509,35258,424,41422113,Bless,NA,100,0.080179843,0.571047365,0.019951293,0.998895579,IGH,0.000861424,0.01202564,0.00033
90,bless_mix_0.001_err_rate_1_30.corrected.fastq,bless,30,918,171698,27130,42,159,53,1329,200000,1451,41303503,30433,55,308,1380,89510,1457,41428097,Bless,NA,100,0.045508719,0.462249124,-0.007433195,0.997062615,IGH,0.00219578,0.016277511,0.001
91,bless_mix_0.0033_err_rate_1_30.corrected.fastq,bless,30,574,131816,66962,81,388,179,3316,200000,2527,41109809,101135,261,692,5993,220909,6865,41448191,Bless,NA,100,0.024377303,0.274316109,-0.04011113,0.992061306,IGH,0.005495391,0.031076144,0.0033
92,bless_mix_1e-05_err_rate_1_30.corrected.fastq,bless,30,100,199676,203,6,15,0,29,200000,94,41417087,197,4,27,0,1824,19,41419252,Bless,NA,100,0.323024055,0.776859504,0.23024055,0.999950458,IGH,4.45E-05,0.010416667,1.00E-05
93,bless_mix_1e-06_err_rate_1_30.corrected.fastq,bless,30,14,199970,14,0,2,0,6,200000,12,41418826,14,0,4,0,319,6,41419181,Bless,NA,100,0.461538462,0.75,0.307692308,0.999991864,IGH,7.85E-06,0.018808777,1.00E-06
94,bless_mix_3.3e-05_err_rate_1_30.corrected.fastq,bless,30,253,198884,827,4,29,3,94,200000,245,41412429,797,4,67,4,5865,41,41419452,Bless,NA,100,0.23512476,0.775316456,0.166986564,0.999837347,IGH,0.00014259,0.006990622,3.30E-05
95,bless_mix_3.3e-06_err_rate_1_30.corrected.fastq,bless,30,60,199882,40,1,17,0,6,200000,55,41418702,55,1,42,0,331,5,41419191,Bless,NA,100,0.5,0.567010309,0.118181818,0.999989642,IGH,8.11E-06,0.01510574,3.30E-06
96,coral_mix_0.0001_err_rate_1_20.corrected.fastq,coral,20,0,196075,3612,0,302,11,0,200000,48,41413054,3284,0,827,16,0,0,41417229,Coral,NA,100,0.014405762,0.053872054,-0.238595438,0.999900355,IGH,0,,0.0001
97,coral_mix_0.00033_err_rate_1_20.corrected.fastq,coral,20,5,187796,10923,10,1183,83,2,200000,582,41404512,10485,13,3640,89,4,0,41419325,Coral,NA,100,0.052588777,0.135003479,-0.284358905,0.999656416,IGH,9.66E-08,0,0.00033
98,coral_mix_0.001_err_rate_1_20.corrected.fastq,coral,20,39,167713,27750,79,4170,249,8,200000,4020,41379168,29216,96,12701,225,8,0,41425434,Coral,NA,100,0.120953183,0.237224124,-0.26796245,0.998980192,IGH,1.93E-07,0,0.001
99,coral_mix_0.0033_err_rate_1_20.corrected.fastq,coral,20,193,122901,63399,308,12368,831,25,200000,17358,41297758,92634,520,36760,841,30,2,41445903,Coral,NA,100,0.157811477,0.315835441,-0.184040658,0.996844441,IGH,7.72E-07,0.066666667,0.0033
100,coral_mix_1e-05_err_rate_1_20.corrected.fastq,coral,20,0,199610,385,0,5,0,0,200000,0,41416092,314,0,16,0,0,0,41416422,Coral,NA,100,0,0,-0.050955414,0.999992032,IGH,0,,1.00E-05
101,coral_mix_1e-06_err_rate_1_20.corrected.fastq,coral,20,0,199957,43,0,0,0,0,200000,0,41416319,32,0,0,0,0,0,41416351,Coral,NA,100,0,,0,0.999999227,IGH,0,,1.00E-06
102,coral_mix_3.3e-05_err_rate_1_20.corrected.fastq,coral,20,0,198718,1240,0,41,1,0,200000,2,41415382,1087,0,147,2,0,0,41416620,Coral,NA,100,0.001836547,0.013245033,-0.134986226,0.999970157,IGH,0,,3.30E-05
103,coral_mix_3.3e-06_err_rate_1_20.corrected.fastq,coral,20,0,199858,142,0,0,0,0,200000,0,41416245,116,0,0,0,0,0,41416361,Coral,NA,100,0,,0,0.999997199,IGH,0,,3.30E-06
104,coral_mix_0.0001_err_rate_1_22.corrected.fastq,coral,22,0,196075,3604,0,310,11,0,200000,51,41412999,3281,0,884,11,0,0,41417226,Coral,NA,100,0.015306122,0.053911205,-0.253301321,0.999899172,IGH,0,,0.0001
105,coral_mix_0.00033_err_rate_1_22.corrected.fastq,coral,22,6,187796,10813,14,1279,92,1,200000,651,41403996,10412,18,4168,98,2,0,41419345,Coral,NA,100,0.058844798,0.132397804,-0.326764892,0.999645142,IGH,4.83E-08,0,0.00033
106,coral_mix_0.001_err_rate_1_22.corrected.fastq,coral,22,46,167713,27418,75,4504,244,17,200000,4116,41378094,29118,92,13784,227,17,0,41425448,Coral,NA,100,0.12384907,0.2270646,-0.297737257,0.998956245,IGH,4.10E-07,0,0.001
107,coral_mix_0.0033_err_rate_1_22.corrected.fastq,coral,22,210,122901,62503,480,13162,744,22,200000,18109,41295410,91701,696,39186,758,27,1,41445888,Coral,NA,100,0.164912121,0.31193909,-0.198843457,0.996806245,IGH,6.76E-07,0.037037037,0.0033
108,coral_mix_1e-05_err_rate_1_22.corrected.fastq,coral,22,0,199610,383,0,7,0,0,200000,0,41416090,314,0,18,0,0,0,41416422,Coral,NA,100,0,0,-0.057324841,0.999991984,IGH,0,,1.00E-05
109,coral_mix_1e-06_err_rate_1_22.corrected.fastq,coral,22,0,199957,43,0,0,0,0,200000,0,41416319,32,0,0,0,0,0,41416351,Coral,NA,100,0,,0,0.999999227,IGH,0,,1.00E-06
110,coral_mix_3.3e-05_err_rate_1_22.corrected.fastq,coral,22,0,198718,1231,0,51,0,0,200000,2,41415380,1087,0,151,0,0,0,41416620,Coral,NA,100,0.001836547,0.013071895,-0.136822773,0.999970109,IGH,0,,3.30E-05
111,coral_mix_3.3e-06_err_rate_1_22.corrected.fastq,coral,22,0,199858,142,0,0,0,0,200000,0,41416245,116,0,0,0,0,0,41416361,Coral,NA,100,0,,0,0.999997199,IGH,0,,3.30E-06
112,coral_mix_0.0001_err_rate_1_24.corrected.fastq,coral,24,0,196075,3591,0,324,10,0,200000,55,41412900,3277,0,983,11,0,0,41417226,Coral,NA,100,0.016506603,0.052430887,-0.281812725,0.999896879,IGH,0,,0.0001
113,coral_mix_0.00033_err_rate_1_24.corrected.fastq,coral,24,5,187796,10814,13,1279,93,2,200000,654,41403934,10408,16,4219,95,3,0,41419329,Coral,NA,100,0.059121316,0.131642512,-0.330862412,0.999644103,IGH,7.24E-08,0,0.00033
114,coral_mix_0.001_err_rate_1_24.corrected.fastq,coral,24,41,167713,27316,69,4600,261,6,200000,4339,41377528,28894,93,14372,243,6,0,41425475,Coral,NA,100,0.130562995,0.228922655,-0.309210724,0.998947314,IGH,1.45E-07,0,0.001
115,coral_mix_0.0033_err_rate_1_24.corrected.fastq,coral,24,222,122901,62270,435,13201,971,19,200000,19048,41294904,90785,691,39533,989,27,0,41445977,Coral,NA,100,0.17342693,0.319758268,-0.195515009,0.996814528,IGH,6.51E-07,0,0.0033
116,coral_mix_1e-05_err_rate_1_24.corrected.fastq,coral,24,0,199610,383,0,7,0,0,200000,0,41416090,314,0,18,0,0,0,41416422,Coral,NA,100,0,0,-0.057324841,0.999991984,IGH,0,,1.00E-05
117,coral_mix_1e-06_err_rate_1_24.corrected.fastq,coral,24,0,199957,43,0,0,0,0,200000,0,41416319,32,0,0,0,0,0,41416351,Coral,NA,100,0,,0,0.999999227,IGH,0,,1.00E-06
118,coral_mix_3.3e-05_err_rate_1_24.corrected.fastq,coral,24,0,198718,1231,0,51,0,0,200000,2,41415373,1087,0,158,0,0,0,41416620,Coral,NA,100,0.001836547,0.0125,-0.143250689,0.99996994,IGH,0,,3.30E-05
119,coral_mix_3.3e-06_err_rate_1_24.corrected.fastq,coral,24,0,199858,142,0,0,0,0,200000,0,41416245,116,0,0,0,0,0,41416361,Coral,NA,100,0,,0,0.999997199,IGH,0,,3.30E-06
120,coral_mix_0.0001_err_rate_1_26.corrected.fastq,coral,26,0,196075,3543,0,372,10,0,200000,53,41412743,3279,0,1140,12,0,0,41417227,Coral,NA,100,0.015906363,0.043983402,-0.329831933,0.999893016,IGH,0,,0.0001
121,coral_mix_0.00033_err_rate_1_26.corrected.fastq,coral,26,7,187796,10714,13,1371,99,4,200000,664,41403620,10397,22,4527,100,5,0,41419335,Coral,NA,100,0.060030739,0.125496125,-0.358285869,0.999636619,IGH,1.21E-07,0,0.00033
122,coral_mix_0.001_err_rate_1_26.corrected.fastq,coral,26,28,167713,27152,74,4739,294,2,200000,4402,41376598,28828,97,15285,283,3,0,41425496,Coral,NA,100,0.132470659,0.220430646,-0.336021667,0.998925879,IGH,7.24E-08,0,0.001
123,coral_mix_0.0033_err_rate_1_26.corrected.fastq,coral,26,236,122901,62226,465,13278,894,25,200000,20032,41293925,89788,720,40585,917,24,5,41445996,Coral,NA,100,0.182407576,0.325543602,-0.19550173,0.996814312,IGH,7.00E-07,0.208333333,0.0033
124,coral_mix_1e-05_err_rate_1_26.corrected.fastq,coral,26,0,199610,383,0,7,0,0,200000,0,41416090,314,0,18,0,0,0,41416422,Coral,NA,100,0,0,-0.057324841,0.999991984,IGH,0,,1.00E-05
125,coral_mix_1e-06_err_rate_1_26.corrected.fastq,coral,26,0,199957,43,0,0,0,0,200000,0,41416319,32,0,0,0,0,0,41416351,Coral,NA,100,0,,0,0.999999227,IGH,0,,1.00E-06
126,coral_mix_3.3e-05_err_rate_1_26.corrected.fastq,coral,26,0,198718,1223,0,59,0,0,200000,2,41415341,1087,0,190,0,0,0,41416620,Coral,NA,100,0.001836547,0.010416667,-0.172635445,0.999969167,IGH,0,,3.30E-05
127,coral_mix_3.3e-06_err_rate_1_26.corrected.fastq,coral,26,0,199858,142,0,0,0,0,200000,0,41416245,116,0,0,0,0,0,41416361,Coral,NA,100,0,,0,0.999997199,IGH,0,,3.30E-06
128,coral_mix_0.0001_err_rate_1_28.corrected.fastq,coral,28,0,196075,3555,2,354,14,0,200000,56,41412765,3272,2,1120,14,0,0,41417229,Coral,NA,100,0.016826923,0.047058824,-0.323918269,0.999893571,IGH,0,,0.0001
129,coral_mix_0.00033_err_rate_1_28.corrected.fastq,coral,28,11,187796,10628,15,1484,66,5,200000,680,41403509,10379,23,4660,72,6,0,41419329,Coral,NA,100,0.061488381,0.125646711,-0.366398409,0.99963447,IGH,1.45E-07,0,0.00033
130,coral_mix_0.001_err_rate_1_28.corrected.fastq,coral,28,43,167713,27360,61,4545,278,13,200000,4635,41377029,28611,80,14832,267,14,0,41425468,Coral,NA,100,0.139415268,0.234873822,-0.314744631,0.998942583,IGH,3.38E-07,0,0.001
131,coral_mix_0.0033_err_rate_1_28.corrected.fastq,coral,28,210,122901,61230,488,14226,945,27,200000,22247,41290861,87606,713,43599,1010,32,1,41446069,Coral,NA,100,0.20251609,0.332759962,-0.203562943,0.996791976,IGH,7.96E-07,0.03125,0.0033
132,coral_mix_1e-05_err_rate_1_28.corrected.fastq,coral,28,0,199610,383,0,7,0,0,200000,0,41416090,314,0,18,0,0,0,41416422,Coral,NA,100,0,0,-0.057324841,0.999991984,IGH,0,,1.00E-05
133,coral_mix_1e-06_err_rate_1_28.corrected.fastq,coral,28,0,199957,43,0,0,0,0,200000,0,41416319,32,0,0,0,0,0,41416351,Coral,NA,100,0,,0,0.999999227,IGH,0,,1.00E-06
134,coral_mix_3.3e-05_err_rate_1_28.corrected.fastq,coral,28,0,198718,1220,0,60,2,0,200000,2,41415319,1087,0,208,4,0,0,41416620,Coral,NA,100,0.001836547,0.009345794,-0.192837466,0.999968636,IGH,0,,3.30E-05
135,coral_mix_3.3e-06_err_rate_1_28.corrected.fastq,coral,28,0,199858,141,0,1,0,0,200000,0,41416243,116,0,2,0,0,0,41416361,Coral,NA,100,0,0,-0.017241379,0.999997151,IGH,0,,3.30E-06
136,coral_mix_0.0001_err_rate_1_30.corrected.fastq,coral,30,0,196075,3542,2,367,14,0,200000,55,41412747,3273,2,1138,13,0,0,41417228,Coral,NA,100,0.016526442,0.045605307,-0.329326923,0.999893136,IGH,0,,0.0001
137,coral_mix_0.00033_err_rate_1_30.corrected.fastq,coral,30,10,187796,10555,16,1524,99,1,200000,690,41403189,10367,23,4970,101,2,0,41419342,Coral,NA,100,0.062403907,0.119770873,-0.396219589,0.999626672,IGH,4.83E-08,0,0.00033
138,coral_mix_0.001_err_rate_1_30.corrected.fastq,coral,30,50,167713,26869,57,5022,289,4,200000,4779,41375781,28466,80,16060,292,6,0,41425464,Coral,NA,100,0.14375094,0.226160617,-0.348112498,0.998916029,IGH,1.45E-07,0,0.001
139,coral_mix_0.0033_err_rate_1_30.corrected.fastq,coral,30,222,122901,61067,498,14278,1034,33,200000,22781,41290358,87123,703,43968,1106,37,3,41446079,Coral,NA,100,0.2072809,0.335730602,-0.202840661,0.996792531,IGH,9.65E-07,0.081081081,0.0033
140,coral_mix_1e-05_err_rate_1_30.corrected.fastq,coral,30,0,199610,383,0,7,0,0,200000,0,41416090,314,0,18,0,0,0,41416422,Coral,NA,100,0,0,-0.057324841,0.999991984,IGH,0,,1.00E-05
141,coral_mix_1e-06_err_rate_1_30.corrected.fastq,coral,30,0,199957,43,0,0,0,0,200000,0,41416319,32,0,0,0,0,0,41416351,Coral,NA,100,0,,0,0.999999227,IGH,0,,1.00E-06
142,coral_mix_3.3e-05_err_rate_1_30.corrected.fastq,coral,30,0,198718,1214,0,68,0,1,200000,3,41415300,1086,0,230,0,1,0,41416620,Coral,NA,100,0.002754821,0.012875536,-0.208448118,0.999968201,IGH,2.41E-08,0,3.30E-05
143,coral_mix_3.3e-06_err_rate_1_30.corrected.fastq,coral,30,0,199858,141,0,1,0,0,200000,0,41416243,116,0,2,0,0,0,41416361,Coral,NA,100,0,0,-0.017241379,0.999997151,IGH,0,,3.30E-06
144,fiona_mix_0.0001_err_rate_1_9181.corrected.fastq,fiona,0,1423,196747,1323,38,449,20,1,200000,1533,41413143,1752,48,722,31,1,0,41417230,Fiona,NA,100,0.466666667,0.670603675,0.237442922,0.999938335,IGH,2.41E-08,0,0.0001
145,fiona_mix_0.00033_err_rate_1_9181.corrected.fastq,fiona,0,3834,189820,5129,27,1138,52,5,200000,4673,41406410,6360,57,1754,79,6,0,41419339,Fiona,NA,100,0.423547539,0.718260068,0.257409589,0.999800673,IGH,1.45E-07,0,0.00033
146,fiona_mix_0.001_err_rate_1_9181.corrected.fastq,fiona,0,6886,173363,17602,124,1936,89,4,200000,10788,41389101,22361,180,2806,174,2,2,41425414,Fiona,NA,100,0.325439681,0.783556072,0.23554255,0.999383881,IGH,9.66E-08,1,0.001
147,fiona_mix_0.0033_err_rate_1_9181.corrected.fastq,fiona,0,36603,122893,39015,1092,220,177,70,200000,65729,41334186,43685,1050,241,181,65,9,41445146,Fiona,NA,100,0.600736652,0.993620656,0.596879741,0.998908871,IGH,1.79E-06,0.138461538,0.0033
148,fiona_mix_1e-05_err_rate_1_9181.corrected.fastq,fiona,0,192,199677,87,0,43,1,0,200000,196,41416039,117,1,69,2,0,0,41416424,Fiona,NA,100,0.626198083,0.734082397,0.399361022,0.999995437,IGH,0,,1.00E-05
149,fiona_mix_1e-06_err_rate_1_9181.corrected.fastq,fiona,0,20,199960,6,0,14,0,0,200000,21,41416304,11,0,15,0,0,0,41416351,Fiona,NA,100,0.65625,0.583333333,0.1875,0.999999372,IGH,0,,1.00E-06
150,fiona_mix_3.3e-05_err_rate_1_9181.corrected.fastq,fiona,0,615,198913,305,2,163,2,1,200000,633,41415274,454,7,249,3,1,0,41416621,Fiona,NA,100,0.582336707,0.715254237,0.35050598,0.999982761,IGH,2.41E-08,0,3.30E-05
151,fiona_mix_3.3e-06_err_rate_1_9181.corrected.fastq,fiona,0,72,199875,23,2,28,0,0,200000,75,41416196,41,2,47,0,0,0,41416361,Fiona,NA,100,0.646551724,0.614754098,0.24137931,0.999997827,IGH,0,,3.30E-06
152,lighter_mix_0.0001_err_rate_1_20.corrected.fastq,lighter,20,1209,170468,1752,35,26524,12,2,200000,1257,41351388,2051,105,62405,9,1,1,41417217,Lighter,NA,100,0.379987908,0.019742112,-18.4876058,0.998440962,IGH,4.83E-08,1,0.0001
153,lighter_mix_0.00033_err_rate_1_20.corrected.fastq,lighter,20,3520,161246,6117,196,28871,50,4,200000,4024,41348166,7060,269,59719,51,3,1,41419293,Lighter,NA,100,0.363045832,0.063078032,-5.029411765,0.998379934,IGH,9.66E-08,0.333333333,0.00033
154,lighter_mix_0.001_err_rate_1_20.corrected.fastq,lighter,20,9211,152856,16818,539,20477,99,9,200000,11338,41348405,21571,1057,42808,90,9,0,41425278,Lighter,NA,100,0.344525814,0.20904934,-0.959008174,0.998417995,IGH,2.17E-07,0,0.001
155,lighter_mix_0.0033_err_rate_1_20.corrected.fastq,lighter,20,17619,103528,37451,594,40640,168,23,200000,30678,41259131,78015,2277,75046,184,18,5,41445354,Lighter,NA,100,0.282244487,0.289666503,-0.409888401,0.996247106,IGH,5.55E-07,0.277777778,0.0033
156,lighter_mix_1e-05_err_rate_1_20.corrected.fastq,lighter,20,129,176061,200,3,23607,0,0,200000,112,41375425,199,4,40682,0,0,0,41416422,Lighter,NA,100,0.360128617,0.002745502,-130.4501608,0.999012831,IGH,0,,1.00E-05
157,lighter_mix_1e-06_err_rate_1_20.corrected.fastq,lighter,20,12,182847,22,0,17119,0,0,200000,10,41369010,22,0,47309,0,0,0,41416351,Lighter,NA,100,0.3125,0.000211332,-1478.09375,0.99885719,IGH,0,,1.00E-06
158,lighter_mix_3.3e-05_err_rate_1_20.corrected.fastq,lighter,20,459,182084,613,11,16825,8,0,200000,424,41388613,656,16,26903,8,0,0,41416620,Lighter,NA,100,0.392592593,0.015511249,-24.525,0.999334011,IGH,0,,3.30E-05
159,lighter_mix_3.3e-06_err_rate_1_20.corrected.fastq,lighter,20,63,183460,59,2,16416,0,0,200000,57,41363153,58,1,53092,0,0,0,41416361,Lighter,NA,100,0.495652174,0.001072457,-461.173913,0.998716667,IGH,0,,3.30E-06
160,lighter_mix_0.0001_err_rate_1_22.corrected.fastq,lighter,22,1298,170737,1914,48,25977,26,2,200000,1341,41348208,2027,63,65565,24,1,1,41417230,Lighter,NA,100,0.398159145,0.020035858,-19.0760095,0.998365897,IGH,4.83E-08,1,0.0001
161,lighter_mix_0.00033_err_rate_1_22.corrected.fastq,lighter,22,4104,172281,5453,182,17930,50,3,200000,4387,41356563,6323,757,51207,48,2,1,41419288,Lighter,NA,100,0.40961718,0.07884332,-4.376097106,0.99859155,IGH,7.24E-08,0.5,0.00033
162,lighter_mix_0.001_err_rate_1_22.corrected.fastq,lighter,22,9476,144964,14714,217,30477,152,9,200000,12132,41326695,20438,1363,64520,140,9,0,41425297,Lighter,NA,100,0.372490021,0.157985207,-1.61277249,0.997912628,IGH,2.17E-07,0,0.001
163,lighter_mix_0.0033_err_rate_1_22.corrected.fastq,lighter,22,17941,105679,39915,338,35887,240,32,200000,31555,41250542,78065,1215,83672,249,34,8,41445340,Lighter,NA,100,0.287858055,0.273260245,-0.477704798,0.996061438,IGH,1.01E-06,0.235294118,0.0033
164,lighter_mix_1e-05_err_rate_1_22.corrected.fastq,lighter,22,134,177879,194,1,21790,2,0,200000,121,41348492,183,10,67615,1,0,0,41416422,Lighter,NA,100,0.398026316,0.001786321,-222.0230263,0.998362751,IGH,0,,1.00E-05
165,lighter_mix_1e-06_err_rate_1_22.corrected.fastq,lighter,22,14,185621,24,0,14341,0,0,200000,11,41359913,21,0,56406,0,0,0,41416351,Lighter,NA,100,0.34375,0.000194977,-1762.34375,0.998637567,IGH,0,,1.00E-06
166,lighter_mix_3.3e-05_err_rate_1_22.corrected.fastq,lighter,22,471,177276,547,16,21678,12,0,200000,497,41363002,593,58,52466,10,0,0,41416626,Lighter,NA,100,0.455963303,0.009382138,-47.68715596,0.998717254,IGH,0,,3.30E-05
167,lighter_mix_3.3e-06_err_rate_1_22.corrected.fastq,lighter,22,75,182577,52,0,17296,0,0,200000,67,41369147,46,3,47098,0,0,0,41416361,Lighter,NA,100,0.592920354,0.001420545,-416.2035398,0.998861633,IGH,0,,3.30E-06
168,lighter_mix_0.0001_err_rate_1_24.corrected.fastq,lighter,24,1342,173642,1851,94,23050,21,2,200000,1377,41366888,1925,128,46885,16,1,1,41417221,Lighter,NA,100,0.417019988,0.028522308,-13.78679588,0.998818004,IGH,4.83E-08,1,0.0001
169,lighter_mix_0.00033_err_rate_1_24.corrected.fastq,lighter,24,4141,169422,5626,330,20399,82,3,200000,4280,41336494,6539,422,71471,71,1,2,41419280,Lighter,NA,100,0.395600333,0.056447997,-6.217025603,0.998104651,IGH,7.24E-08,2,0.00033
170,lighter_mix_0.001_err_rate_1_24.corrected.fastq,lighter,24,10359,154715,15173,364,19172,217,8,200000,12606,41346677,20411,879,44491,194,8,0,41425266,Lighter,NA,100,0.381803313,0.22003456,-0.971590393,0.99840718,IGH,1.93E-07,0,0.001
171,lighter_mix_0.0033_err_rate_1_24.corrected.fastq,lighter,24,19422,107779,36892,1348,34347,212,24,200000,36189,41272561,72015,5600,58762,221,20,4,41445372,Lighter,NA,100,0.334451591,0.380248392,-0.210657647,0.996703661,IGH,5.79E-07,0.2,0.0033
172,lighter_mix_1e-05_err_rate_1_24.corrected.fastq,lighter,24,151,185614,202,1,14032,0,0,200000,130,41363612,185,2,52493,0,0,0,41416422,Lighter,NA,100,0.412698413,0.002470403,-166.231746,0.998728041,IGH,0,,1.00E-05
173,lighter_mix_1e-06_err_rate_1_24.corrected.fastq,lighter,24,15,176799,14,0,23172,0,0,200000,13,41367721,19,0,48598,0,0,0,41416351,Lighter,NA,100,0.40625,0.000267429,-1518.28125,0.99882614,IGH,0,,1.00E-06
174,lighter_mix_3.3e-05_err_rate_1_24.corrected.fastq,lighter,24,524,184604,551,24,14291,6,0,200000,506,41381700,588,31,33791,6,0,0,41416622,Lighter,NA,100,0.462522852,0.014750896,-30.43053016,0.999169029,IGH,0,,3.30E-05
175,lighter_mix_3.3e-06_err_rate_1_24.corrected.fastq,lighter,24,72,183643,55,2,16228,0,0,200000,63,41386770,50,3,29475,0,0,0,41416361,Lighter,NA,100,0.557522124,0.002132846,-260.2831858,0.999287045,IGH,0,,3.30E-06
176,lighter_mix_0.0001_err_rate_1_26.corrected.fastq,lighter,26,1349,174261,1657,42,22677,14,1,200000,1419,41350598,1814,229,63142,13,0,1,41417216,Lighter,NA,100,0.438911228,0.021974789,-19.09557686,0.998425824,IGH,2.41E-08,inf,0.0001
177,lighter_mix_0.00033_err_rate_1_26.corrected.fastq,lighter,26,4023,167465,4963,214,23282,53,5,200000,4457,41349633,6173,808,58160,53,3,2,41419289,Lighter,NA,100,0.419285042,0.071118558,-5.057008467,0.998425927,IGH,1.21E-07,0.666666667,0.00033
178,lighter_mix_0.001_err_rate_1_26.corrected.fastq,lighter,26,10735,152277,14811,235,21853,89,8,200000,12425,41345907,20416,729,45700,79,8,0,41425264,Lighter,NA,100,0.378338053,0.213473301,-1.015620718,0.998384271,IGH,1.93E-07,0,0.001
179,lighter_mix_0.0033_err_rate_1_26.corrected.fastq,lighter,26,19481,110675,35647,1433,32473,291,14,200000,34408,41272293,71777,6223,60308,330,12,2,41445353,Lighter,NA,100,0.324038235,0.362014183,-0.247021707,0.996654631,IGH,3.38E-07,0.166666667,0.0033
180,lighter_mix_1e-05_err_rate_1_26.corrected.fastq,lighter,26,147,182442,193,7,17211,0,0,200000,127,41367660,180,10,48445,0,0,0,41416422,Lighter,NA,100,0.413680782,0.002614675,-157.3876221,0.998825707,IGH,0,,1.00E-05
181,lighter_mix_1e-06_err_rate_1_26.corrected.fastq,lighter,26,17,185784,15,0,14184,0,0,200000,15,41367681,12,6,48637,0,0,0,41416351,Lighter,NA,100,0.555555556,0.000308312,-1800.814815,0.998825222,IGH,0,,1.00E-06
182,lighter_mix_3.3e-05_err_rate_1_26.corrected.fastq,lighter,26,544,188038,466,16,10930,6,0,200000,516,41392394,508,95,23102,5,0,0,41416620,Lighter,NA,100,0.50390625,0.021843119,-22.06152344,0.999427525,IGH,0,,3.30E-05
183,lighter_mix_3.3e-06_err_rate_1_26.corrected.fastq,lighter,26,74,181938,53,3,17932,0,0,200000,66,41366318,46,4,49927,0,0,0,41416361,Lighter,NA,100,0.589285714,0.001320185,-445.1875,0.998793303,IGH,0,,3.30E-06
184,lighter_mix_0.0001_err_rate_1_28.corrected.fastq,lighter,28,1553,187547,1625,45,9208,22,2,200000,1469,41376379,1801,145,37403,20,1,1,41417219,Lighter,NA,100,0.449235474,0.037771264,-10.99510703,0.999049429,IGH,4.83E-08,1,0.0001
185,lighter_mix_0.00033_err_rate_1_28.corrected.fastq,lighter,28,4398,170036,4887,176,20431,72,3,200000,4742,41371589,6022,657,36211,62,2,1,41419286,Lighter,NA,100,0.440542549,0.115616238,-2.929301375,0.998962947,IGH,7.24E-08,0.5,0.00033
186,lighter_mix_0.001_err_rate_1_28.corrected.fastq,lighter,28,11021,151860,14546,606,21821,146,9,200000,12963,41337273,19710,1035,54152,127,9,0,41425269,Lighter,NA,100,0.39674961,0.192781297,-1.264530346,0.998188714,IGH,2.17E-07,0,0.001
187,lighter_mix_0.0033_err_rate_1_28.corrected.fastq,lighter,28,20934,110377,33302,2716,32214,457,25,200000,36755,41287257,69962,6087,45015,452,20,7,41445555,Lighter,NA,100,0.344415604,0.447021478,-0.081636478,0.997067574,IGH,6.51E-07,0.35,0.0033
188,lighter_mix_1e-05_err_rate_1_28.corrected.fastq,lighter,28,170,188220,181,1,11426,2,0,200000,142,41389765,174,1,26340,2,0,0,41416424,Lighter,NA,100,0.449367089,0.005361728,-82.91139241,0.999359747,IGH,0,,1.00E-05
189,lighter_mix_1e-06_err_rate_1_28.corrected.fastq,lighter,28,21,191759,22,0,8198,0,0,200000,16,41389672,16,0,26647,0,0,0,41416351,Lighter,NA,100,0.5,0.000600083,-832.21875,0.99935622,IGH,0,,1.00E-06
190,lighter_mix_3.3e-05_err_rate_1_28.corrected.fastq,lighter,28,560,191920,571,28,6918,3,0,200000,514,41400055,564,36,15448,3,0,0,41416620,Lighter,NA,100,0.476808905,0.032195427,-13.85621521,0.99961245,IGH,0,,3.30E-05
191,lighter_mix_3.3e-06_err_rate_1_28.corrected.fastq,lighter,28,80,191869,47,3,8001,0,0,200000,72,41381844,41,5,34399,0,0,0,41416361,Lighter,NA,100,0.637168142,0.002088712,-303.7787611,0.999168324,IGH,0,,3.30E-06
192,lighter_mix_0.0001_err_rate_1_30.corrected.fastq,lighter,30,1561,188247,1679,187,8312,14,1,200000,1552,41393283,1707,224,20441,9,0,1,41417217,Lighter,NA,100,0.476219699,0.070539042,-5.798711261,0.999459621,IGH,2.41E-08,inf,0.0001
193,lighter_mix_0.00033_err_rate_1_30.corrected.fastq,lighter,30,3878,180088,3755,594,11624,61,3,200000,4999,41368858,5673,942,38746,66,2,1,41419287,Lighter,NA,100,0.468422039,0.114103764,-3.168384558,0.998903192,IGH,7.24E-08,0.5,0.00033
194,lighter_mix_0.001_err_rate_1_30.corrected.fastq,lighter,30,11285,153867,13251,882,20570,145,7,200000,13682,41350676,18638,1847,40283,129,7,0,41425262,Lighter,NA,100,0.423329208,0.252930085,-0.827042079,0.998529786,IGH,1.69E-07,0,0.001
195,lighter_mix_0.0033_err_rate_1_30.corrected.fastq,lighter,30,17813,124946,30695,537,25731,278,19,200000,36647,41280987,72941,2530,51857,354,14,7,41445337,Lighter,NA,100,0.334407052,0.412422067,-0.142022849,0.996918929,IGH,5.07E-07,0.5,0.0033
196,lighter_mix_1e-05_err_rate_1_30.corrected.fastq,lighter,30,174,188232,174,3,11417,0,0,200000,155,41389135,161,10,26961,0,0,0,41416422,Lighter,NA,100,0.490506329,0.005716182,-84.82911392,0.999344898,IGH,0,,1.00E-05
197,lighter_mix_1e-06_err_rate_1_30.corrected.fastq,lighter,30,17,191192,19,4,8768,0,0,200000,21,41382371,14,5,33940,0,0,0,41416351,Lighter,NA,100,0.6,0.000618356,-969.1142857,0.999180058,IGH,0,,1.00E-06
198,lighter_mix_3.3e-05_err_rate_1_30.corrected.fastq,lighter,30,466,188789,427,47,10263,8,0,200000,549,41385565,511,73,29917,8,0,0,41416623,Lighter,NA,100,0.517924528,0.018015357,-27.71320755,0.999263363,IGH,0,,3.30E-05
199,lighter_mix_3.3e-06_err_rate_1_30.corrected.fastq,lighter,30,66,195588,36,2,4308,0,0,200000,67,41398420,47,4,17823,0,0,0,41416361,Lighter,NA,100,0.587719298,0.003745109,-155.754386,0.999568431,IGH,0,,3.30E-06
200,musket_mix_0.0001_err_rate_1_20.corrected.fastq,musket,20,114,196755,3118,3,10,0,0,200000,118,41413876,3208,3,10,0,0,0,41417215,Musket,NA,100,0.035478052,0.921875,0.032471437,0.99992223,IGH,0,,0.0001
201,musket_mix_0.00033_err_rate_1_20.corrected.fastq,musket,20,232,189827,9912,8,19,2,0,200000,267,41408175,10804,10,21,2,0,0,41419279,Musket,NA,100,0.024117063,0.920689655,0.022039563,0.999738359,IGH,0,,0.00033
202,musket_mix_0.001_err_rate_1_20.corrected.fastq,musket,20,375,173367,26222,12,23,1,2,200000,494,41391931,32788,13,28,1,2,0,41425257,Musket,NA,100,0.014842858,0.944550669,0.013971516,0.99920744,IGH,4.83E-08,0,0.001
203,musket_mix_0.0033_err_rate_1_20.corrected.fastq,musket,20,265,136192,63449,36,58,0,1,200000,687,41334814,109681,81,69,0,1,0,41445333,Musket,NA,100,0.00622463,0.908730159,0.005599449,0.997349955,IGH,2.41E-08,0,0.0033
204,musket_mix_1e-05_err_rate_1_20.corrected.fastq,musket,20,24,199685,284,3,4,0,0,200000,23,41416104,287,4,4,0,0,0,41416422,Musket,NA,100,0.074193548,0.851851852,0.061290323,0.999992877,IGH,0,,1.00E-05
205,musket_mix_1e-06_err_rate_1_20.corrected.fastq,musket,20,1,199968,31,0,0,0,0,200000,1,41416319,31,0,0,0,0,0,41416351,Musket,NA,100,0.03125,1,0.03125,0.999999252,IGH,0,,1.00E-06
206,musket_mix_3.3e-05_err_rate_1_20.corrected.fastq,musket,20,59,198921,1012,1,7,0,0,200000,59,41415524,1029,1,7,0,0,0,41416620,Musket,NA,100,0.054227941,0.893939394,0.047794118,0.999974962,IGH,0,,3.30E-05
207,musket_mix_3.3e-06_err_rate_1_20.corrected.fastq,musket,20,8,199883,108,0,1,0,0,200000,8,41416244,108,0,1,0,0,0,41416361,Musket,NA,100,0.068965517,0.888888889,0.060344828,0.999997368,IGH,0,,3.30E-06
208,musket_mix_0.0001_err_rate_1_22.corrected.fastq,musket,22,125,196755,3105,3,12,0,0,200000,130,41413874,3196,3,12,0,0,0,41417215,Musket,NA,100,0.039085989,0.915492958,0.035478052,0.999922472,IGH,0,,0.0001
209,musket_mix_0.00033_err_rate_1_22.corrected.fastq,musket,22,235,189827,9906,11,19,2,0,200000,271,41408175,10798,12,21,2,0,0,41419279,Musket,NA,100,0.02448279,0.921768707,0.022404915,0.999738455,IGH,0,,0.00033
210,musket_mix_0.001_err_rate_1_22.corrected.fastq,musket,22,390,173367,26201,14,27,1,2,200000,522,41391930,32756,17,29,1,2,0,41425257,Musket,NA,100,0.015686039,0.945652174,0.014784542,0.999208092,IGH,4.83E-08,0,0.001
211,musket_mix_0.0033_err_rate_1_22.corrected.fastq,musket,22,298,136192,63396,38,76,0,1,200000,790,41334782,109583,88,89,0,1,0,41445333,Musket,NA,100,0.007157548,0.898748578,0.006351191,0.997351668,IGH,2.41E-08,0,0.0033
212,musket_mix_1e-05_err_rate_1_22.corrected.fastq,musket,22,24,199685,284,3,4,0,0,200000,23,41416104,287,4,4,0,0,0,41416422,Musket,NA,100,0.074193548,0.851851852,0.061290323,0.999992877,IGH,0,,1.00E-05
213,musket_mix_1e-06_err_rate_1_22.corrected.fastq,musket,22,1,199968,31,0,0,0,0,200000,1,41416319,31,0,0,0,0,0,41416351,Musket,NA,100,0.03125,1,0.03125,0.999999252,IGH,0,,1.00E-06
214,musket_mix_3.3e-05_err_rate_1_22.corrected.fastq,musket,22,59,198921,1008,3,9,0,0,200000,61,41415522,1025,3,9,0,0,0,41416620,Musket,NA,100,0.056169429,0.871428571,0.047882136,0.999974962,IGH,0,,3.30E-05
215,musket_mix_3.3e-06_err_rate_1_22.corrected.fastq,musket,22,9,199883,108,0,0,0,0,200000,9,41416245,107,0,0,0,0,0,41416361,Musket,NA,100,0.077586207,1,0.077586207,0.999997416,IGH,0,,3.30E-06
216,musket_mix_0.0001_err_rate_1_24.corrected.fastq,musket,24,137,196755,3092,3,13,0,0,200000,143,41413873,3183,3,13,0,0,0,41417215,Musket,NA,100,0.042994588,0.916666667,0.039085989,0.999922762,IGH,0,,0.0001
217,musket_mix_0.00033_err_rate_1_24.corrected.fastq,musket,24,242,189827,9898,11,20,2,0,200000,279,41408173,10790,12,23,2,0,0,41419279,Musket,NA,100,0.025205529,0.917763158,0.022946969,0.9997386,IGH,0,,0.00033
218,musket_mix_0.001_err_rate_1_24.corrected.fastq,musket,24,420,173367,26171,13,26,3,0,200000,559,41391931,32722,15,27,3,0,0,41425257,Musket,NA,100,0.01679637,0.949066214,0.015894955,0.999209009,IGH,0,,0.001
219,musket_mix_0.0033_err_rate_1_24.corrected.fastq,musket,24,320,136192,63365,44,79,0,1,200000,875,41334783,109498,87,89,0,1,0,41445333,Musket,NA,100,0.007927663,0.907676349,0.007121307,0.997353743,IGH,2.41E-08,0,0.0033
220,musket_mix_1e-05_err_rate_1_24.corrected.fastq,musket,24,26,199685,283,3,3,0,0,200000,25,41416105,285,4,3,0,0,0,41416422,Musket,NA,100,0.080645161,0.892857143,0.070967742,0.99999295,IGH,0,,1.00E-05
221,musket_mix_1e-06_err_rate_1_24.corrected.fastq,musket,24,1,199968,31,0,0,0,0,200000,1,41416319,31,0,0,0,0,0,41416351,Musket,NA,100,0.03125,1,0.03125,0.999999252,IGH,0,,1.00E-06
222,musket_mix_3.3e-05_err_rate_1_24.corrected.fastq,musket,24,60,198921,1007,3,9,0,0,200000,62,41415522,1024,3,9,0,0,0,41416620,Musket,NA,100,0.057090239,0.873239437,0.048802947,0.999974986,IGH,0,,3.30E-05
223,musket_mix_3.3e-06_err_rate_1_24.corrected.fastq,musket,24,9,199883,108,0,0,0,0,200000,9,41416245,107,0,0,0,0,0,41416361,Musket,NA,100,0.077586207,1,0.077586207,0.999997416,IGH,0,,3.30E-06
224,musket_mix_0.0001_err_rate_1_26.corrected.fastq,musket,26,141,196755,3086,3,15,0,0,200000,146,41413871,3180,3,15,0,0,0,41417215,Musket,NA,100,0.043896572,0.906832298,0.039386651,0.999922786,IGH,0,,0.0001
225,musket_mix_0.00033_err_rate_1_26.corrected.fastq,musket,26,249,189827,9894,11,17,2,0,200000,289,41408178,10780,12,18,2,0,0,41419279,Musket,NA,100,0.026108953,0.935275081,0.024302105,0.999738962,IGH,0,,0.00033
226,musket_mix_0.001_err_rate_1_26.corrected.fastq,musket,26,434,173367,26146,14,36,3,0,200000,583,41391918,32692,22,39,3,0,0,41425257,Musket,NA,100,0.017520661,0.9328,0.016258452,0.999209275,IGH,0,,0.001
227,musket_mix_0.0033_err_rate_1_26.corrected.fastq,musket,26,365,136192,63312,46,85,0,1,200000,951,41334778,109417,92,94,0,1,0,41445333,Musket,NA,100,0.008616628,0.910047847,0.007764932,0.997355456,IGH,2.41E-08,0,0.0033
228,musket_mix_1e-05_err_rate_1_26.corrected.fastq,musket,26,31,199685,276,3,5,0,0,200000,30,41416101,280,4,7,0,0,0,41416422,Musket,NA,100,0.096774194,0.810810811,0.074193548,0.999992974,IGH,0,,1.00E-05
229,musket_mix_1e-06_err_rate_1_26.corrected.fastq,musket,26,1,199968,31,0,0,0,0,200000,1,41416319,31,0,0,0,0,0,41416351,Musket,NA,100,0.03125,1,0.03125,0.999999252,IGH,0,,1.00E-06
230,musket_mix_3.3e-05_err_rate_1_26.corrected.fastq,musket,26,69,198921,1000,3,7,0,0,200000,71,41415524,1015,3,7,0,0,0,41416620,Musket,NA,100,0.065377532,0.91025641,0.05893186,0.999975251,IGH,0,,3.30E-05
231,musket_mix_3.3e-06_err_rate_1_26.corrected.fastq,musket,26,9,199883,108,0,0,0,0,200000,9,41416245,107,0,0,0,0,0,41416361,Musket,NA,100,0.077586207,1,0.077586207,0.999997416,IGH,0,,3.30E-06
232,musket_mix_0.0001_err_rate_1_28.corrected.fastq,musket,28,141,196755,3086,3,15,0,0,200000,146,41413871,3180,3,15,0,0,0,41417215,Musket,NA,100,0.043896572,0.906832298,0.039386651,0.999922786,IGH,0,,0.0001
233,musket_mix_0.00033_err_rate_1_28.corrected.fastq,musket,28,253,189827,9889,12,17,2,0,200000,293,41408176,10775,13,20,2,0,0,41419279,Musket,NA,100,0.026472714,0.93015873,0.024485002,0.99973901,IGH,0,,0.00033
234,musket_mix_0.001_err_rate_1_28.corrected.fastq,musket,28,443,173367,26137,14,36,3,0,200000,595,41391915,32680,22,42,3,0,0,41425257,Musket,NA,100,0.017881292,0.9296875,0.016528926,0.999209492,IGH,0,,0.001
235,musket_mix_0.0033_err_rate_1_28.corrected.fastq,musket,28,396,136192,63275,50,87,0,1,200000,1012,41334779,109351,95,95,0,1,0,41445333,Musket,NA,100,0.00916974,0.914182475,0.008308944,0.997356952,IGH,2.41E-08,0,0.0033
236,musket_mix_1e-05_err_rate_1_28.corrected.fastq,musket,28,31,199685,276,3,5,0,0,200000,30,41416101,280,4,7,0,0,0,41416422,Musket,NA,100,0.096774194,0.810810811,0.074193548,0.999992974,IGH,0,,1.00E-05
237,musket_mix_1e-06_err_rate_1_28.corrected.fastq,musket,28,1,199968,31,0,0,0,0,200000,1,41416319,31,0,0,0,0,0,41416351,Musket,NA,100,0.03125,1,0.03125,0.999999252,IGH,0,,1.00E-06
238,musket_mix_3.3e-05_err_rate_1_28.corrected.fastq,musket,28,70,198921,1000,3,6,0,0,200000,71,41415525,1015,3,6,0,0,0,41416620,Musket,NA,100,0.065377532,0.922077922,0.05985267,0.999975276,IGH,0,,3.30E-05
239,musket_mix_3.3e-06_err_rate_1_28.corrected.fastq,musket,28,9,199883,108,0,0,0,0,200000,9,41416245,107,0,0,0,0,0,41416361,Musket,NA,100,0.077586207,1,0.077586207,0.999997416,IGH,0,,3.30E-06
240,musket_mix_0.0001_err_rate_1_30.corrected.fastq,musket,30,141,196755,3086,3,15,0,0,200000,146,41413871,3180,3,15,0,0,0,41417215,Musket,NA,100,0.043896572,0.906832298,0.039386651,0.999922786,IGH,0,,0.0001
241,musket_mix_0.00033_err_rate_1_30.corrected.fastq,musket,30,253,189827,9889,12,17,2,0,200000,293,41408176,10775,13,20,2,0,0,41419279,Musket,NA,100,0.026472714,0.93015873,0.024485002,0.99973901,IGH,0,,0.00033
242,musket_mix_0.001_err_rate_1_30.corrected.fastq,musket,30,443,173367,26137,14,36,3,0,200000,595,41391915,32680,22,42,3,0,0,41425257,Musket,NA,100,0.017881292,0.9296875,0.016528926,0.999209492,IGH,0,,0.001
243,musket_mix_0.0033_err_rate_1_30.corrected.fastq,musket,30,457,123490,75897,59,97,0,1,200000,1011,41335027,109366,95,95,0,1,0,41445595,Musket,NA,100,0.009159517,0.914104882,0.00829883,0.997356607,IGH,2.41E-08,0,0.0033
244,musket_mix_1e-05_err_rate_1_30.corrected.fastq,musket,30,31,199685,276,3,5,0,0,200000,30,41416101,280,4,7,0,0,0,41416422,Musket,NA,100,0.096774194,0.810810811,0.074193548,0.999992974,IGH,0,,1.00E-05
245,musket_mix_1e-06_err_rate_1_30.corrected.fastq,musket,30,1,199968,31,0,0,0,0,200000,1,41416319,31,0,0,0,0,0,41416351,Musket,NA,100,0.03125,1,0.03125,0.999999252,IGH,0,,1.00E-06
246,musket_mix_3.3e-05_err_rate_1_30.corrected.fastq,musket,30,70,198921,1000,3,6,0,0,200000,71,41415525,1015,3,6,0,0,0,41416620,Musket,NA,100,0.065377532,0.922077922,0.05985267,0.999975276,IGH,0,,3.30E-05
247,musket_mix_3.3e-06_err_rate_1_30.corrected.fastq,musket,30,9,199883,108,0,0,0,0,200000,9,41416245,107,0,0,0,0,0,41416361,Musket,NA,100,0.077586207,1,0.077586207,0.999997416,IGH,0,,3.30E-06
248,pollux_mix_0.0001_err_rate_1_20.corrected.fastq,pollux,20,1081,118123,983,5,64114,15694,316,200000,1623,41200267,1693,32,188595,30967,400,1,41423578,Pollux,NA,100,0.489445115,0.007337749,-65.723462,0.994648289,IGH,9.68E-06,0.0025,0.0001
249,pollux_mix_0.00033_err_rate_1_20.corrected.fastq,pollux,20,3574,117286,2908,10,64403,11819,334,200000,5625,41200579,5421,94,189594,23235,418,0,41424966,Pollux,NA,100,0.509234112,0.025749128,-18.75828354,0.994719078,IGH,1.01E-05,0,0.00033
250,pollux_mix_0.001_err_rate_1_20.corrected.fastq,pollux,20,5377,101604,9685,39,68953,14342,351,200000,14040,41172251,19180,262,192749,32243,434,13,41431172,Pollux,NA,100,0.422636966,0.058736906,-6.350150512,0.994089762,IGH,1.08E-05,0.029953917,0.001
251,pollux_mix_0.0033_err_rate_1_20.corrected.fastq,pollux,20,8582,83764,30219,257,66857,10321,583,200000,30771,41132681,78454,1291,187766,19504,796,53,41451316,Pollux,NA,100,0.281721218,0.129267647,-1.615921263,0.993056641,IGH,2.05E-05,0.066582915,0.0033
252,pollux_mix_1e-05_err_rate_1_20.corrected.fastq,pollux,20,99,115950,97,0,63993,19861,312,200000,147,41186174,167,0,192478,43432,397,0,41422795,Pollux,NA,100,0.468152866,0.000622731,-750.8375796,0.994291211,IGH,9.58E-06,0,1.00E-05
253,pollux_mix_1e-06_err_rate_1_20.corrected.fastq,pollux,20,14,116135,10,0,63976,19865,311,200000,17,41186390,15,0,192469,43440,395,0,41422726,Pollux,NA,100,0.53125,7.21E-05,-7371.625,0.994294943,IGH,9.54E-06,0,1.00E-06
254,pollux_mix_3.3e-05_err_rate_1_20.corrected.fastq,pollux,20,380,120774,342,0,64025,14479,312,200000,532,41202489,554,5,186119,32534,396,0,41422629,Pollux,NA,100,0.489871087,0.002427173,-200.8480663,0.994698357,IGH,9.56E-06,0,3.30E-05
255,pollux_mix_3.3e-06_err_rate_1_20.corrected.fastq,pollux,20,33,116088,32,0,63983,19864,311,200000,57,41186108,59,0,192679,43438,395,0,41422736,Pollux,NA,100,0.49137931,0.000241347,-2035,0.994288861,IGH,9.54E-06,0,3.30E-06
256,pollux_mix_0.0001_err_rate_1_22.corrected.fastq,pollux,22,1119,113623,776,6,69193,15283,683,200000,1831,41190710,1481,34,197706,30017,1790,1,41423570,Pollux,NA,100,0.552838164,0.007976337,-68.20410628,0.994422789,IGH,4.32E-05,0.000558659,0.0001
257,pollux_mix_0.00033_err_rate_1_22.corrected.fastq,pollux,22,3195,112012,2887,9,69433,12464,669,200000,5642,41190668,5394,103,197949,24386,1758,0,41425900,Pollux,NA,100,0.511235955,0.024748111,-19.6351033,0.994457815,IGH,4.24E-05,0,0.00033
258,pollux_mix_0.001_err_rate_1_22.corrected.fastq,pollux,22,5807,103826,9931,55,70360,10021,807,200000,14189,41180472,18984,309,195520,19489,1865,13,41430841,Pollux,NA,100,0.427727369,0.061907172,-6.053718385,0.994299728,IGH,4.53E-05,0.006970509,0.001
259,pollux_mix_0.0033_err_rate_1_22.corrected.fastq,pollux,22,8266,85602,30090,266,65783,9993,867,200000,31421,41143900,77819,1267,175056,19370,1875,57,41450765,Pollux,NA,100,0.287632735,0.13912516,-1.492173197,0.993356278,IGH,4.66E-05,0.0304,0.0033
260,pollux_mix_1e-05_err_rate_1_22.corrected.fastq,pollux,22,111,115389,77,0,69095,15328,680,200000,169,41192956,145,0,197563,30172,1791,0,41422796,Pollux,NA,100,0.538216561,0.00074154,-724.7324841,0.994455444,IGH,4.32E-05,0,1.00E-05
261,pollux_mix_1e-06_err_rate_1_22.corrected.fastq,pollux,22,14,115569,9,0,69077,15331,679,200000,19,41193186,13,0,197538,30180,1789,0,41422725,Pollux,NA,100,0.59375,8.34E-05,-7115.59375,0.99445908,IGH,4.32E-05,0,1.00E-06
262,pollux_mix_3.3e-05_err_rate_1_22.corrected.fastq,pollux,22,387,120146,282,0,69138,10047,680,200000,584,41207385,501,6,192300,19478,1790,0,41422044,Pollux,NA,100,0.538248848,0.002750021,-194.6488479,0.994831858,IGH,4.32E-05,0,3.30E-05
263,pollux_mix_3.3e-06_err_rate_1_22.corrected.fastq,pollux,22,37,115519,30,0,69084,15330,679,200000,62,41192599,54,0,198053,30178,1789,0,41422735,Pollux,NA,100,0.534482759,0.000271581,-1966.974138,0.994445707,IGH,4.32E-05,0,3.30E-06
264,pollux_mix_0.0001_err_rate_1_24.corrected.fastq,pollux,24,1253,115467,753,7,67536,14984,495,200000,1841,41221466,1478,27,167957,29669,1038,1,41423477,Pollux,NA,100,0.554685146,0.009229597,-58.98915336,0.99516774,IGH,2.51E-05,0.000963391,0.0001
265,pollux_mix_0.00033_err_rate_1_24.corrected.fastq,pollux,24,3578,113631,2815,10,67780,12186,483,200000,5758,41219781,5286,92,169319,24081,1014,0,41425331,Pollux,NA,100,0.521369069,0.028911718,-16.99040203,0.995177057,IGH,2.45E-05,0,0.00033
266,pollux_mix_0.001_err_rate_1_24.corrected.fastq,pollux,24,6696,104513,9846,56,68833,10056,626,200000,14429,41205824,18735,307,171123,19560,1137,13,41431128,Pollux,NA,100,0.435080207,0.070346932,-5.314618261,0.99491054,IGH,2.78E-05,0.011433597,0.001
267,pollux_mix_0.0033_err_rate_1_24.corrected.fastq,pollux,24,9004,80018,29030,271,71338,10339,690,200000,33611,41134889,75668,1246,184367,20280,1157,57,41451275,Pollux,NA,100,0.30757053,0.141069765,-1.565131453,0.993179501,IGH,2.93E-05,0.049265341,0.0033
268,pollux_mix_1e-05_err_rate_1_24.corrected.fastq,pollux,24,122,117361,85,0,67411,15021,492,200000,171,41223914,143,0,167640,29794,1039,0,41422701,Pollux,NA,100,0.544585987,0.000865363,-628.2261146,0.995205141,IGH,2.51E-05,0,1.00E-05
269,pollux_mix_1e-06_err_rate_1_24.corrected.fastq,pollux,24,13,117557,8,0,67396,15026,491,200000,19,41224136,13,0,167620,29807,1037,0,41422632,Pollux,NA,100,0.59375,9.62E-05,-6169,0.995208489,IGH,2.50E-05,0,1.00E-06
270,pollux_mix_3.3e-05_err_rate_1_24.corrected.fastq,pollux,24,422,121929,278,0,67412,9959,492,200000,598,41236279,487,6,164537,19550,1038,0,41422495,Pollux,NA,100,0.551152074,0.003237946,-169.1142857,0.995518908,IGH,2.51E-05,0,3.30E-05
271,pollux_mix_3.3e-06_err_rate_1_24.corrected.fastq,pollux,24,40,117509,32,0,67396,15023,492,200000,61,41222294,55,0,169414,29807,1038,0,41422669,Pollux,NA,100,0.525862069,0.000306099,-1716.896552,0.995164146,IGH,2.51E-05,0,3.30E-06
272,pollux_mix_0.0001_err_rate_1_26.corrected.fastq,pollux,26,1315,117168,736,3,66386,14392,678,200000,1904,41200651,1416,27,188977,28135,1776,1,41422887,Pollux,NA,100,0.573493976,0.008693429,-64.82168675,0.994680936,IGH,4.29E-05,0.000563063,0.0001
273,pollux_mix_0.00033_err_rate_1_26.corrected.fastq,pollux,26,3800,115098,2731,12,66716,11643,663,200000,5918,41204062,5084,97,185831,22652,1743,0,41425387,Pollux,NA,100,0.5379022,0.027602483,-18.41165243,0.994800121,IGH,4.21E-05,0,0.00033
274,pollux_mix_0.001_err_rate_1_26.corrected.fastq,pollux,26,6965,105839,9738,77,67843,9538,800,200000,14727,41187958,18401,351,189068,18449,1845,13,41430812,Pollux,NA,100,0.444548418,0.066265006,-5.819548418,0.994494096,IGH,4.48E-05,0.00704607,0.001
275,pollux_mix_0.0033_err_rate_1_26.corrected.fastq,pollux,26,10579,83116,28491,296,67585,9933,861,200000,36184,41129498,73020,1348,189763,18902,1860,57,41450632,Pollux,NA,100,0.331343174,0.147780877,-1.579438482,0.993126923,IGH,4.62E-05,0.030645161,0.0033
276,pollux_mix_1e-05_err_rate_1_26.corrected.fastq,pollux,26,125,118922,71,0,66354,14528,675,200000,183,41202253,129,2,189088,28670,1777,0,41422102,Pollux,NA,100,0.586538462,0.000839677,-697.3557692,0.994696889,IGH,4.29E-05,0,1.00E-05
277,pollux_mix_1e-06_err_rate_1_26.corrected.fastq,pollux,26,16,119103,6,0,66344,14531,674,200000,21,41202281,11,0,189088,28681,1775,0,41421857,Pollux,NA,100,0.65625,9.64E-05,-6804.625,0.994699537,IGH,4.29E-05,0,1.00E-06
278,pollux_mix_3.3e-05_err_rate_1_26.corrected.fastq,pollux,26,445,123151,262,0,66427,9715,675,200000,625,41214152,456,10,186216,18990,1776,0,41422225,Pollux,NA,100,0.578168363,0.003036472,-189.2516189,0.994991867,IGH,4.29E-05,0,3.30E-05
279,pollux_mix_3.3e-06_err_rate_1_26.corrected.fastq,pollux,26,45,119044,23,0,66356,14532,674,200000,70,41200541,46,0,190930,28681,1775,0,41422043,Pollux,NA,100,0.603448276,0.000318644,-1892.594828,0.994654247,IGH,4.29E-05,0,3.30E-06
280,pollux_mix_0.0001_err_rate_1_28.corrected.fastq,pollux,28,1415,120458,728,6,63399,13994,327,200000,1923,41213358,1371,35,180815,26736,381,1,41424620,Pollux,NA,100,0.583788707,0.009180137,-62.42501518,0.994946532,IGH,9.22E-06,0.002624672,0.0001
281,pollux_mix_0.00033_err_rate_1_28.corrected.fastq,pollux,28,3762,117959,2752,8,68903,6616,322,200000,5970,41207421,5025,101,195428,11938,379,0,41426262,Pollux,NA,100,0.542974079,0.027984025,-18.31705321,0.994861448,IGH,9.15E-06,0,0.00033
282,pollux_mix_0.001_err_rate_1_28.corrected.fastq,pollux,28,6879,104682,9451,79,69554,9355,339,200000,15121,41184180,17825,402,196337,17398,384,13,41431660,Pollux,NA,100,0.458963152,0.066072115,-6.028470831,0.994392065,IGH,9.58E-06,0.033854167,0.001
283,pollux_mix_0.0033_err_rate_1_28.corrected.fastq,pollux,28,11342,80837,26037,289,71982,9513,402,200000,38273,41115984,70906,1406,206487,17358,430,53,41450897,Pollux,NA,100,0.350552762,0.14601439,-1.699704156,0.99284485,IGH,1.17E-05,0.123255814,0.0033
284,pollux_mix_1e-05_err_rate_1_28.corrected.fastq,pollux,28,149,122523,65,0,63273,13990,324,200000,192,41215848,122,0,180553,26739,379,0,41423833,Pollux,NA,100,0.611464968,0.000925373,-659.5541401,0.994983733,IGH,9.15E-06,0,1.00E-05
285,pollux_mix_1e-06_err_rate_1_28.corrected.fastq,pollux,28,16,122727,7,0,63259,13991,323,200000,21,41216756,11,0,180536,26741,377,0,41424442,Pollux,NA,100,0.65625,0.000101303,-6476.75,0.994986897,IGH,9.10E-06,0,1.00E-06
286,pollux_mix_3.3e-05_err_rate_1_28.corrected.fastq,pollux,28,485,126635,249,0,63333,9298,325,200000,635,41228456,447,7,175978,17296,379,0,41423198,Pollux,NA,100,0.586876155,0.003274732,-178.0397412,0.995314051,IGH,9.15E-06,0,3.30E-05
287,pollux_mix_3.3e-06_err_rate_1_28.corrected.fastq,pollux,28,45,122676,24,0,63265,13990,323,200000,68,41216644,49,0,180556,26739,377,0,41424433,Pollux,NA,100,0.581196581,0.000327927,-1771.17094,0.994985544,IGH,9.10E-06,0,3.30E-06
288,pollux_mix_0.0001_err_rate_1_30.corrected.fastq,pollux,30,1394,129081,825,4,54833,13863,287,200000,1876,41237055,1424,30,156580,26890,341,1,41424197,Pollux,NA,100,0.568484848,0.01012161,-55.02848485,0.995527614,IGH,8.26E-06,0.002932551,0.0001
289,pollux_mix_0.00033_err_rate_1_30.corrected.fastq,pollux,30,4189,131140,2969,11,55086,6605,285,200000,5935,41249866,5076,84,152366,12329,343,0,41425999,Pollux,NA,100,0.539006448,0.034782864,-14.41830896,0.995891517,IGH,8.28E-06,0,0.00033
290,pollux_mix_0.001_err_rate_1_30.corrected.fastq,pollux,30,8288,120169,9850,68,52231,9394,305,200000,15334,41235165,17650,357,145236,17867,356,13,41431978,Pollux,NA,100,0.464892069,0.085935092,-4.480020616,0.995620145,IGH,8.91E-06,0.036516854,0.001
291,pollux_mix_0.0033_err_rate_1_30.corrected.fastq,pollux,30,12514,94346,29478,389,53256,10017,378,200000,37098,41178528,72052,1449,143594,18771,422,57,41451971,Pollux,NA,100,0.339880898,0.185989381,-1.147659185,0.994299708,IGH,1.16E-05,0.13507109,0.0033
292,pollux_mix_1e-05_err_rate_1_30.corrected.fastq,pollux,30,146,131214,76,0,54712,13852,285,200000,188,41239580,126,0,156266,26879,340,0,41423379,Pollux,NA,100,0.598726115,0.001025456,-582.6656051,0.995567455,IGH,8.21E-06,0,1.00E-05
293,pollux_mix_1e-06_err_rate_1_30.corrected.fastq,pollux,30,17,131416,10,0,54704,13853,284,200000,20,41240063,12,0,156273,26879,338,0,41423585,Pollux,NA,100,0.625,0.000109187,-5722.875,0.995570108,IGH,8.16E-06,0,1.00E-06
294,pollux_mix_3.3e-05_err_rate_1_30.corrected.fastq,pollux,30,488,135293,268,0,54766,9185,285,200000,624,41253241,458,6,151756,17489,339,0,41423913,Pollux,NA,100,0.576709797,0.003673419,-155.8419593,0.995894932,IGH,8.18E-06,0,3.30E-05
295,pollux_mix_3.3e-06_err_rate_1_30.corrected.fastq,pollux,30,42,131364,32,0,54710,13852,284,200000,65,41239703,51,0,156286,26877,338,0,41423320,Pollux,NA,100,0.560344828,0.000354749,-1578.431034,0.995568873,IGH,8.16E-06,0,3.30E-06
296,racer_mix_0.0001_err_rate_1_9181.corrected.fastq,racer,0,2389,196755,20,4,0,832,66,200000,3325,41413793,21,4,0,856,68,1,41418068,Racer,NA,100,0.993723849,0.795264291,0.737895995,0.999977087,IGH,1.67E-06,0.014705882,0.0001
297,racer_mix_0.00033_err_rate_1_9181.corrected.fastq,racer,0,7426,189697,95,24,148,2610,234,200000,11029,41407694,98,39,162,2832,253,2,41422109,Racer,NA,100,0.991192595,0.786493618,0.722117372,0.999918304,IGH,6.16E-06,0.007905138,0.00033
298,racer_mix_0.001_err_rate_1_9181.corrected.fastq,racer,0,19592,173326,591,488,224,5779,470,200000,31879,41390909,888,752,256,7299,555,2,41432540,Racer,NA,100,0.972899564,0.808414059,0.742332224,0.999764678,IGH,1.34E-05,0.003603604,0.001
299,racer_mix_0.0033_err_rate_1_9181.corrected.fastq,racer,0,47937,135568,3485,3731,1758,7521,1549,200000,93495,41329194,10735,7049,2399,12372,2264,17,41457525,Racer,NA,100,0.89700662,0.86356751,0.755291183,0.999160128,IGH,5.50E-05,0.007508834,0.0033
300,racer_mix_1e-05_err_rate_1_9181.corrected.fastq,racer,0,233,199685,0,0,0,82,3,200000,314,41416105,0,0,0,82,3,0,41416504,Racer,NA,100,1,0.792929293,0.738853503,0.999997948,IGH,7.24E-08,0,1.00E-05
301,racer_mix_1e-06_err_rate_1_9181.corrected.fastq,racer,0,21,199968,0,0,0,11,0,200000,32,41416319,0,0,0,11,0,0,41416362,Racer,NA,100,1,0.744186047,0.65625,0.999999734,IGH,0,,1.00E-06
302,racer_mix_3.3e-05_err_rate_1_9181.corrected.fastq,racer,0,795,198921,8,0,0,276,21,200000,1085,41415506,8,0,0,276,21,0,41416896,Racer,NA,100,0.992680695,0.797207935,0.740164684,0.999992636,IGH,5.07E-07,0,3.30E-05
303,racer_mix_3.3e-06_err_rate_1_9181.corrected.fastq,racer,0,96,199883,1,0,0,20,0,200000,117,41416243,1,0,0,20,0,0,41416381,Racer,NA,100,0.991525424,0.854014599,0.822033898,0.999999493,IGH,0,,3.30E-06
304,reckoner_mix_0.0001_err_rate_1_20.corrected.fastq,reckoner,20,383,196754,2803,11,33,16,10,200000,420,41413740,2902,11,120,30,22,0,41417245,Reckoner,NA,100,0.126429862,0.736842105,0.08127634,0.999925514,IGH,5.31E-07,0,0.0001
305,reckoner_mix_0.00033_err_rate_1_20.corrected.fastq,reckoner,20,706,189826,9331,24,71,42,18,200000,869,41407897,10189,31,244,77,29,1,41419337,Reckoner,NA,100,0.078585639,0.730252101,0.049556882,0.999744805,IGH,7.24E-07,0.034482759,0.00033
306,reckoner_mix_0.001_err_rate_1_20.corrected.fastq,reckoner,20,869,173366,25444,49,189,83,37,200000,1410,41391168,31808,95,655,199,55,0,41425390,Reckoner,NA,100,0.042446866,0.622791519,0.016737913,0.999207925,IGH,1.33E-06,0,0.001
307,reckoner_mix_0.0033_err_rate_1_20.corrected.fastq,reckoner,20,563,136190,62580,78,434,155,69,200000,2310,41333151,107981,210,1415,478,113,5,41445663,Reckoner,NA,100,0.020944592,0.549607423,0.003780907,0.997341169,IGH,2.85E-06,0.044247788,0.0033
308,reckoner_mix_1e-05_err_rate_1_20.corrected.fastq,reckoner,20,86,199684,211,3,11,5,1,200000,91,41416075,220,3,29,9,1,0,41416428,Reckoner,NA,100,0.292604502,0.705426357,0.170418006,0.999993674,IGH,2.41E-08,0,1.00E-05
309,reckoner_mix_1e-06_err_rate_1_20.corrected.fastq,reckoner,20,13,199967,16,0,2,2,0,200000,15,41416310,17,0,9,2,0,0,41416353,Reckoner,NA,100,0.46875,0.576923077,0.125,0.999999324,IGH,0,,1.00E-06
310,reckoner_mix_3.3e-05_err_rate_1_20.corrected.fastq,reckoner,20,214,198920,830,4,25,7,3,200000,227,41415454,860,4,70,8,3,0,41416626,Reckoner,NA,100,0.208831647,0.744262295,0.137074517,0.999977183,IGH,7.24E-08,0,3.30E-05
311,reckoner_mix_3.3e-06_err_rate_1_20.corrected.fastq,reckoner,20,52,199882,51,3,12,0,0,200000,51,41416215,62,3,30,0,0,0,41416361,Reckoner,NA,100,0.451327434,0.62962963,0.185840708,0.999997706,IGH,0,,3.30E-06
312,reckoner_mix_0.0001_err_rate_1_22.corrected.fastq,reckoner,22,394,196754,2789,11,36,16,10,200000,432,41413719,2890,11,141,30,22,0,41417245,Reckoner,NA,100,0.130042143,0.71641791,0.078567128,0.999925297,IGH,5.31E-07,0,0.0001
313,reckoner_mix_0.00033_err_rate_1_22.corrected.fastq,reckoner,22,738,189826,9304,17,68,47,19,200000,901,41407724,10161,23,376,167,30,1,41419383,Reckoner,NA,100,0.081450009,0.623961219,0.032363045,0.999740291,IGH,7.48E-07,0.033333333,0.00033
314,reckoner_mix_0.001_err_rate_1_22.corrected.fastq,reckoner,22,925,173366,25366,50,205,88,43,200000,1508,41391070,31702,97,762,181,73,0,41425393,Reckoner,NA,100,0.04540801,0.615259078,0.017012948,0.999207853,IGH,1.76E-06,0,0.001
315,reckoner_mix_0.0033_err_rate_1_22.corrected.fastq,reckoner,22,629,136190,62509,79,424,169,69,200000,2439,41333172,107867,200,1415,425,142,5,41445665,Reckoner,NA,100,0.022111218,0.569992989,0.005430348,0.99734474,IGH,3.55E-06,0.035211268,0.0033
316,reckoner_mix_1e-05_err_rate_1_22.corrected.fastq,reckoner,22,91,199684,206,3,12,4,2,200000,96,41416087,215,3,19,4,2,0,41416426,Reckoner,NA,100,0.308681672,0.806722689,0.234726688,0.999994133,IGH,4.83E-08,0,1.00E-05
317,reckoner_mix_1e-06_err_rate_1_22.corrected.fastq,reckoner,22,13,199967,16,0,2,2,0,200000,15,41416310,17,0,9,2,0,0,41416353,Reckoner,NA,100,0.46875,0.576923077,0.125,0.999999324,IGH,0,,1.00E-06
318,reckoner_mix_3.3e-05_err_rate_1_22.corrected.fastq,reckoner,22,227,198920,814,6,27,6,5,200000,241,41415457,844,6,66,6,5,0,41416625,Reckoner,NA,100,0.222119816,0.769968051,0.155760369,0.999977618,IGH,1.21E-07,0,3.30E-05
319,reckoner_mix_3.3e-06_err_rate_1_22.corrected.fastq,reckoner,22,53,199882,49,3,13,0,0,200000,52,41416218,61,3,27,0,0,0,41416361,Reckoner,NA,100,0.460176991,0.658227848,0.221238938,0.999997803,IGH,0,,3.30E-06
320,reckoner_mix_0.0001_err_rate_1_24.corrected.fastq,reckoner,24,402,196754,2774,11,42,17,10,200000,442,41413706,2880,11,153,31,22,0,41417245,Reckoner,NA,100,0.133052378,0.706070288,0.077664058,0.999925224,IGH,5.31E-07,0,0.0001
321,reckoner_mix_0.00033_err_rate_1_24.corrected.fastq,reckoner,24,763,189826,9282,18,71,40,21,200000,927,41407890,10136,25,259,60,30,1,41419328,Reckoner,NA,100,0.083792823,0.743980738,0.054957968,0.999746254,IGH,7.48E-07,0.033333333,0.00033
322,reckoner_mix_0.001_err_rate_1_24.corrected.fastq,reckoner,24,980,173366,25302,51,219,82,55,200000,1610,41391064,31604,96,761,177,86,0,41425398,Reckoner,NA,100,0.048473535,0.631868132,0.020232432,0.99921005,IGH,2.08E-06,0,0.001
323,reckoner_mix_0.0033_err_rate_1_24.corrected.fastq,reckoner,24,696,136190,62415,80,442,177,72,200000,2684,41333206,107602,215,1403,427,121,5,41445663,Reckoner,NA,100,0.024336725,0.594594595,0.007743503,0.99735152,IGH,3.04E-06,0.041322314,0.0033
324,reckoner_mix_1e-05_err_rate_1_24.corrected.fastq,reckoner,24,94,199684,204,3,13,2,2,200000,97,41416084,214,3,22,2,2,0,41416424,Reckoner,NA,100,0.311897106,0.801652893,0.234726688,0.999994133,IGH,4.83E-08,0,1.00E-05
325,reckoner_mix_1e-06_err_rate_1_24.corrected.fastq,reckoner,24,13,199967,16,0,2,2,0,200000,15,41416310,17,0,9,2,0,0,41416353,Reckoner,NA,100,0.46875,0.576923077,0.125,0.999999324,IGH,0,,1.00E-06
326,reckoner_mix_3.3e-05_err_rate_1_24.corrected.fastq,reckoner,24,232,198920,807,6,29,6,5,200000,248,41415455,837,6,68,6,5,0,41416625,Reckoner,NA,100,0.228571429,0.770186335,0.160368664,0.999977738,IGH,1.21E-07,0,3.30E-05
327,reckoner_mix_3.3e-06_err_rate_1_24.corrected.fastq,reckoner,24,60,199882,46,3,9,0,0,200000,59,41416223,54,3,22,0,0,0,41416361,Reckoner,NA,100,0.522123894,0.728395062,0.327433628,0.999998093,IGH,0,,3.30E-06
328,reckoner_mix_0.0001_err_rate_1_26.corrected.fastq,reckoner,26,415,196754,2759,12,43,17,12,200000,459,41413694,2864,12,161,31,24,0,41417245,Reckoner,NA,100,0.138128197,0.705069124,0.080349082,0.999925345,IGH,5.79E-07,0,0.0001
329,reckoner_mix_0.00033_err_rate_1_26.corrected.fastq,reckoner,26,782,189826,9257,18,74,43,20,200000,957,41407832,10107,24,315,63,29,1,41419328,Reckoner,NA,100,0.086496746,0.716853933,0.052331887,0.999745578,IGH,7.24E-07,0.034482759,0.00033
330,reckoner_mix_0.001_err_rate_1_26.corrected.fastq,reckoner,26,1020,173366,25276,49,198,91,55,200000,1696,41391128,31519,95,687,198,76,0,41425399,Reckoner,NA,100,0.051061267,0.657109647,0.024416679,0.999213647,IGH,1.83E-06,0,0.001
331,reckoner_mix_0.0033_err_rate_1_26.corrected.fastq,reckoner,26,763,136190,62313,84,461,189,83,200000,2855,41333114,107416,215,1492,421,148,5,41445666,Reckoner,NA,100,0.02589076,0.598783557,0.008542591,0.997353354,IGH,3.69E-06,0.033783784,0.0033
332,reckoner_mix_1e-05_err_rate_1_26.corrected.fastq,reckoner,26,98,199684,197,3,16,2,2,200000,101,41416077,210,3,29,2,2,0,41416424,Reckoner,NA,100,0.324758842,0.765151515,0.225080386,0.99999406,IGH,4.83E-08,0,1.00E-05
333,reckoner_mix_1e-06_err_rate_1_26.corrected.fastq,reckoner,26,13,199967,16,0,2,2,0,200000,15,41416309,17,0,10,2,0,0,41416353,Reckoner,NA,100,0.46875,0.555555556,0.09375,0.9999993,IGH,0,,1.00E-06
334,reckoner_mix_3.3e-05_err_rate_1_26.corrected.fastq,reckoner,26,234,198920,803,6,31,6,6,200000,250,41415446,835,6,76,6,6,0,41416625,Reckoner,NA,100,0.230414747,0.753012048,0.15483871,0.999977569,IGH,1.45E-07,0,3.30E-05
335,reckoner_mix_3.3e-06_err_rate_1_26.corrected.fastq,reckoner,26,58,199882,45,3,12,0,0,200000,57,41416218,56,3,27,0,0,0,41416361,Reckoner,NA,100,0.504424779,0.678571429,0.265486726,0.999997924,IGH,0,,3.30E-06
336,reckoner_mix_0.0001_err_rate_1_28.corrected.fastq,reckoner,28,418,196754,2754,14,43,17,12,200000,464,41413687,2857,14,168,31,24,0,41417245,Reckoner,NA,100,0.139716953,0.69984917,0.079795242,0.999925297,IGH,5.79E-07,0,0.0001
337,reckoner_mix_0.00033_err_rate_1_28.corrected.fastq,reckoner,28,792,189826,9242,19,80,41,21,200000,970,41407830,10094,26,310,59,33,1,41419323,Reckoner,NA,100,0.087671728,0.72442121,0.054320318,0.999745964,IGH,8.21E-07,0.03030303,0.00033
338,reckoner_mix_0.001_err_rate_1_28.corrected.fastq,reckoner,28,1051,173366,25257,49,188,89,53,200000,1747,41391175,31471,90,640,186,93,0,41425402,Reckoner,NA,100,0.052591968,0.67897396,0.027725932,0.99921594,IGH,2.24E-06,0,0.001
339,reckoner_mix_0.0033_err_rate_1_28.corrected.fastq,reckoner,28,835,136190,62208,88,464,215,88,200000,3000,41332942,107244,240,1609,492,166,5,41445698,Reckoner,NA,100,0.027212365,0.588119976,0.008154639,0.997351932,IGH,4.13E-06,0.030120482,0.0033
340,reckoner_mix_1e-05_err_rate_1_28.corrected.fastq,reckoner,28,99,199684,193,3,18,3,2,200000,103,41416072,208,3,34,3,2,0,41416425,Reckoner,NA,100,0.331189711,0.735714286,0.21221865,0.999993964,IGH,4.83E-08,0,1.00E-05
341,reckoner_mix_1e-06_err_rate_1_28.corrected.fastq,reckoner,28,13,199967,16,0,2,2,0,200000,15,41416309,17,0,10,2,0,0,41416353,Reckoner,NA,100,0.46875,0.555555556,0.09375,0.9999993,IGH,0,,1.00E-06
342,reckoner_mix_3.3e-05_err_rate_1_28.corrected.fastq,reckoner,28,240,198920,797,6,30,7,7,200000,259,41415445,826,6,77,7,7,0,41416627,Reckoner,NA,100,0.238709677,0.755102041,0.161290323,0.999977714,IGH,1.69E-07,0,3.30E-05
343,reckoner_mix_3.3e-06_err_rate_1_28.corrected.fastq,reckoner,28,57,199882,43,4,14,0,0,200000,56,41416208,56,4,37,0,0,0,41416361,Reckoner,NA,100,0.5,0.602150538,0.169642857,0.999997658,IGH,0,,3.30E-06
344,reckoner_mix_0.0001_err_rate_1_30.corrected.fastq,reckoner,30,431,196754,2737,12,46,20,13,200000,479,41413671,2845,12,179,36,24,1,41417247,Reckoner,NA,100,0.14410349,0.690201729,0.079422383,0.999925249,IGH,6.04E-07,0.041666667,0.0001
345,reckoner_mix_0.00033_err_rate_1_30.corrected.fastq,reckoner,30,811,189826,9219,20,79,45,23,200000,998,41407799,10063,27,337,71,39,1,41419335,Reckoner,NA,100,0.090226923,0.709815078,0.053340566,0.999745602,IGH,9.66E-07,0.025641026,0.00033
346,reckoner_mix_0.001_err_rate_1_30.corrected.fastq,reckoner,30,1115,173366,25195,49,197,78,70,200000,1859,41391118,31359,89,695,157,122,0,41425399,Reckoner,NA,100,0.055963634,0.685724825,0.03031489,0.99921734,IGH,2.95E-06,0,0.001
347,reckoner_mix_0.0033_err_rate_1_30.corrected.fastq,reckoner,30,891,136190,62144,86,470,219,101,200000,3193,41332969,107081,223,1532,536,205,5,41445744,Reckoner,NA,100,0.028955148,0.606918837,0.010201861,0.997356134,IGH,5.07E-06,0.024390244,0.0033
348,reckoner_mix_1e-05_err_rate_1_30.corrected.fastq,reckoner,30,99,199684,191,3,20,3,2,200000,105,41416067,206,3,39,3,2,0,41416425,Reckoner,NA,100,0.337620579,0.714285714,0.202572347,0.999993891,IGH,4.83E-08,0,1.00E-05
349,reckoner_mix_1e-06_err_rate_1_30.corrected.fastq,reckoner,30,15,199967,15,0,1,2,0,200000,17,41416312,15,0,7,2,0,0,41416353,Reckoner,NA,100,0.53125,0.653846154,0.25,0.999999421,IGH,0,,1.00E-06
350,reckoner_mix_3.3e-05_err_rate_1_30.corrected.fastq,reckoner,30,248,198920,789,6,31,6,7,200000,266,41415450,817,6,74,6,7,0,41416626,Reckoner,NA,100,0.245614035,0.768786127,0.171745152,0.999978028,IGH,1.69E-07,0,3.30E-05
351,reckoner_mix_3.3e-06_err_rate_1_30.corrected.fastq,reckoner,30,58,199882,40,3,17,0,0,200000,57,41416202,56,3,43,0,0,0,41416361,Reckoner,NA,100,0.504424779,0.57,0.123893805,0.999997537,IGH,0,,3.30E-06
352,sga_mix_0.0001_err_rate_1_20.corrected.fastq,sga,20,284,196484,3202,11,17,2,4,200000,273,41640057,3040,11,17,2,6,0,41643406,Sga,NA,100,0.082402656,0.934931507,0.076667673,0.999926135,IGH,1.44E-07,0,0.0001
353,sga_mix_0.00033_err_rate_1_20.corrected.fastq,sga,20,487,189066,10415,10,22,0,2,200000,519,41633410,10548,13,32,0,1,1,41644524,Sga,NA,100,0.046896178,0.941923775,0.044004699,0.999745609,IGH,4.80E-08,1,0.00033
354,sga_mix_0.001_err_rate_1_20.corrected.fastq,sga,20,368,171102,28458,25,43,4,3,200000,530,41618787,33043,27,55,4,3,0,41652449,Sga,NA,100,0.015786495,0.899830221,0.014029131,0.999204561,IGH,7.20E-08,0,0.001
355,sga_mix_0.0033_err_rate_1_20.corrected.fastq,sga,20,103,131501,68257,41,88,10,5,200000,806,41562302,110147,57,113,13,5,0,41673443,Sga,NA,100,0.007264337,0.864806867,0.006128721,0.997352391,IGH,1.20E-07,0,0.0033
356,sga_mix_1e-05_err_rate_1_20.corrected.fastq,sga,20,76,199640,272,3,9,0,0,200000,69,41644621,257,3,11,0,0,0,41644961,Sga,NA,100,0.211656442,0.8625,0.17791411,0.999993493,IGH,0,,1.00E-05
357,sga_mix_1e-06_err_rate_1_20.corrected.fastq,sga,20,10,199962,24,4,0,0,0,200000,10,41644851,22,3,0,0,0,0,41644886,Sga,NA,100,0.3125,1,0.3125,0.9999994,IGH,0,,1.00E-06
358,sga_mix_3.3e-05_err_rate_1_20.corrected.fastq,sga,20,174,198829,985,4,6,2,0,200000,164,41643895,927,4,6,1,0,0,41644997,Sga,NA,100,0.150320807,0.959064327,0.143904675,0.999977476,IGH,0,,3.30E-05
359,sga_mix_3.3e-06_err_rate_1_20.corrected.fastq,sga,20,35,199875,79,2,9,0,0,200000,34,41644586,76,2,9,0,0,0,41644707,Sga,NA,100,0.309090909,0.790697674,0.227272727,0.999997911,IGH,0,,3.30E-06
360,sga_mix_0.0001_err_rate_1_22.corrected.fastq,sga,22,290,196484,3198,9,17,2,4,200000,279,41640057,3036,9,17,2,6,0,41643406,Sga,NA,100,0.084162896,0.936241611,0.078431373,0.999926279,IGH,1.44E-07,0,0.0001
361,sga_mix_0.00033_err_rate_1_22.corrected.fastq,sga,22,501,189371,10099,10,19,0,2,200000,547,41635388,10477,12,28,0,1,1,41646454,Sga,NA,100,0.049619013,0.951304348,0.0470791,0.999747445,IGH,4.80E-08,1,0.00033
362,sga_mix_0.001_err_rate_1_22.corrected.fastq,sga,22,413,171102,28396,25,60,4,4,200000,583,41618764,32985,29,80,4,4,0,41652449,Sga,NA,100,0.017367731,0.874062969,0.014865348,0.999205281,IGH,9.60E-08,0,0.001
363,sga_mix_0.0033_err_rate_1_22.corrected.fastq,sga,22,134,131501,68190,45,116,14,6,200000,914,41562234,110041,65,156,23,10,0,41673443,Sga,NA,100,0.008237574,0.836230558,0.006624307,0.99735335,IGH,2.40E-07,0,0.0033
364,sga_mix_1e-05_err_rate_1_22.corrected.fastq,sga,22,77,199640,272,3,8,0,0,200000,70,41644624,256,3,8,0,0,0,41644961,Sga,NA,100,0.214723926,0.897435897,0.190184049,0.999993589,IGH,0,,1.00E-05
365,sga_mix_1e-06_err_rate_1_22.corrected.fastq,sga,22,12,199962,22,4,0,0,0,200000,11,41644851,21,3,0,0,0,0,41644886,Sga,NA,100,0.34375,1,0.34375,0.999999424,IGH,0,,1.00E-06
366,sga_mix_3.3e-05_err_rate_1_22.corrected.fastq,sga,22,184,198829,972,4,9,2,0,200000,173,41643893,918,4,8,1,0,0,41644997,Sga,NA,100,0.158570119,0.950549451,0.150320807,0.999977644,IGH,0,,3.30E-05
367,sga_mix_3.3e-06_err_rate_1_22.corrected.fastq,sga,22,39,199875,78,2,6,0,0,200000,38,41644589,72,2,6,0,0,0,41644707,Sga,NA,100,0.345454545,0.863636364,0.290909091,0.999998079,IGH,0,,3.30E-06
368,sga_mix_0.0001_err_rate_1_24.corrected.fastq,sga,24,283,196669,3014,9,23,2,5,200000,287,41637181,3022,9,26,2,7,0,41640534,Sga,NA,100,0.086733152,0.911111111,0.078271381,0.99992637,IGH,1.68E-07,0,0.0001
369,sga_mix_0.00033_err_rate_1_24.corrected.fastq,sga,24,537,189066,10362,10,25,0,4,200000,580,41633405,10489,12,34,0,3,1,41644524,Sga,NA,100,0.052398591,0.944625407,0.049326949,0.999746954,IGH,9.61E-08,0.333333333,0.00033
370,sga_mix_0.001_err_rate_1_24.corrected.fastq,sga,24,455,171102,28334,28,75,6,4,200000,650,41618744,32916,31,100,6,4,0,41652451,Sga,NA,100,0.019364833,0.85978836,0.016206876,0.999206361,IGH,9.60E-08,0,0.001
371,sga_mix_0.0033_err_rate_1_24.corrected.fastq,sga,24,156,131501,68150,56,124,13,7,200000,1029,41562231,109911,81,157,21,11,0,41673441,Sga,NA,100,0.009275284,0.852526926,0.007670813,0.997356086,IGH,2.64E-07,0,0.0033
372,sga_mix_1e-05_err_rate_1_24.corrected.fastq,sga,24,79,199640,271,3,7,0,0,200000,72,41644625,254,3,7,0,0,0,41644961,Sga,NA,100,0.220858896,0.911392405,0.199386503,0.999993661,IGH,0,,1.00E-05
373,sga_mix_1e-06_err_rate_1_24.corrected.fastq,sga,24,12,199962,22,4,0,0,0,200000,11,41644851,21,3,0,0,0,0,41644886,Sga,NA,100,0.34375,1,0.34375,0.999999424,IGH,0,,1.00E-06
374,sga_mix_3.3e-05_err_rate_1_24.corrected.fastq,sga,24,189,198829,966,4,10,2,0,200000,178,41643892,913,4,9,1,0,0,41644997,Sga,NA,100,0.163153071,0.946808511,0.153987168,0.99997774,IGH,0,,3.30E-05
375,sga_mix_3.3e-06_err_rate_1_24.corrected.fastq,sga,24,41,199875,78,2,4,0,0,200000,39,41644590,71,2,5,0,0,0,41644707,Sga,NA,100,0.354545455,0.886363636,0.309090909,0.999998127,IGH,0,,3.30E-06
376,sga_mix_0.0001_err_rate_1_26.corrected.fastq,sga,26,308,196484,3176,9,21,2,4,200000,297,41640051,3018,9,23,2,6,0,41643406,Sga,NA,100,0.08959276,0.922360248,0.082051282,0.999926567,IGH,1.44E-07,0,0.0001
377,sga_mix_0.00033_err_rate_1_26.corrected.fastq,sga,26,557,189066,10336,10,31,0,6,200000,607,41633397,10462,12,40,0,5,1,41644524,Sga,NA,100,0.054837835,0.938176198,0.051224139,0.99974741,IGH,1.44E-07,0.2,0.00033
378,sga_mix_0.001_err_rate_1_26.corrected.fastq,sga,26,494,171102,28285,28,85,6,4,200000,729,41618730,32835,32,115,6,4,0,41652451,Sga,NA,100,0.0217197,0.857647059,0.018114647,0.999207922,IGH,9.60E-08,0,0.001
379,sga_mix_0.0033_err_rate_1_26.corrected.fastq,sga,26,176,131501,68111,52,149,11,9,200000,1100,41562186,109842,80,201,19,13,0,41673441,Sga,NA,100,0.009915091,0.833333333,0.007932073,0.99735671,IGH,3.12E-07,0,0.0033
380,sga_mix_1e-05_err_rate_1_26.corrected.fastq,sga,26,85,199640,264,3,8,0,0,200000,78,41644622,248,3,10,0,0,0,41644961,Sga,NA,100,0.239263804,0.886363636,0.208588957,0.999993733,IGH,0,,1.00E-05
381,sga_mix_1e-06_err_rate_1_26.corrected.fastq,sga,26,12,199962,22,4,0,0,0,200000,11,41644851,21,3,0,0,0,0,41644886,Sga,NA,100,0.34375,1,0.34375,0.999999424,IGH,0,,1.00E-06
382,sga_mix_3.3e-05_err_rate_1_26.corrected.fastq,sga,26,197,198829,952,4,16,2,0,200000,184,41643886,907,4,15,1,0,0,41644997,Sga,NA,100,0.168652612,0.92,0.153987168,0.99997774,IGH,0,,3.30E-05
383,sga_mix_3.3e-06_err_rate_1_26.corrected.fastq,sga,26,44,199875,75,2,4,0,0,200000,42,41644588,68,2,7,0,0,0,41644707,Sga,NA,100,0.381818182,0.857142857,0.318181818,0.999998151,IGH,0,,3.30E-06
384,sga_mix_0.0001_err_rate_1_28.corrected.fastq,sga,28,322,196484,3159,9,24,2,4,200000,311,41640043,3004,9,31,2,6,0,41643406,Sga,NA,100,0.093815988,0.904069767,0.083861237,0.999926711,IGH,1.44E-07,0,0.0001
385,sga_mix_0.00033_err_rate_1_28.corrected.fastq,sga,28,590,189066,10305,10,29,0,4,200000,641,41633403,10428,12,36,0,3,1,41644524,Sga,NA,100,0.057909477,0.946824225,0.054657151,0.99974837,IGH,9.61E-08,0.333333333,0.00033
386,sga_mix_0.001_err_rate_1_28.corrected.fastq,sga,28,531,171102,28241,34,87,5,3,200000,767,41618728,32793,38,116,5,3,0,41652450,Sga,NA,100,0.022854589,0.863738739,0.019249106,0.99920881,IGH,7.20E-08,0,0.001
387,sga_mix_0.0033_err_rate_1_28.corrected.fastq,sga,28,203,131501,68060,67,156,13,8,200000,1226,41562184,109689,111,216,19,12,0,41673457,Sga,NA,100,0.011053509,0.839151266,0.00893477,0.997359302,IGH,2.88E-07,0,0.0033
388,sga_mix_1e-05_err_rate_1_28.corrected.fastq,sga,28,87,199640,264,3,6,0,0,200000,79,41644624,247,3,8,0,0,0,41644961,Sga,NA,100,0.242331288,0.908045977,0.217791411,0.999993805,IGH,0,,1.00E-05
389,sga_mix_1e-06_err_rate_1_28.corrected.fastq,sga,28,12,199962,22,4,0,0,0,200000,11,41644851,21,3,0,0,0,0,41644886,Sga,NA,100,0.34375,1,0.34375,0.999999424,IGH,0,,1.00E-06
390,sga_mix_3.3e-05_err_rate_1_28.corrected.fastq,sga,28,206,198829,945,4,16,0,1,200000,189,41643884,902,4,17,0,1,0,41644997,Sga,NA,100,0.173235564,0.917475728,0.157653529,0.999977812,IGH,2.40E-08,0,3.30E-05
391,sga_mix_3.3e-06_err_rate_1_28.corrected.fastq,sga,28,44,199875,73,2,6,0,0,200000,42,41644582,68,2,13,0,0,0,41644707,Sga,NA,100,0.381818182,0.763636364,0.263636364,0.999998007,IGH,0,,3.30E-06
392,sga_mix_0.0001_err_rate_1_30.corrected.fastq,sga,30,334,196484,3144,9,27,2,4,200000,323,41640038,2992,9,36,2,6,0,41643406,Sga,NA,100,0.097435897,0.894736842,0.085972851,0.999926879,IGH,1.44E-07,0,0.0001
393,sga_mix_0.00033_err_rate_1_30.corrected.fastq,sga,30,606,189066,10278,13,36,1,4,200000,659,41633390,10408,15,48,1,3,1,41644525,Sga,NA,100,0.059546399,0.93079096,0.055118822,0.999748466,IGH,9.61E-08,0.333333333,0.00033
394,sga_mix_0.001_err_rate_1_30.corrected.fastq,sga,30,569,171102,28201,35,86,7,3,200000,834,41618733,32726,38,109,7,3,0,41652450,Sga,NA,100,0.024851013,0.877894737,0.021394517,0.999210539,IGH,7.20E-08,0,0.001
395,sga_mix_0.0033_err_rate_1_30.corrected.fastq,sga,30,230,131501,68028,67,161,13,7,200000,1310,41562194,109624,96,214,21,11,0,41673470,Sga,NA,100,0.011808823,0.84789644,0.009690447,0.997361247,IGH,2.64E-07,0,0.0033
396,sga_mix_1e-05_err_rate_1_30.corrected.fastq,sga,30,90,199640,259,3,8,0,0,200000,82,41644621,244,3,11,0,0,0,41644961,Sga,NA,100,0.251533742,0.88172043,0.217791411,0.999993805,IGH,0,,1.00E-05
397,sga_mix_1e-06_err_rate_1_30.corrected.fastq,sga,30,13,199962,21,4,0,0,0,200000,12,41644851,20,3,0,0,0,0,41644886,Sga,NA,100,0.375,1,0.375,0.999999448,IGH,0,,1.00E-06
398,sga_mix_3.3e-05_err_rate_1_30.corrected.fastq,sga,30,208,198829,944,4,15,0,1,200000,193,41643886,898,4,15,0,1,0,41644997,Sga,NA,100,0.176901925,0.927884615,0.163153071,0.999977957,IGH,2.40E-08,0,3.30E-05
399,sga_mix_3.3e-06_err_rate_1_30.corrected.fastq,sga,30,44,199875,72,2,7,0,0,200000,42,41644581,68,2,14,0,0,0,41644707,Sga,NA,100,0.381818182,0.75,0.254545455,0.999997983,IGH,0,,3.30E-06