,EC Filename,Wrapper Name,Kmer Size,Read - TP,Read - TN,Read - FN,Read - FN WRONG,Read - FP,Read - FP INDEL,Total Trimmed Reads,Total Reads,Base - TP,Base - TN,Base - FN,Base - FN WRONG,Base - FP,Base - FP INDEL,Base - FP TRIM,Base - TP TRIM,Total Bases,Tool,Coverage,Length,Base Sensitivity,Base Precision,Base Gain,Base Accuracy,Dataset,Trim Percent,Trim Effeciency
0,bfc_wgsim_rl_100_cov_1_20.corrected.fastq,bfc,20,265,28574,18139,3,209,0,0,47190,410,4695222,23069,3,296,0,0,0,4719000,Bfc,1,100L,0.017462413220324546,0.5807365439093485,0.004855402700285362,0.9950481034117398,IGH,0.0,
1,bfc_wgsim_rl_100_cov_1_22.corrected.fastq,bfc,22,249,28596,18180,3,162,0,0,47190,398,4695293,23080,4,225,0,0,0,4719000,Bfc,1,100L,0.016952040207854163,0.6388443017656501,0.007368600391856206,0.9950606060606061,IGH,0.0,
2,bfc_wgsim_rl_100_cov_1_24.corrected.fastq,bfc,24,236,28605,18186,3,160,0,0,47190,369,4695299,23110,3,219,0,0,0,4719000,Bfc,1,100L,0.01571617189829209,0.6275510204081632,0.00638868776353337,0.9950557321466412,IGH,0.0,
3,bfc_wgsim_rl_100_cov_1_26.corrected.fastq,bfc,26,245,28630,18192,2,121,0,0,47190,390,4695362,23090,2,156,0,0,0,4719000,Bfc,1,100L,0.016609880749574105,0.7142857142857143,0.009965928449744463,0.995073532528078,IGH,0.0,
4,bfc_wgsim_rl_100_cov_1_28.corrected.fastq,bfc,28,223,28631,18219,2,115,0,0,47190,353,4695377,23127,2,141,0,0,0,4719000,Bfc,1,100L,0.015034071550255537,0.7145748987854251,0.009028960817717206,0.995068870523416,IGH,0.0,
5,bfc_wgsim_rl_100_cov_1_30.corrected.fastq,bfc,30,225,28634,18220,1,110,0,0,47190,338,4695387,23143,1,131,0,0,0,4719000,Bfc,1,100L,0.014394616924321792,0.720682302771855,0.008815638175546186,0.9950678109769019,IGH,0.0,
6,bfc_wgsim_rl_100_cov_16_20.corrected.fastq,bfc,20,265904,453943,27986,123,7086,0,0,755042,344757,75120350,31667,138,7288,0,0,0,75504200,Bfc,16,100L,0.9158741206724332,0.9792981010950305,0.896512974730623,0.9994822407230326,IGH,0.0,
7,bfc_wgsim_rl_100_cov_16_22.corrected.fastq,bfc,22,262422,453846,31428,113,7233,0,0,755042,340591,75120242,35843,128,7396,0,0,0,75504200,Bfc,16,100L,0.9047827773261714,0.9787463324779374,0.8851352428314126,0.9994256346004593,IGH,0.0,
8,bfc_wgsim_rl_100_cov_16_24.corrected.fastq,bfc,24,258535,453754,35259,106,7388,0,0,755042,335915,75120065,40530,117,7573,0,0,0,75504200,Bfc,16,100L,0.8923348696356705,0.9779526504564934,0.8722177210482275,0.999361360030303,IGH,0.0,
9,bfc_wgsim_rl_100_cov_16_26.corrected.fastq,bfc,26,254080,453753,39758,96,7355,0,0,755042,330560,75120098,45898,104,7540,0,0,0,75504200,Bfc,16,100L,0.878079360778626,0.9776989056492162,0.8580505660658029,0.9992908738851614,IGH,0.0,
10,bfc_wgsim_rl_100_cov_16_28.corrected.fastq,bfc,28,249575,453737,44283,100,7347,0,0,755042,325001,75120093,51454,107,7545,0,0,0,75504200,Bfc,16,100L,0.8633196530793853,0.9773114095493556,0.8432774169555458,0.9992171826203046,IGH,0.0,
11,bfc_wgsim_rl_100_cov_16_30.corrected.fastq,bfc,30,244507,453750,49212,83,7490,0,0,755042,318885,75119967,57586,91,7671,0,0,0,75504200,Bfc,16,100L,0.8470373548028932,0.9765093888950134,0.8266612833392214,0.9991345117225267,IGH,0.0,
12,bfc_wgsim_rl_100_cov_2_20.corrected.fastq,bfc,20,1855,56902,34881,4,738,0,0,94380,2758,9390140,44069,5,1028,0,0,0,9438000,Bfc,2,100L,0.05889764452132317,0.728473322768093,0.03694449783244709,0.9952212333121424,IGH,0.0,
13,bfc_wgsim_rl_100_cov_2_22.corrected.fastq,bfc,22,1733,57074,35065,4,504,0,0,94380,2583,9390475,44244,5,693,0,0,0,9438000,Bfc,2,100L,0.055160484335960026,0.7884615384615384,0.04036133000192197,0.9952381860563678,IGH,0.0,
14,bfc_wgsim_rl_100_cov_2_24.corrected.fastq,bfc,24,1725,57086,35109,4,456,0,0,94380,2543,9390531,44285,4,637,0,0,0,9438000,Bfc,2,100L,0.054305116596907836,0.799685534591195,0.040702144016400446,0.9952398813307904,IGH,0.0,
15,bfc_wgsim_rl_100_cov_2_26.corrected.fastq,bfc,26,1760,57148,35111,4,357,0,0,94380,2527,9390688,44301,4,480,0,0,0,9438000,Bfc,2,100L,0.05396344067651832,0.8403724642500832,0.043713163064833006,0.9952548209366391,IGH,0.0,
16,bfc_wgsim_rl_100_cov_2_28.corrected.fastq,bfc,28,1589,57158,35293,2,338,0,0,94380,2315,9390712,44514,3,456,0,0,0,9438000,Bfc,2,100L,0.04943517905571334,0.8354384698664742,0.039697623267633306,0.9952349014621742,IGH,0.0,
17,bfc_wgsim_rl_100_cov_2_30.corrected.fastq,bfc,30,1517,57162,35368,3,330,0,0,94380,2169,9390744,44660,3,424,0,0,0,9438000,Bfc,2,100L,0.04631745286040701,0.8364828384111068,0.03726323432061329,0.9952228226319135,IGH,0.0,
18,bfc_wgsim_rl_100_cov_32_20.corrected.fastq,bfc,20,589831,913557,2750,262,3684,0,0,1510084,750850,150250208,3347,266,3729,0,0,0,151008400,Bfc,32,100L,0.9955621674443149,0.9950581715102064,0.9906178359235054,0.999951380188122,IGH,0.0,
19,bfc_wgsim_rl_100_cov_32_22.corrected.fastq,bfc,22,589178,913217,3047,245,4397,0,0,1510084,750520,150249502,3695,248,4435,0,0,0,151008400,Bfc,32,100L,0.9951008664638067,0.9941254776774775,0.9892205803384977,0.9999445196426159,IGH,0.0,
20,bfc_wgsim_rl_100_cov_32_24.corrected.fastq,bfc,24,588339,912858,3484,233,5170,0,0,1510084,750050,150248720,4177,236,5217,0,0,0,151008400,Bfc,32,100L,0.9944618795137273,0.9930925090067486,0.9875448638142098,0.9999362287131047,IGH,0.0,
21,bfc_wgsim_rl_100_cov_32_26.corrected.fastq,bfc,26,587339,912520,4070,228,5927,0,0,1510084,749332,150247949,4900,231,5988,0,0,0,151008400,Bfc,32,100L,0.9935033252367972,0.9920722342848064,0.9855641235057648,0.9999263683344768,IGH,0.0,
22,bfc_wgsim_rl_100_cov_32_28.corrected.fastq,bfc,28,586168,912064,4929,217,6706,0,0,1510084,748333,150247164,5911,219,6773,0,0,0,151008400,Bfc,32,100L,0.9921630135605984,0.9910303983811545,0.9831831608869278,0.9999145544221381,IGH,0.0,
23,bfc_wgsim_rl_100_cov_32_30.corrected.fastq,bfc,30,584713,911756,5932,214,7469,0,0,1510084,747127,150246393,7118,218,7544,0,0,0,151008400,Bfc,32,100L,0.9905627481786422,0.9900035909687798,0.9805606931434746,0.9999014624352023,IGH,0.0,
24,bfc_wgsim_rl_100_cov_4_20.corrected.fastq,bfc,20,14388,113615,58930,11,1816,0,0,188760,20781,18779634,73084,17,2484,0,0,0,18876000,Bfc,4,100L,0.22139242529164224,0.893230174081238,0.1949288872316625,0.9959957088366179,IGH,0.0,
25,bfc_wgsim_rl_100_cov_4_22.corrected.fastq,bfc,22,13692,113799,59744,8,1517,0,0,188760,19724,18780044,74146,12,2074,0,0,0,18876000,Bfc,4,100L,0.21012037924789603,0.904853656298743,0.1880259933951209,0.9959614325068871,IGH,0.0,
26,bfc_wgsim_rl_100_cov_4_24.corrected.fastq,bfc,24,12754,113880,60753,7,1366,0,0,188760,18370,18780314,75498,14,1804,0,0,0,18876000,Bfc,4,100L,0.19570034516555163,0.910577971646674,0.17648186815528188,0.9959040050858232,IGH,0.0,
27,bfc_wgsim_rl_100_cov_4_26.corrected.fastq,bfc,26,12293,113951,61247,7,1262,0,0,188760,17752,18780440,76118,12,1678,0,0,0,18876000,Bfc,4,100L,0.18911260253542134,0.9136387030365414,0.17123681687440076,0.9958779402415766,IGH,0.0,
28,bfc_wgsim_rl_100_cov_4_28.corrected.fastq,bfc,28,11521,113966,62060,7,1206,0,0,188760,16650,18780547,77221,11,1571,0,0,0,18876000,Bfc,4,100L,0.17737107306835978,0.9137808023708908,0.16063533998785567,0.9958252278025005,IGH,0.0,
29,bfc_wgsim_rl_100_cov_4_30.corrected.fastq,bfc,30,10638,114040,62970,4,1108,0,0,188760,15297,18780676,78577,8,1442,0,0,0,18876000,Bfc,4,100L,0.16295246820205808,0.9138538741860326,0.14759145237232887,0.9957603835558381,IGH,0.0,
30,bfc_wgsim_rl_100_cov_8_20.corrected.fastq,bfc,20,82289,226179,64759,28,4265,0,0,377520,112033,37558346,76796,41,4784,0,0,0,37752000,Bfc,8,100L,0.5933039946194705,0.9590470565071865,0.5679689030816241,0.9978379688493325,IGH,0.0,
31,bfc_wgsim_rl_100_cov_8_22.corrected.fastq,bfc,22,78658,226284,68533,23,4022,0,0,377520,107156,37558674,81676,38,4456,0,0,0,37752000,Bfc,8,100L,0.5674673784104389,0.9600759774934595,0.5438696831045585,0.9977174719220174,IGH,0.0,
32,bfc_wgsim_rl_100_cov_8_24.corrected.fastq,bfc,24,75587,226490,71724,19,3700,0,0,377520,103047,37559011,85794,29,4119,0,0,0,37752000,Bfc,8,100L,0.5456812874322843,0.9615643021107441,0.5238692868603746,0.9976175566857385,IGH,0.0,
33,bfc_wgsim_rl_100_cov_8_26.corrected.fastq,bfc,26,72361,226572,75103,22,3462,0,0,377520,98675,37559288,90166,29,3842,0,0,0,37752000,Bfc,8,100L,0.5225295354292765,0.9625232888203907,0.5021843773333121,0.9975090856113583,IGH,0.0,
34,bfc_wgsim_rl_100_cov_8_28.corrected.fastq,bfc,28,69235,226604,78239,14,3428,0,0,377520,94306,37559317,94541,23,3813,0,0,0,37752000,Bfc,8,100L,0.49937780319517916,0.961139025061405,0.4791868549672486,0.9973941248145793,IGH,0.0,
35,bfc_wgsim_rl_100_cov_8_30.corrected.fastq,bfc,30,65876,226760,81693,13,3178,0,0,377520,89642,37559607,99205,23,3523,0,0,0,37752000,Bfc,8,100L,0.474680561512759,0.9621853700423979,0.45602524795204585,0.9972782634032634,IGH,0.0,
36,bless_wgsim_rl_100_cov_1_20.corrected.fastq,bless,20,1,31701,15482,0,6,0,47124,47190,2,3754261,18784,0,7,0,941250,4696,4719000,Bless,1,100L,0.00010646225912913872,0.2222222222222222,-0.0002661556478228468,0.7963557292868683,IGH,0.20045475736384827,0.004989110225763612
37,bless_wgsim_rl_100_cov_1_22.corrected.fastq,bless,22,0,32014,15173,0,3,0,47142,47190,1,3661432,18316,0,3,0,1034083,5165,4719000,Bless,1,100L,5.4594092919146145e-05,0.25,-0.00010918818583829229,0.7767418672906455,IGH,0.22022631913541005,0.004994763476432743
38,bless_wgsim_rl_100_cov_1_24.corrected.fastq,bless,24,0,32342,14846,0,2,0,47154,47190,1,3567831,17846,0,2,0,1127685,5635,4719000,Bless,1,100L,5.6031826077211856e-05,0.3333333333333333,-5.6031826077211856e-05,0.7569606852004884,IGH,0.240161051070142,0.004996962804329223
39,bless_wgsim_rl_100_cov_1_26.corrected.fastq,bless,26,0,32643,14547,0,0,0,47170,47190,0,3474644,17410,0,0,0,1220874,6072,4719000,Bless,1,100L,0.0,,0.0,0.7372580272815541,IGH,0.2600012714558169,0.004973486207421896
40,bless_wgsim_rl_100_cov_1_28.corrected.fastq,bless,28,0,32976,14214,0,0,0,47176,47190,0,3380806,16933,0,0,0,1314712,6549,4719000,Bless,1,100L,0.0,,0.0,0.7174198734374108,IGH,0.2799874973511337,0.004981319102586726
41,bless_wgsim_rl_100_cov_1_30.corrected.fastq,bless,30,0,33286,13904,0,0,0,47177,47190,0,3287120,16468,0,0,0,1408398,7014,4719000,Bless,1,100L,0.0,,0.0,0.6976081847441822,IGH,0.2999389701207883,0.004980126356328254
42,bless_wgsim_rl_100_cov_16_20.corrected.fastq,bless,20,294519,458668,1020,18,809,8,2684,755042,373544,75049653,1170,22,1089,30,76882,1826,75504216,Bless,16,100L,0.9968776186638343,0.9970133159666154,0.9938913411295014,0.9989511192956938,IGH,0.0010424318557257783,0.023750682864649722
43,bless_wgsim_rl_100_cov_16_22.corrected.fastq,bless,22,294182,458941,999,19,892,9,3312,755042,373203,75031314,1136,23,1096,32,95210,2200,75504214,Bless,16,100L,0.9969653175330382,0.9969866241374612,0.993952006069365,0.9987086834531328,IGH,0.0012901266676320874,0.023106816510870706
44,bless_wgsim_rl_100_cov_16_24.corrected.fastq,bless,24,293702,459287,981,21,1045,6,4078,755042,372732,75008314,1113,26,1199,30,118112,2691,75504217,Bless,16,100L,0.9970228303173775,0.9967135610397876,0.9937353716112293,0.9984042706633506,IGH,0.0015999503709839148,0.022783459767000813
45,bless_wgsim_rl_100_cov_16_26.corrected.fastq,bless,26,292971,459840,1019,26,1176,10,5207,755042,371929,74974273,1159,32,1342,84,151969,3442,75504230,Bless,16,100L,0.9968934942962518,0.9961805788056943,0.9930713397375418,0.9979525246809344,IGH,0.0020583085212576833,0.0226493561186821
46,bless_wgsim_rl_100_cov_16_28.corrected.fastq,bless,28,291965,460518,1175,25,1350,9,6675,755042,370811,74930578,1361,30,1501,52,195537,4360,75504230,Bless,16,100L,0.9963430886794278,0.9958293497760257,0.9921702868566147,0.9973711080562125,IGH,0.0026474940543066263,0.022297570280816418
47,bless_wgsim_rl_100_cov_16_30.corrected.fastq,bless,30,290630,461517,1322,30,1535,8,8607,755042,369243,74869587,1598,37,1713,47,256318,5684,75504227,Bless,16,100L,0.9956908756043695,0.9952561030503796,0.9909449063075549,0.9965600263305744,IGH,0.0034700308897937593,0.022175578773242614
48,bless_wgsim_rl_100_cov_2_20.corrected.fastq,bless,20,21,63505,30830,0,22,2,94125,94380,31,7504755,37318,2,36,19,1886359,9481,9438001,Bless,2,100L,0.0008300088355779271,0.36046511627906974,-0.0006425874856087178,0.7959664931505687,IGH,0.20087304504417833,0.005026084642424904
49,bless_wgsim_rl_100_cov_2_22.corrected.fastq,bless,22,16,64126,30222,0,15,1,94178,94380,23,7318967,36394,0,26,1,2072175,10415,9438001,Bless,2,100L,0.0006315731663783398,0.46,-0.00010983881154405909,0.7763376541990706,IGH,0.22066007409831806,0.005026119898174623
50,bless_wgsim_rl_100_cov_2_24.corrected.fastq,bless,24,13,64762,29598,0,7,0,94224,94380,17,7133346,35473,0,8,0,2257814,11342,9438000,Bless,2,100L,0.00047900817131586363,0.68,0.00025359256128486897,0.7567223718098185,IGH,0.24042763297308753,0.005023443029408091
51,bless_wgsim_rl_100_cov_2_26.corrected.fastq,bless,26,43,65433,28881,0,23,0,94101,94380,61,6948023,34481,0,37,0,2443108,12290,9438000,Bless,2,100L,0.0017659660702912397,0.6224489795918368,0.000694806322737537,0.737141711340578,IGH,0.26016083916083915,0.005030477572010734
52,bless_wgsim_rl_100_cov_2_28.corrected.fastq,bless,28,40,66099,28223,0,17,1,94155,94380,56,6761340,33544,2,29,26,2629773,13230,9438000,Bless,2,100L,0.0016666666666666668,0.5045045045045045,2.9761904761904762e-05,0.7174070030356179,IGH,0.2800384615384615,0.005030852472817996
53,bless_wgsim_rl_100_cov_2_30.corrected.fastq,bless,30,0,66708,27672,0,0,0,94356,94380,0,6574676,32740,0,0,0,2816492,14092,9438000,Bless,2,100L,0.0,,0.0,0.6976591876745826,IGH,0.2999135410044501,0.005003387192294528
54,bless_wgsim_rl_100_cov_32_20.corrected.fastq,bless,20,592450,915949,1435,2,223,25,1677,1510084,751456,150206590,1661,14,742,151,46504,1332,151008450,Bless,32,100L,0.9977944993938525,0.998813050858046,0.9966087606573746,0.9996750351860897,IGH,0.000316776975063316,0.02864269740237399
55,bless_wgsim_rl_100_cov_32_22.corrected.fastq,bless,22,592719,915920,1237,3,186,19,1543,1510084,751777,150210295,1407,16,599,115,42955,1263,151008427,Bless,32,100L,0.9981319305773888,0.9990511514423428,0.9971839550494965,0.9997013916505312,IGH,0.0002928180955093321,0.02940286346176231
56,bless_wgsim_rl_100_cov_32_24.corrected.fastq,bless,24,592807,915869,1194,3,193,18,1551,1510084,751939,150211044,1344,15,581,170,42162,1165,151008420,Bless,32,100L,0.9982158099943845,0.9990022452802615,0.9972188407278539,0.9997068220331533,IGH,0.0002869177758432278,0.02763151653147384
57,bless_wgsim_rl_100_cov_32_26.corrected.fastq,bless,26,592935,915825,1080,4,224,16,1519,1510084,752098,150212405,1233,13,550,95,40913,1119,151008426,Bless,32,100L,0.9983632692667632,0.9991431338451503,0.997507071924559,0.9997165435179901,IGH,0.00027834208403708545,0.02735071982010608
58,bless_wgsim_rl_100_cov_32_28.corrected.fastq,bless,28,592926,915839,1021,5,277,16,1588,1510084,752072,150210283,1185,12,575,121,42984,1194,151008426,Bless,32,100L,0.9984268317453405,0.9990754123448393,0.9975028443147558,0.9997028155578668,IGH,0.0002925532115671479,0.027777777777777776
59,bless_wgsim_rl_100_cov_32_30.corrected.fastq,bless,30,592849,915840,999,9,368,19,1705,1510084,751978,150206336,1202,17,653,183,46800,1266,151008435,Bless,32,100L,0.9984040999495473,0.9988894999295975,0.9972941395151226,0.9996764723137085,IGH,0.000318300100255989,0.02705128205128205
60,bless_wgsim_rl_100_cov_4_20.corrected.fastq,bless,20,711,126789,60769,1,451,39,186126,188760,1077,15025896,73584,10,1630,189,3754503,19211,18876100,Bless,4,100L,0.014425201912645156,0.37189226519337015,-0.009938254242509477,0.7968956597241464,IGH,0.19992021657016015,0.00511678909299047
61,bless_wgsim_rl_100_cov_4_22.corrected.fastq,bless,22,667,128066,59616,1,377,33,186335,188760,997,14659289,71838,7,1272,127,4121515,21040,18876085,Bless,4,100L,0.013688473947964578,0.416110183639399,-0.00551932450058351,0.7775259088482684,IGH,0.21946049723764224,0.00510491894364087
62,bless_wgsim_rl_100_cov_4_24.corrected.fastq,bless,24,362,129430,58827,2,138,1,187371,188760,515,14277525,70495,6,364,22,4504207,22866,18876000,Bless,4,100L,0.007252499647936911,0.5715871254162043,0.0018166455428812844,0.7573297893071783,IGH,0.23983222080949354,0.005076587288284042
63,bless_wgsim_rl_100_cov_4_26.corrected.fastq,bless,26,337,130690,57618,2,113,0,187486,188760,484,13907538,68727,3,313,0,4874267,24668,18876000,Bless,4,100L,0.006993108031960238,0.6072772898368883,0.002470705523688431,0.737773967378008,IGH,0.2595324751006569,0.005060863510349351
64,bless_wgsim_rl_100_cov_4_28.corrected.fastq,bless,28,570,132057,55891,1,230,11,186768,188760,822,13552103,66347,6,684,59,5229297,26707,18876025,Bless,4,100L,0.01223778826542006,0.5252396166134186,0.0011761378016644584,0.7190140778568221,IGH,0.27844866702602905,0.005107187447949505
65,bless_wgsim_rl_100_cov_4_30.corrected.fastq,bless,30,535,133419,54616,1,186,3,186989,188760,758,13177361,64543,3,443,9,5604310,28578,18876005,Bless,4,100L,0.011607785485674033,0.6264462809917355,0.004685992557541232,0.6991998960919175,IGH,0.2984152631873111,0.0050992896538556935
66,bless_wgsim_rl_100_cov_8_20.corrected.fastq,bless,20,138217,234133,4325,16,823,6,11818,377520,175905,37220785,4617,18,995,82,341284,8330,37752016,Bless,8,100L,0.9744241699072689,0.9939146353866495,0.9684581380662745,0.9908065152937103,IGH,0.009260803449542934,0.024407824568394652
67,bless_wgsim_rl_100_cov_8_22.corrected.fastq,bless,22,136844,235363,4429,17,863,4,13938,377520,174209,37157345,4780,18,965,61,404766,9863,37752007,Bless,8,100L,0.9732944482621837,0.9941450052786258,0.9675622524289202,0.9891211797612769,IGH,0.010982965753317434,0.0243671652263283
68,bless_wgsim_rl_100_cov_8_24.corrected.fastq,bless,24,135158,236842,4568,21,927,4,16531,377520,172132,37078109,4984,24,1001,51,483975,11730,37752006,Bless,8,100L,0.9718602497798053,0.9939255358462675,0.9659206395808396,0.9870155957523999,IGH,0.013130560532333036,0.024236789090345576
69,bless_wgsim_rl_100_cov_8_26.corrected.fastq,bless,26,133130,238614,4762,22,987,5,19563,377520,169606,36985244,5292,23,1081,89,576721,13949,37752005,Bless,8,100L,0.9697423641208018,0.9931489202229822,0.9630527507461492,0.9845459448149635,IGH,0.015646056414752012,0.02418673847492982
70,bless_wgsim_rl_100_cov_8_28.corrected.fastq,bless,28,130884,240641,4919,24,1049,3,22971,377520,166860,36878776,5568,27,1169,10,683180,16415,37752005,Bless,8,100L,0.9677082608393068,0.9929837716244443,0.9608706242605609,0.9817160934809818,IGH,0.018531333633803024,0.024027342720805644
71,bless_wgsim_rl_100_cov_8_30.corrected.fastq,bless,30,128332,242816,5225,24,1121,2,26766,377520,163772,36761270,6000,27,1233,6,800624,19071,37752003,Bless,8,100L,0.9646584831420965,0.9924914096635982,0.9573604599109394,0.9785892599069693,IGH,0.02171262277130037,0.02382017026719159
72,coral_wgsim_rl_100_cov_1_20.corrected.fastq,coral,20,1575,28599,16823,1,158,34,1,47190,2274,4695260,21206,1,251,37,0,1,4719030,Coral,1,100L,0.09684838160136286,0.8875878220140515,0.08458262350936968,0.9954450375278474,IGH,2.1190795566037935e-07,inf
73,coral_wgsim_rl_100_cov_1_22.corrected.fastq,coral,22,1561,28596,16837,1,162,33,1,47190,2246,4695261,21234,1,250,37,0,1,4719030,Coral,1,100L,0.09565587734241908,0.8866956178444532,0.08343270868824532,0.9954393160118321,IGH,2.1190795566037935e-07,inf
74,coral_wgsim_rl_100_cov_1_24.corrected.fastq,coral,24,1532,28594,16868,1,163,32,0,47190,2196,4695258,21285,1,253,36,0,0,4719029,Coral,1,100L,0.0935224223840552,0.883702213279678,0.0812145990375197,0.9954280848878021,IGH,0.0,
75,coral_wgsim_rl_100_cov_1_26.corrected.fastq,coral,26,1486,28596,16917,1,158,32,0,47190,2115,4695258,21366,1,253,36,0,0,4719029,Coral,1,100L,0.09007282483710234,0.879783693843594,0.07776500149056684,0.9954109203397563,IGH,0.0,
76,coral_wgsim_rl_100_cov_1_28.corrected.fastq,coral,28,1427,28600,16978,1,157,27,0,47190,2031,4695277,21450,1,237,31,0,0,4719027,Coral,1,100L,0.08649546441804012,0.8834275772074816,0.07508198117627017,0.9953975681851365,IGH,0.0,
77,coral_wgsim_rl_100_cov_1_30.corrected.fastq,coral,30,1375,28608,17033,1,148,25,0,47190,1935,4695296,21546,1,221,27,0,0,4719026,Coral,1,100L,0.08240705251054044,0.8863948694457169,0.07184532174949959,0.9953814621915624,IGH,0.0,
78,coral_wgsim_rl_100_cov_16_20.corrected.fastq,coral,20,286741,446814,769,65,16290,4363,47,755042,375456,75107503,1003,86,20010,4783,41,17,75508899,Coral,16,100L,0.9973356992394922,0.9380560601025861,0.9314772657845874,0.9996566893945006,IGH,7.681213839444275e-07,0.4146341463414634
79,coral_wgsim_rl_100_cov_16_22.corrected.fastq,coral,22,286633,446543,660,62,16763,4381,50,755042,375576,75106601,883,87,20890,4746,47,16,75508846,Coral,16,100L,0.9976544590513177,0.936103606073597,0.929556737918339,0.9996470214145816,IGH,8.343393302554246e-07,0.3404255319148936
80,coral_wgsim_rl_100_cov_16_24.corrected.fastq,coral,24,286694,446482,527,65,16841,4433,46,755042,375742,75106510,715,91,20980,4822,37,14,75508911,Coral,16,100L,0.9981007126975989,0.935743031896878,0.9295616763667564,0.9996471276755639,IGH,6.754169716472272e-07,0.3783783783783784
81,coral_wgsim_rl_100_cov_16_26.corrected.fastq,coral,26,286576,446289,454,61,17046,4616,46,755042,375805,75105941,658,85,21541,5271,46,13,75509360,Coral,16,100L,0.9982521522699442,0.9334056932518995,0.9270313417254816,0.9996344690942699,IGH,7.81360085690039e-07,0.2826086956521739
82,coral_wgsim_rl_100_cov_16_28.corrected.fastq,coral,28,286569,446349,494,62,16995,4573,37,755042,375636,75106323,822,90,21168,5359,28,13,75509439,Coral,16,100L,0.9978164894888673,0.9340391831172933,0.9273517895754639,0.999636244089579,IGH,5.429784745189274e-07,0.4642857142857143
83,coral_wgsim_rl_100_cov_16_30.corrected.fastq,coral,30,286540,446533,647,68,16788,4466,43,755042,375191,75106420,1264,92,21072,5058,39,14,75509150,Coral,16,100L,0.996642360972759,0.9348900256901582,0.9272316744365197,0.9996354745735668,IGH,7.019016900600788e-07,0.358974358974359
84,coral_wgsim_rl_100_cov_2_20.corrected.fastq,coral,20,11018,56954,25601,3,644,160,3,94380,15311,9390240,31516,4,915,166,2,1,9438155,Coral,2,100L,0.3269694834176864,0.9340531966813079,0.3038845110726717,0.9965456168653319,IGH,3.1785873404282935e-07,0.5
85,coral_wgsim_rl_100_cov_2_22.corrected.fastq,coral,22,10831,56931,25770,2,668,178,2,94380,15068,9390182,31760,3,975,185,1,1,9438175,Coral,2,100L,0.3217732980268216,0.9285186098102046,0.29700179379858205,0.996511613369281,IGH,2.1190537365539417e-07,1.0
86,coral_wgsim_rl_100_cov_2_24.corrected.fastq,coral,24,10652,56960,25968,2,645,153,2,94380,14761,9390233,32068,3,923,159,2,0,9438149,Coral,2,100L,0.3152106600610733,0.9317048538786846,0.2921053193533921,0.9964871289910765,IGH,2.1190595740753828e-07,0.0
87,coral_wgsim_rl_100_cov_2_26.corrected.fastq,coral,26,10383,56963,26253,2,628,151,2,94380,14371,9390257,32458,3,906,155,2,0,9438152,Coral,2,100L,0.3068824873475838,0.9312467599792639,0.28422558670909054,0.9964480334709591,IGH,2.119058900513575e-07,0.0
88,coral_wgsim_rl_100_cov_2_28.corrected.fastq,coral,28,10062,56987,26594,2,595,140,2,94380,13880,9390332,32949,3,829,147,2,0,9438142,Coral,2,100L,0.29639753144419057,0.9343026386645127,0.2755557453714579,0.9964050127662839,IGH,2.1190611457212659e-07,0.0
89,coral_wgsim_rl_100_cov_2_30.corrected.fastq,coral,30,9715,56993,26951,2,586,133,2,94380,13355,9390319,33474,3,840,141,2,0,9438134,Coral,2,100L,0.28518652971449315,0.9315708705357143,0.2642379721967157,0.9963488545511221,IGH,2.119062941890844e-07,0.0
90,coral_wgsim_rl_100_cov_32_20.corrected.fastq,coral,20,572142,889783,1274,122,34682,12081,159,1510084,752574,150210855,1684,180,42658,13176,167,26,151021320,Coral,32,100L,0.9977673422091645,0.9309333900703605,0.9237422738638503,0.9996168421123448,IGH,1.27796525682599e-06,0.15568862275449102
91,coral_wgsim_rl_100_cov_32_22.corrected.fastq,coral,22,572199,889465,923,123,35384,11990,149,1510084,753000,150209083,1249,188,44467,13680,140,28,151021835,Coral,32,100L,0.9983440481856788,0.9283150896200072,0.9212514700052635,0.9996045339333014,IGH,1.112421922300176e-06,0.2
92,coral_wgsim_rl_100_cov_32_24.corrected.fastq,coral,24,572525,889691,702,124,35283,11759,162,1510084,753221,150209367,1027,191,44203,12693,161,26,151020889,Coral,32,100L,0.9986383788886414,0.9297681692891274,0.9232043041546016,0.9996141261621582,IGH,1.2382393007897073e-06,0.16149068322981366
93,coral_wgsim_rl_100_cov_32_26.corrected.fastq,coral,26,572262,889483,661,129,35825,11724,146,1510084,753166,150208275,1074,198,45337,13353,146,25,151021574,Coral,32,100L,0.9985760500636403,0.9277088547722749,0.9207626219770895,0.9996019905742061,IGH,1.1322885563356664e-06,0.17123287671232876
94,coral_wgsim_rl_100_cov_32_28.corrected.fastq,coral,28,572053,888969,765,131,35846,12320,134,1510084,752752,150208812,1495,192,44750,13534,119,25,151021679,Coral,32,100L,0.9980178906909806,0.9281363589285803,0.9207434699773417,0.9996021100391339,IGH,9.535054897648171e-07,0.21008403361344538
95,coral_wgsim_rl_100_cov_32_30.corrected.fastq,coral,30,571894,889236,1009,129,35465,12351,133,1510084,751963,150209156,2285,192,44475,13697,116,24,151021908,Coral,32,100L,0.9969704924640171,0.9281946836021157,0.919844666475748,0.9995976410941874,IGH,9.270178204873428e-07,0.20689655172413793
96,coral_wgsim_rl_100_cov_4_20.corrected.fastq,coral,20,52591,113193,19920,8,2379,669,9,188760,70619,18778859,23248,11,3227,683,5,4,18876656,Coral,4,100L,0.7523304249629795,0.947537200284453,0.7106757433389796,0.9985604438753228,IGH,4.767793617683132e-07,0.8
97,coral_wgsim_rl_100_cov_4_22.corrected.fastq,coral,22,52163,113138,20310,10,2440,699,8,188760,70063,18778730,23801,14,3338,714,4,4,18876668,Coral,4,100L,0.7464310065626865,0.9453282061660933,0.7032621665388221,0.9985235208933104,IGH,4.238036077129714e-07,1.0
98,coral_wgsim_rl_100_cov_4_24.corrected.fastq,coral,24,51559,113106,20915,12,2463,705,8,188760,69233,18778690,24631,15,3393,723,5,3,18876693,Coral,4,100L,0.7375884258075514,0.9438847155380441,0.6937377482314838,0.9984760569782096,IGH,4.2380304643403377e-07,0.6
99,coral_wgsim_rl_100_cov_4_26.corrected.fastq,coral,26,50811,113129,21701,11,2431,677,9,188760,68145,18778761,25718,15,3330,688,5,4,18876666,Coral,4,100L,0.7260049220672683,0.9443204966534097,0.6831978521888284,0.9984236619800683,IGH,4.7677910919226945e-07,0.8
100,coral_wgsim_rl_100_cov_4_28.corrected.fastq,coral,28,49748,113129,22778,13,2412,680,10,188760,66707,18778779,27154,17,3292,692,8,4,18876653,Coral,4,100L,0.7106998646935362,0.9436420477854324,0.668254120454715,0.9983491243599434,IGH,6.357059167215714e-07,0.5
101,coral_wgsim_rl_100_cov_4_30.corrected.fastq,coral,30,48694,113133,23835,14,2428,656,9,188760,65284,18778734,28577,17,3331,671,7,4,18876625,Coral,4,100L,0.6955391483150616,0.9422394134457177,0.6529016311354023,0.9982728370718467,IGH,5.827312880348049e-07,0.5714285714285714
102,coral_wgsim_rl_100_cov_8_20.corrected.fastq,coral,20,140982,224117,3625,28,6946,1822,10,377520,184738,37554381,4087,42,8683,1950,7,3,37753891,Coral,8,100L,0.9783556202833311,0.9455753412737816,0.9220442208394015,0.9996088085020541,IGH,2.6487336100006224e-07,0.42857142857142855
103,coral_wgsim_rl_100_cov_8_22.corrected.fastq,coral,22,140887,224101,3725,27,6969,1811,10,377520,184601,37554274,4227,39,8791,1929,7,3,37753871,Coral,8,100L,0.9776145486898129,0.9451159885521782,0.9208433071366534,0.9996028751279207,IGH,2.648735013159313e-07,0.42857142857142855
104,coral_wgsim_rl_100_cov_8_24.corrected.fastq,coral,24,140596,224087,3940,24,7070,1803,13,377520,184316,37553981,4513,38,9048,1922,23,3,37753844,Coral,8,100L,0.9761000693749371,0.9438259783087369,0.9180051792891981,0.9995882803023936,IGH,6.886715959307349e-07,0.13043478260869565
105,coral_wgsim_rl_100_cov_8_26.corrected.fastq,coral,26,140236,224078,4299,26,7137,1744,12,377520,183867,37553893,4962,38,9138,1850,9,3,37753760,Coral,8,100L,0.973722256644901,0.9436093505427112,0.9155320422180915,0.9995762805804996,IGH,3.178491360860481e-07,0.3333333333333333
106,coral_wgsim_rl_100_cov_8_28.corrected.fastq,coral,28,139703,224129,4863,26,7007,1792,10,377520,183143,37554172,5686,38,8888,1897,10,3,37753837,Coral,8,100L,0.9698880998151767,0.9443865764613671,0.9127729321237733,0.9995624550343681,IGH,3.4433586180922483e-07,0.3
107,coral_wgsim_rl_100_cov_8_30.corrected.fastq,coral,30,139065,224202,5555,25,6905,1768,10,377520,182173,37554234,6656,39,8792,1881,9,2,37753786,Coral,8,100L,0.9647511769908224,0.9446553208259441,0.9082291385327466,0.9995397282561134,IGH,2.913615074260367e-07,0.2222222222222222
108,fiona_wgsim_rl_100_cov_16_9181.corrected.fastq,fiona,9181,33638,146407,12350,1336,486983,74328,6019,755042,350024,74247432,23683,2830,846697,77377,6329,25,75554397,Fiona,16,100L,0.9366268226177192,0.2747229804928663,-1.5360964605961356,0.9873347368964962,IGH,8.409834837276248e-05,0.003950071101279823
109,fiona_wgsim_rl_100_cov_1_9181.corrected.fastq,fiona,9181,2939,11290,4536,49,17451,10925,197,47190,9492,4643770,13750,235,47083,12625,206,5,4727166,Fiona,1,100L,0.40839858876172447,0.13716763005780347,-2.160571379399363,0.9843671497543663,IGH,4.463562311964505e-05,0.024271844660194174
110,fiona_wgsim_rl_100_cov_2_9181.corrected.fastq,fiona,9181,5404,11939,2956,89,47109,26883,626,94380,30168,9250275,16115,543,129251,31163,676,6,9458197,Fiona,2,100L,0.6518160015556468,0.15829406764542298,-2.8141218157854935,0.9812069771058758,IGH,7.21067662261634e-05,0.008875739644970414
111,fiona_wgsim_rl_100_cov_32_9181.corrected.fastq,fiona,9181,60873,322296,17965,2825,972797,133328,11583,1510084,717184,148523107,31633,5589,1667914,138180,12215,59,151095881,Fiona,32,100L,0.9577560338507272,0.28422710458379935,-1.45417371667577,0.9877195082204192,IGH,8.123318728986398e-05,0.004830126893164142
112,fiona_wgsim_rl_100_cov_4_9181.corrected.fastq,fiona,9181,10063,20363,3239,257,111226,43612,1485,188760,78431,18514921,14506,934,248809,48366,1565,11,18907543,Fiona,4,100L,0.8439157708985657,0.20881189331373834,-2.3536804501974458,0.9833833416227988,IGH,8.335297716895316e-05,0.007028753993610224
113,fiona_wgsim_rl_100_cov_8_9181.corrected.fastq,fiona,9181,19240,54596,6785,606,241476,54817,3085,377520,171240,37089543,16004,1610,450654,57902,3239,16,37790208,Fiona,8,100L,0.914528636431608,0.25189909914150715,-1.8014782850184785,0.9859908359290686,IGH,8.613342376945901e-05,0.004939796233405372
114,lighter_wgsim_rl_100_cov_1_20.corrected.fastq,lighter,20,0,28695,18495,0,0,0,0,47190,0,4695518,23482,0,0,0,0,0,4719000,Lighter,1,100L,0.0,,0.0,0.9950239457512184,IGH,0.0,
115,lighter_wgsim_rl_100_cov_1_22.corrected.fastq,lighter,22,0,28695,18495,0,0,0,0,47190,0,4695518,23482,0,0,0,0,0,4719000,Lighter,1,100L,0.0,,0.0,0.9950239457512184,IGH,0.0,
116,lighter_wgsim_rl_100_cov_1_24.corrected.fastq,lighter,24,0,28695,18495,0,0,0,0,47190,0,4695518,23482,0,0,0,0,0,4719000,Lighter,1,100L,0.0,,0.0,0.9950239457512184,IGH,0.0,
117,lighter_wgsim_rl_100_cov_1_26.corrected.fastq,lighter,26,0,28695,18495,0,0,0,0,47190,0,4695518,23482,0,0,0,0,0,4719000,Lighter,1,100L,0.0,,0.0,0.9950239457512184,IGH,0.0,
118,lighter_wgsim_rl_100_cov_1_28.corrected.fastq,lighter,28,0,28695,18495,0,0,0,0,47190,0,4695518,23482,0,0,0,0,0,4719000,Lighter,1,100L,0.0,,0.0,0.9950239457512184,IGH,0.0,
119,lighter_wgsim_rl_100_cov_1_30.corrected.fastq,lighter,30,0,28695,18495,0,0,0,0,47190,0,4695518,23482,0,0,0,0,0,4719000,Lighter,1,100L,0.0,,0.0,0.9950239457512184,IGH,0.0,
120,lighter_wgsim_rl_100_cov_16_20.corrected.fastq,lighter,20,284328,452836,9241,39,8598,0,0,755042,366238,75118632,10283,41,9006,0,0,0,75504200,Lighter,16,100L,0.972689438304902,0.9759996162496936,0.9487704537064334,0.9997439877516747,IGH,0.0,
121,lighter_wgsim_rl_100_cov_16_22.corrected.fastq,lighter,22,280597,452547,12668,32,9198,0,0,755042,362344,75117954,14184,34,9684,0,0,0,75504200,Lighter,16,100L,0.9623294947520503,0.9739697012052856,0.9366102919304806,0.999683434828791,IGH,0.0,
122,lighter_wgsim_rl_100_cov_16_24.corrected.fastq,lighter,24,275868,452195,17199,39,9741,0,0,755042,357020,75117348,19499,43,10290,0,0,0,75504200,Lighter,16,100L,0.9482124408064401,0.9719855163213634,0.9208831426833706,0.9996048961514724,IGH,0.0,
123,lighter_wgsim_rl_100_cov_16_26.corrected.fastq,lighter,26,281245,452937,12296,40,8524,0,0,755042,362574,75118849,13944,44,8789,0,0,0,75504200,Lighter,16,100L,0.9629659139802081,0.9763331295794142,0.9396230724693109,0.9996983346621777,IGH,0.0,
124,lighter_wgsim_rl_100_cov_16_28.corrected.fastq,lighter,28,276613,452594,16714,40,9081,0,0,755042,357421,75118128,19095,46,9510,0,0,0,75504200,Lighter,16,100L,0.9492850237440109,0.9740823206542919,0.9240271329770846,0.9996205376654543,IGH,0.0,
125,lighter_wgsim_rl_100_cov_16_30.corrected.fastq,lighter,30,276755,452712,16768,43,8764,0,0,755042,357384,75118599,19132,46,9039,0,0,0,75504200,Lighter,16,100L,0.9491867543477568,0.975331788670471,0.9251798064358486,0.9996262856900676,IGH,0.0,
126,lighter_wgsim_rl_100_cov_2_20.corrected.fastq,lighter,20,0,57375,37005,0,0,0,0,94380,0,9391168,46832,0,0,0,0,0,9438000,Lighter,2,100L,0.0,,0.0,0.9950379317652045,IGH,0.0,
127,lighter_wgsim_rl_100_cov_2_22.corrected.fastq,lighter,22,0,57375,37005,0,0,0,0,94380,0,9391168,46832,0,0,0,0,0,9438000,Lighter,2,100L,0.0,,0.0,0.9950379317652045,IGH,0.0,
128,lighter_wgsim_rl_100_cov_2_24.corrected.fastq,lighter,24,0,57375,37005,0,0,0,0,94380,0,9391168,46832,0,0,0,0,0,9438000,Lighter,2,100L,0.0,,0.0,0.9950379317652045,IGH,0.0,
129,lighter_wgsim_rl_100_cov_2_26.corrected.fastq,lighter,26,0,57375,37005,0,0,0,0,94380,0,9391168,46832,0,0,0,0,0,9438000,Lighter,2,100L,0.0,,0.0,0.9950379317652045,IGH,0.0,
130,lighter_wgsim_rl_100_cov_2_28.corrected.fastq,lighter,28,0,57375,37005,0,0,0,0,94380,0,9391168,46832,0,0,0,0,0,9438000,Lighter,2,100L,0.0,,0.0,0.9950379317652045,IGH,0.0,
131,lighter_wgsim_rl_100_cov_2_30.corrected.fastq,lighter,30,0,57375,37005,0,0,0,0,94380,0,9391168,46832,0,0,0,0,0,9438000,Lighter,2,100L,0.0,,0.0,0.9950379317652045,IGH,0.0,
132,lighter_wgsim_rl_100_cov_32_20.corrected.fastq,lighter,20,592975,914753,1311,7,1038,0,0,1510084,752926,150252796,1527,10,1141,0,0,0,151008400,Lighter,32,100L,0.9979760170613676,0.9984868718562143,0.996463663077753,0.9999822658871956,IGH,0.0,
133,lighter_wgsim_rl_100_cov_32_22.corrected.fastq,lighter,22,593012,914426,1076,12,1558,0,0,1510084,753213,150252289,1236,14,1648,0,0,0,151008400,Lighter,32,100L,0.9983617182871208,0.9978168166059712,0.9961773426699485,0.9999808090145978,IGH,0.0,
134,lighter_wgsim_rl_100_cov_32_24.corrected.fastq,lighter,24,593046,914330,1049,6,1653,0,0,1510084,753241,150252188,1213,9,1749,0,0,0,151008400,Lighter,32,100L,0.9983922147672356,0.9976834130253381,0.9960739819790206,0.9999803255977813,IGH,0.0,
135,lighter_wgsim_rl_100_cov_32_26.corrected.fastq,lighter,26,593143,914450,986,9,1496,0,0,1510084,753327,150252362,1124,12,1575,0,0,0,151008400,Lighter,32,100L,0.9985101749484062,0.9979136364720189,0.996422564222196,0.999982047356306,IGH,0.0,
136,lighter_wgsim_rl_100_cov_32_28.corrected.fastq,lighter,28,593129,914477,1012,7,1459,0,0,1510084,753289,150252399,1165,9,1538,0,0,0,151008400,Lighter,32,100L,0.9984558369363805,0.997962447024285,0.9964172766000313,0.9999820407341579,IGH,0.0,
137,lighter_wgsim_rl_100_cov_32_30.corrected.fastq,lighter,30,592945,914311,1073,14,1741,0,0,1510084,753179,150252126,1269,15,1811,0,0,0,151008400,Lighter,32,100L,0.9983179755264776,0.9976012927323541,0.9959175450130426,0.999979504451408,IGH,0.0,
138,lighter_wgsim_rl_100_cov_4_20.corrected.fastq,lighter,20,13462,111454,59043,28,4772,1,0,188760,19363,18777194,74490,29,4923,2,0,0,18876001,Lighter,4,100L,0.20631199855092539,0.7972249670619236,0.15383631849807677,0.9957912695596912,IGH,0.0,
139,lighter_wgsim_rl_100_cov_4_22.corrected.fastq,lighter,22,13251,111325,59288,30,4865,1,0,188760,18848,18777100,75003,31,5017,2,0,0,18876001,Lighter,4,100L,0.20082897358579024,0.7897096409268027,0.1473505876335894,0.9957590063700463,IGH,0.0,
140,lighter_wgsim_rl_100_cov_4_24.corrected.fastq,lighter,24,13045,111248,59511,30,4925,1,0,188760,18365,18777053,75485,32,5064,2,0,0,18876001,Lighter,4,100L,0.1956846030900373,0.7837907046220819,0.14170484816196058,0.9957309283889103,IGH,0.0,
141,lighter_wgsim_rl_100_cov_4_26.corrected.fastq,lighter,26,12712,111175,59852,34,4986,1,0,188760,17721,18776988,76126,35,5129,2,0,0,18876001,Lighter,4,100L,0.18882862531567338,0.7754682303518292,0.13415452811491044,0.9956933674669757,IGH,0.0,
142,lighter_wgsim_rl_100_cov_4_28.corrected.fastq,lighter,28,12482,111045,60045,40,5147,1,0,188760,17230,18776825,76610,42,5292,2,0,0,18876001,Lighter,4,100L,0.18361040068201193,0.7649618185047061,0.12719522591645355,0.9956587202978003,IGH,0.0,
143,lighter_wgsim_rl_100_cov_4_30.corrected.fastq,lighter,30,12232,110962,60336,37,5192,1,0,188760,16662,18776774,77180,40,5343,2,0,0,18876001,Lighter,4,100L,0.1775537605762878,0.7571227336756486,0.12059632147652437,0.9956259273349265,IGH,0.0,
144,lighter_wgsim_rl_100_cov_8_20.corrected.fastq,lighter,20,0,228639,148881,0,0,0,0,377520,0,37563130,188870,0,0,0,0,0,37752000,Lighter,8,100L,0.0,,0.0,0.9949970862470863,IGH,0.0,
145,lighter_wgsim_rl_100_cov_8_22.corrected.fastq,lighter,22,0,228639,148881,0,0,0,0,377520,0,37563130,188870,0,0,0,0,0,37752000,Lighter,8,100L,0.0,,0.0,0.9949970862470863,IGH,0.0,
146,lighter_wgsim_rl_100_cov_8_24.corrected.fastq,lighter,24,0,228639,148881,0,0,0,0,377520,0,37563130,188870,0,0,0,0,0,37752000,Lighter,8,100L,0.0,,0.0,0.9949970862470863,IGH,0.0,
147,lighter_wgsim_rl_100_cov_8_26.corrected.fastq,lighter,26,0,228639,148881,0,0,0,0,377520,0,37563130,188870,0,0,0,0,0,37752000,Lighter,8,100L,0.0,,0.0,0.9949970862470863,IGH,0.0,
148,lighter_wgsim_rl_100_cov_8_28.corrected.fastq,lighter,28,0,228639,148881,0,0,0,0,377520,0,37563130,188870,0,0,0,0,0,37752000,Lighter,8,100L,0.0,,0.0,0.9949970862470863,IGH,0.0,
149,lighter_wgsim_rl_100_cov_8_30.corrected.fastq,lighter,30,0,228639,148881,0,0,0,0,377520,0,37563130,188870,0,0,0,0,0,37752000,Lighter,8,100L,0.0,,0.0,0.9949970862470863,IGH,0.0,
150,musket_wgsim_rl_100_cov_1_20.corrected.fastq,musket,20,8,28596,18405,1,180,0,0,47190,46,4695087,23431,5,431,0,0,0,4719000,Musket,1,100L,0.0019593644843889763,0.09643605870020965,-0.016399028836733824,0.9949423606696334,IGH,0.0,
151,musket_wgsim_rl_100_cov_1_22.corrected.fastq,musket,22,6,28618,18433,0,133,0,0,47190,32,4695183,23446,4,335,0,0,0,4719000,Musket,1,100L,0.0013629781071641536,0.08719346049046321,-0.01290569895221058,0.9949597372324646,IGH,0.0,
152,musket_wgsim_rl_100_cov_1_24.corrected.fastq,musket,24,6,28633,18447,0,104,0,0,47190,24,4695300,23456,2,218,0,0,0,4719000,Musket,1,100L,0.0010221465076660989,0.09917355371900827,-0.008262350936967632,0.9949828353464717,IGH,0.0,
153,musket_wgsim_rl_100_cov_1_26.corrected.fastq,musket,26,7,28653,18460,0,70,0,0,47190,16,4695379,23465,1,139,0,0,0,4719000,Musket,1,100L,0.0006814019845832801,0.1032258064516129,-0.005238277756483966,0.9949978809069718,IGH,0.0,
154,musket_wgsim_rl_100_cov_1_28.corrected.fastq,musket,28,6,28663,18472,0,49,0,0,47190,12,4695434,23470,0,84,0,0,0,4719000,Musket,1,100L,0.0005110297248956647,0.125,-0.0030661783493739886,0.9950086882814155,IGH,0.0,
155,musket_wgsim_rl_100_cov_1_30.corrected.fastq,musket,30,6,28663,18472,0,49,0,0,47190,12,4695434,23470,0,84,0,0,0,4719000,Musket,1,100L,0.0005110297248956647,0.125,-0.0030661783493739886,0.9950086882814155,IGH,0.0,
156,musket_wgsim_rl_100_cov_16_20.corrected.fastq,musket,20,294653,456911,982,105,2391,0,0,755042,375371,75125191,1083,108,2447,0,0,0,75504200,Musket,16,100L,0.9971231544889947,0.993523336632982,0.9906230243270094,0.9999518172499013,IGH,0.0,
157,musket_wgsim_rl_100_cov_16_22.corrected.fastq,musket,22,294555,456755,847,103,2782,0,0,755042,375513,75124788,945,104,2850,0,0,0,75504200,Musket,16,100L,0.9974897598138438,0.9924675510026086,0.9899191941730552,0.9999483604885556,IGH,0.0,
158,musket_wgsim_rl_100_cov_16_24.corrected.fastq,musket,24,294246,456553,889,97,3257,0,0,755042,375471,75124284,993,98,3354,0,0,0,75504200,Musket,16,100L,0.9973622975902078,0.9911463076618492,0.9884530791788856,0.9999411291027519,IGH,0.0,
159,musket_wgsim_rl_100_cov_16_26.corrected.fastq,musket,26,293825,456388,1018,93,3718,0,0,755042,375293,75123810,1175,94,3828,0,0,0,75504200,Musket,16,100L,0.996878884792333,0.9899029597410853,0.986710689885993,0.9999324938215357,IGH,0.0,
160,musket_wgsim_rl_100_cov_16_28.corrected.fastq,musket,28,293590,456285,1105,91,3971,0,0,755042,375169,75123540,1300,93,4098,0,0,0,75504200,Musket,16,100L,0.9965468604320674,0.9891949470953181,0.9856615020094616,0.9999272755687763,IGH,0.0,
161,musket_wgsim_rl_100_cov_16_30.corrected.fastq,musket,30,293590,456285,1105,91,3971,0,0,755042,375169,75123540,1300,93,4098,0,0,0,75504200,Musket,16,100L,0.9965468604320674,0.9891949470953181,0.9856615020094616,0.9999272755687763,IGH,0.0,
162,musket_wgsim_rl_100_cov_2_20.corrected.fastq,musket,20,66,57121,36775,2,416,0,0,94380,161,9390026,46662,9,1142,0,0,0,9438000,Musket,2,100L,0.003438481088354014,0.12356101304681504,-0.02095124191102663,0.9949339902521721,IGH,0.0,
163,musket_wgsim_rl_100_cov_2_22.corrected.fastq,musket,22,57,57177,36823,2,321,0,0,94380,120,9390427,46704,8,741,0,0,0,9438000,Musket,2,100L,0.0025627883136852894,0.13937282229965156,-0.013262429523321373,0.9949721339266794,IGH,0.0,
164,musket_wgsim_rl_100_cov_2_24.corrected.fastq,musket,24,51,57213,36860,1,255,0,0,94380,94,9390626,46733,5,542,0,0,0,9438000,Musket,2,100L,0.0020073888995664896,0.14779874213836477,-0.009567130074529652,0.9949904640813731,IGH,0.0,
165,musket_wgsim_rl_100_cov_2_26.corrected.fastq,musket,26,109,57224,36808,1,238,0,0,94380,177,9390613,46650,5,555,0,0,0,9438000,Musket,2,100L,0.003779870587481581,0.24180327868852458,-0.008072266000384394,0.9949978809069718,IGH,0.0,
166,musket_wgsim_rl_100_cov_2_28.corrected.fastq,musket,28,101,57237,36828,1,213,0,0,94380,156,9390703,46671,5,465,0,0,0,9438000,Musket,2,100L,0.0033314113652380037,0.25120772946859904,-0.0065987571272983535,0.995005191777919,IGH,0.0,
167,musket_wgsim_rl_100_cov_2_30.corrected.fastq,musket,30,101,57237,36828,1,213,0,0,94380,156,9390703,46671,5,465,0,0,0,9438000,Musket,2,100L,0.0033314113652380037,0.25120772946859904,-0.0065987571272983535,0.995005191777919,IGH,0.0,
168,musket_wgsim_rl_100_cov_32_20.corrected.fastq,musket,20,592769,915246,1560,200,309,0,0,1510084,752552,150253599,1707,204,338,0,0,0,151008400,Musket,32,100L,0.9977368516650116,0.9995510632363294,0.9972887297334205,0.9999851067887614,IGH,0.0,
169,musket_wgsim_rl_100_cov_32_22.corrected.fastq,musket,22,593252,915234,1060,195,343,0,0,1510084,753116,150253570,1150,197,367,0,0,0,151008400,Musket,32,100L,0.9984753389387828,0.999512928626127,0.9979887731914205,0.9999886496380334,IGH,0.0,
170,musket_wgsim_rl_100_cov_32_24.corrected.fastq,musket,24,593333,915196,896,188,471,0,0,1510084,753273,150253444,1001,189,493,0,0,0,151008400,Musket,32,100L,0.9986728960563402,0.9993459508653879,0.9980192874207516,0.9999888549246267,IGH,0.0,
171,musket_wgsim_rl_100_cov_32_26.corrected.fastq,musket,26,593344,915156,791,174,619,0,0,1510084,753324,150253295,963,176,642,0,0,0,151008400,Musket,32,100L,0.9987232976307426,0.9991485027176292,0.9978721627179045,0.9999882059541059,IGH,0.0,
172,musket_wgsim_rl_100_cov_32_28.corrected.fastq,musket,28,593307,915133,765,175,704,0,0,1510084,753246,150253208,1041,176,729,0,0,0,151008400,Musket,32,100L,0.9986198887160987,0.9990331244404655,0.9976534130907732,0.9999871132996575,IGH,0.0,
173,musket_wgsim_rl_100_cov_32_30.corrected.fastq,musket,30,593307,915133,765,175,704,0,0,1510084,753246,150253208,1041,176,729,0,0,0,151008400,Musket,32,100L,0.9986198887160987,0.9990331244404655,0.9976534130907732,0.9999871132996575,IGH,0.0,
174,musket_wgsim_rl_100_cov_4_20.corrected.fastq,musket,20,944,113761,72480,2,1572,1,1,188760,1654,18777891,92211,17,4226,1,1,0,18876001,Musket,4,100L,0.01762105151014755,0.2812446862778439,-0.027411708304479837,0.9948900193425504,IGH,5.297732289800154e-08,0.0
175,musket_wgsim_rl_100_cov_4_22.corrected.fastq,musket,22,899,113893,72635,1,1332,0,0,188760,1523,18778812,92348,11,3306,0,0,0,18876000,Musket,4,100L,0.016224393050036753,0.31538620832470493,-0.01899415154840153,0.9949319241364696,IGH,0.0,
176,musket_wgsim_rl_100_cov_4_24.corrected.fastq,musket,24,558,114175,73181,0,845,1,1,188760,910,18780098,92962,10,2019,1,1,0,18876001,Musket,4,100L,0.009694051474348049,0.310580204778157,-0.011824612237941026,0.9949675251659501,IGH,5.297732289800154e-08,0.0
177,musket_wgsim_rl_100_cov_4_26.corrected.fastq,musket,26,522,114291,73263,0,684,0,0,188760,824,18780642,93050,8,1476,0,0,0,18876000,Musket,4,100L,0.008777723331273836,0.3582608695652174,-0.006945480111639006,0.9949918414918415,IGH,0.0,
178,musket_wgsim_rl_100_cov_4_28.corrected.fastq,musket,28,498,114328,73310,0,624,0,0,188760,785,18780785,93090,7,1333,0,0,0,18876000,Musket,4,100L,0.008362183754993343,0.37063267233238906,-0.0058375499334221035,0.9949973511337148,IGH,0.0,
179,musket_wgsim_rl_100_cov_4_30.corrected.fastq,musket,30,498,114328,73310,0,624,0,0,188760,785,18780785,93090,7,1333,0,0,0,18876000,Musket,4,100L,0.008362183754993343,0.37063267233238906,-0.0058375499334221035,0.9949973511337148,IGH,0.0,
180,musket_wgsim_rl_100_cov_8_20.corrected.fastq,musket,20,141512,227212,5603,52,3141,0,0,377520,182505,37559505,6307,58,3625,0,0,0,37752000,Musket,8,100L,0.9665964027710103,0.9805243646913447,0.9473974111814927,0.9997353782581055,IGH,0.0,
181,musket_wgsim_rl_100_cov_8_22.corrected.fastq,musket,22,140819,227149,6219,43,3290,0,0,377520,181801,37559444,7022,47,3686,0,0,0,37752000,Musket,8,100L,0.9628117337400635,0.9801279874061255,0.9432908067343491,0.9997151144310236,IGH,0.0,
182,musket_wgsim_rl_100_cov_8_24.corrected.fastq,musket,24,139977,227053,6951,46,3493,0,0,377520,180896,37559239,7926,48,3891,0,0,0,37752000,Musket,8,100L,0.9580239590725657,0.9789433239351253,0.9374172501085679,0.9996857120152575,IGH,0.0,
183,musket_wgsim_rl_100_cov_8_26.corrected.fastq,musket,26,138935,226989,7879,41,3676,0,0,377520,179773,37559088,9051,46,4042,0,0,0,37752000,Musket,8,100L,0.9520664746006864,0.9780104996871855,0.9306602974198195,0.9996519654587837,IGH,0.0,
184,musket_wgsim_rl_100_cov_8_28.corrected.fastq,musket,28,138386,226940,8377,40,3777,0,0,377520,179156,37558984,9669,45,4146,0,0,0,37752000,Musket,8,100L,0.948793856745664,0.9773815888533677,0.9268370184032835,0.9996328671328671,IGH,0.0,
185,musket_wgsim_rl_100_cov_8_30.corrected.fastq,musket,30,138386,226940,8377,40,3777,0,0,377520,179156,37558984,9669,45,4146,0,0,0,37752000,Musket,8,100L,0.948793856745664,0.9773815888533677,0.9268370184032835,0.9996328671328671,IGH,0.0,
186,pollux_wgsim_rl_100_cov_1_20.corrected.fastq,pollux,20,325,15207,8408,1,205,84,0,24230,497,2411568,10446,7,414,126,0,0,2423058,Pollux,1,100L,0.04541716165585306,0.4792671166827387,-0.0039294526181120355,0.9954631709187316,IGH,0.0,
187,pollux_wgsim_rl_100_cov_1_22.corrected.fastq,pollux,22,301,14713,7959,0,192,57,0,23222,452,2311511,9845,4,348,81,0,0,2322241,Pollux,1,100L,0.043896280470039815,0.5130533484676504,0.002233660289404681,0.9955741027740015,IGH,0.0,
188,pollux_wgsim_rl_100_cov_1_24.corrected.fastq,pollux,24,284,14213,7534,0,155,38,0,22224,415,2212417,9292,3,250,47,0,0,2222424,Pollux,1,100L,0.04275265272483775,0.5828651685393258,0.012156175955496033,0.9956839918935361,IGH,0.0,
189,pollux_wgsim_rl_100_cov_1_26.corrected.fastq,pollux,26,268,13713,7108,0,134,37,0,21260,382,2116635,8746,2,211,45,0,0,2126021,Pollux,1,100L,0.041849255039439086,0.5987460815047022,0.013803680981595092,0.9957648583903922,IGH,0.0,
190,pollux_wgsim_rl_100_cov_1_28.corrected.fastq,pollux,28,236,13220,6766,0,117,31,0,20370,338,2028159,8290,1,189,39,0,0,2037016,Pollux,1,100L,0.039174779786740846,0.5971731448763251,0.012749188687992583,0.9958179022648815,IGH,0.0,
191,pollux_wgsim_rl_100_cov_1_30.corrected.fastq,pollux,30,210,12721,6369,0,99,17,0,19416,302,1933358,7782,1,149,19,0,0,1941611,Pollux,1,100L,0.03735774369124196,0.6425531914893617,0.016575952498762987,0.9959049469744454,IGH,0.0,
192,pollux_wgsim_rl_100_cov_16_20.corrected.fastq,pollux,20,281346,452904,11897,96,7216,1581,23,755040,361733,75114226,14597,232,11493,2620,30,2,75504933,Pollux,16,100L,0.9612122339436133,0.9624500460294908,0.9237105731671671,0.9996162899612477,IGH,4.23813368591427e-07,0.06666666666666667
193,pollux_wgsim_rl_100_cov_16_22.corrected.fastq,pollux,22,281285,452994,11945,114,7151,1551,23,755040,361584,75115100,14744,234,10930,2401,31,2,75505026,Pollux,16,100L,0.9608214111094577,0.964442606990918,0.925397525562807,0.9996246607378073,IGH,4.3705699803348193e-07,0.06451612903225806
194,pollux_wgsim_rl_100_cov_16_24.corrected.fastq,pollux,24,280769,452871,12218,125,7568,1489,24,755040,361135,75115142,15193,235,11085,2171,36,0,75504997,Pollux,16,100L,0.9596283029697498,0.964593165968199,0.9244037116557896,0.9996196278241029,IGH,4.767896355257123e-07,0.0
195,pollux_wgsim_rl_100_cov_16_26.corrected.fastq,pollux,26,280060,452853,12771,145,7664,1547,22,755040,360337,75115563,15980,247,10715,2161,29,0,75505032,Pollux,16,100L,0.9575358009337872,0.9654995940655872,0.9233199669427636,0.9996141714104565,IGH,3.8408036169033076e-07,0.0
196,pollux_wgsim_rl_100_cov_16_28.corrected.fastq,pollux,28,278708,452685,13802,146,7952,1747,18,755040,358707,75115464,17602,255,10777,2358,24,0,75505187,Pollux,16,100L,0.9532246106258421,0.9646758569499949,0.9183197850702481,0.9995892202743634,IGH,3.17858957160122e-07,0.0
197,pollux_wgsim_rl_100_cov_16_30.corrected.fastq,pollux,30,278620,454634,15038,175,7883,1810,16,758160,358317,75426339,19566,270,10334,2413,21,1,75817261,Pollux,16,100L,0.948222068735561,0.9656474354828277,0.9144894054508935,0.9995699659945506,IGH,2.9017138986331887e-07,0.047619047619047616
198,pollux_wgsim_rl_100_cov_2_20.corrected.fastq,pollux,20,2903,46470,25347,6,755,353,1,75834,4131,7545620,31597,26,1751,537,1,0,7583663,Pollux,2,100L,0.11562360053739364,0.643558186633432,0.051584191670398565,0.9955282823089581,IGH,1.3186239947634805e-07,0.0
199,pollux_wgsim_rl_100_cov_2_22.corrected.fastq,pollux,22,2635,45731,24595,10,639,266,1,73876,3734,7351801,30558,23,1277,410,1,0,7387804,Pollux,2,100L,0.10888837046541468,0.6888028039107176,0.05969322290913333,0.9956321255951024,IGH,1.3535822011520608e-07,0.0
200,pollux_wgsim_rl_100_cov_2_24.corrected.fastq,pollux,24,2405,44836,23895,11,569,206,1,71922,3373,7157962,29615,17,1077,305,1,0,7192350,Pollux,2,100L,0.1022493027767673,0.7093585699263932,0.06035528070813629,0.9956877793766988,IGH,1.3903661529263732e-07,0.0
201,pollux_wgsim_rl_100_cov_2_26.corrected.fastq,pollux,26,2165,43881,23118,8,525,159,0,69856,3013,6952925,28603,11,924,222,0,0,6985698,Pollux,2,100L,0.09529984817813765,0.7244529935080548,0.05905237854251012,0.995739867369016,IGH,0.0,
202,pollux_wgsim_rl_100_cov_2_28.corrected.fastq,pollux,28,1978,42940,22355,3,432,142,0,67850,2718,6753892,27561,6,720,192,0,0,6785089,Pollux,2,100L,0.08976518379074606,0.7487603305785124,0.05964529872188645,0.9958027079674268,IGH,0.0,
203,pollux_wgsim_rl_100_cov_2_30.corrected.fastq,pollux,30,1826,41931,21401,5,404,107,0,65674,2485,6537872,26360,6,626,134,0,0,6567483,Pollux,2,100L,0.08615011267117352,0.765793528505393,0.059802392095683825,0.9958696505190802,IGH,0.0,
204,pollux_wgsim_rl_100_cov_32_20.corrected.fastq,pollux,20,568098,909676,22301,129,6883,2995,39,1510082,726989,150235366,27084,393,14381,5663,50,1,151009927,Pollux,32,100L,0.9640830529670205,0.9731685213370761,0.9375020720805546,0.9996849809727077,IGH,3.3772614167279215e-07,0.02
205,pollux_wgsim_rl_100_cov_32_22.corrected.fastq,pollux,22,569041,910118,21648,121,6442,2712,34,1510082,727904,150238049,26200,363,12285,4818,47,0,151009666,Pollux,32,100L,0.9652567815579814,0.9770431687219047,0.9425768859467659,0.9997105284637872,IGH,3.1123835476862786e-07,0.0
206,pollux_wgsim_rl_100_cov_32_24.corrected.fastq,pollux,24,569532,910264,21357,126,6400,2403,33,1510082,728313,150238914,25843,311,11961,4139,44,0,151009525,Pollux,32,100L,0.9657325540073937,0.9783722207967889,0.9443841857652794,0.9997198984633585,IGH,2.9137234886342435e-07,0.0
207,pollux_wgsim_rl_100_cov_32_26.corrected.fastq,pollux,26,570018,910530,20936,125,6202,2269,31,1510080,728630,150240124,25520,315,10686,3815,35,2,151009127,Pollux,32,100L,0.9661605781343234,0.9804866167607057,0.9469323078963071,0.9997326585396743,IGH,2.45018302767885e-07,0.05714285714285714
208,pollux_wgsim_rl_100_cov_32_28.corrected.fastq,pollux,28,569876,910589,21040,125,6162,2288,30,1510080,728189,150239982,25971,306,10838,3766,34,1,151009087,Pollux,32,100L,0.9655630105017503,0.9803390715852196,0.946198419433542,0.9997290560383897,IGH,2.3177413157924729e-07,0.029411764705882353
209,pollux_wgsim_rl_100_cov_32_30.corrected.fastq,pollux,30,570341,911452,21162,123,5866,2248,26,1511192,727924,150351503,26784,303,10038,3712,34,1,151120299,Pollux,32,100L,0.9645107776782543,0.981460857465679,0.9462918108725494,0.999729546589433,IGH,2.316035650511782e-07,0.029411764705882353
210,pollux_wgsim_rl_100_cov_4_20.corrected.fastq,pollux,20,25113,111028,45593,32,2457,983,1,185206,34891,18423727,56251,57,4971,1446,1,0,18521344,Pollux,4,100L,0.38282021461016874,0.8446547884187082,0.31241359636611005,0.9966133127271973,IGH,5.399176215289776e-08,0.0
211,pollux_wgsim_rl_100_cov_4_22.corrected.fastq,pollux,22,23493,110932,46852,33,2025,787,2,184122,32462,18317809,57773,49,3598,1140,3,0,18412834,Pollux,4,100L,0.3597495428603092,0.8726344086021506,0.30724220091982046,0.996602206917197,IGH,1.629298347011655e-07,0.0
212,pollux_wgsim_rl_100_cov_4_24.corrected.fastq,pollux,24,21676,110624,47953,40,1834,735,2,182862,29898,18193477,59187,52,3139,1048,3,0,18286804,Pollux,4,100L,0.33561205590166693,0.8771600410737861,0.2886119997754953,0.9965314332673987,IGH,1.6405272348300994e-07,0.0
213,pollux_wgsim_rl_100_cov_4_26.corrected.fastq,pollux,26,20007,110205,48891,40,1709,644,1,181496,27482,18058442,60445,55,2795,877,1,0,18150097,Pollux,4,100L,0.3125547329034313,0.8821339153880722,0.2707928167684556,0.9964643164166009,IGH,5.509612427966638e-08,0.0
214,pollux_wgsim_rl_100_cov_4_28.corrected.fastq,pollux,28,18329,109559,49633,40,1592,573,1,179726,25116,17883111,61339,54,2632,809,1,0,17973062,Pollux,4,100L,0.2905095136198022,0.8795041495955458,0.25070846104910066,0.9963926569662976,IGH,5.563882214393963e-08,0.0
215,pollux_wgsim_rl_100_cov_4_30.corrected.fastq,pollux,30,16749,108914,50091,42,1418,540,1,177754,22777,17688018,62002,51,2253,729,1,0,17775831,Pollux,4,100L,0.26866323028108374,0.8842346364377499,0.23348942544733955,0.9963413243521498,IGH,5.625616040116493e-08,0.0
216,pollux_wgsim_rl_100_cov_8_20.corrected.fastq,pollux,20,118854,224374,26283,112,6024,1833,6,377480,156748,37548783,31891,180,9290,2559,8,0,37749459,Pollux,8,100L,0.8309416398517804,0.9297199831550976,0.7681285418179697,0.9988363276941267,IGH,2.119235669046277e-07,0.0
217,pollux_wgsim_rl_100_cov_8_22.corrected.fastq,pollux,22,116000,224615,29259,129,5680,1783,7,377466,152950,37548482,35666,188,8351,2411,10,0,37748058,Pollux,8,100L,0.8109068159647114,0.934262607505864,0.7538490902150401,0.9987648106294634,IGH,2.649142904252187e-07,0.0
218,pollux_wgsim_rl_100_cov_8_24.corrected.fastq,pollux,24,112675,224741,32628,152,5499,1721,5,377416,148517,37544368,40023,206,7682,2286,5,0,37743087,Pollux,8,100L,0.7877214384215551,0.9371044578351263,0.734852020791344,0.9986699021200889,IGH,1.3247459064490407e-07,0.0
219,pollux_wgsim_rl_100_cov_8_26.corrected.fastq,pollux,26,108840,224822,36394,179,5305,1812,4,377352,143432,37538443,44980,231,7297,2317,4,0,37736704,Pollux,8,100L,0.7612678597966159,0.9371822850646211,0.7102413858989873,0.9985470644177086,IGH,1.0599759851840796e-07,0.0
220,pollux_wgsim_rl_100_cov_8_28.corrected.fastq,pollux,28,104616,224918,40539,200,5104,1863,3,377240,137853,37527824,50394,237,6896,2383,5,0,37725592,Pollux,8,100L,0.7322985226856205,0.9369341815512601,0.6830069005083746,0.9984118208138391,IGH,1.3253602488199524e-07,0.0
221,pollux_wgsim_rl_100_cov_8_30.corrected.fastq,pollux,30,100059,224980,45007,198,4934,1900,3,377078,131739,37512380,56297,236,6447,2361,3,0,37709463,Pollux,8,100L,0.7006052032589504,0.937330572690986,0.6537631091918569,0.9982671723540587,IGH,7.955562772134942e-08,0.0
222,racer_wgsim_rl_100_cov_16_9181.corrected.fastq,racer,9181,18,457746,297089,0,187,2,2,755042,33,75127295,376529,0,341,2,2,0,75504202,Racer,16,100L,8.763497113357162e-05,0.08776595744680851,-0.0008232376076184001,0.9950085691919504,IGH,2.648859198591358e-08,0.0
223,racer_wgsim_rl_100_cov_1_9181.corrected.fastq,racer,9181,0,28680,18484,0,26,0,0,47190,1,4695470,23481,0,48,0,0,0,4719000,Racer,1,100L,4.2585810407972066e-05,0.02040816326530612,-0.002001533089174687,0.995013986013986,IGH,0.0,
224,racer_wgsim_rl_100_cov_2_9181.corrected.fastq,racer,9181,0,57365,36999,0,16,0,0,94380,3,9391138,46828,1,30,0,0,0,9438000,Racer,2,100L,6.4060131109735e-05,0.09090909090909091,-0.0005765411799876151,0.9950350709896164,IGH,0.0,
225,racer_wgsim_rl_100_cov_32_9181.corrected.fastq,racer,9181,28,915053,594626,1,373,3,0,1510084,65,150253265,754396,2,665,14,0,0,151008407,Racer,32,100L,8.61542213580291e-05,0.08736559139784947,-0.0008138260294435365,0.9949997684565999,IGH,0.0,
226,racer_wgsim_rl_100_cov_4_9181.corrected.fastq,racer,9181,6,114651,74007,0,96,0,0,188760,15,18781956,93866,1,162,0,0,0,18876000,Racer,4,100L,0.00015977673863721095,0.0847457627118644,-0.001565812038644667,0.9950185950413223,IGH,0.0,
227,racer_wgsim_rl_100_cov_8_9181.corrected.fastq,racer,9181,3,228572,148841,0,103,1,0,377520,10,37562924,188860,0,205,2,0,0,37752001,Racer,8,100L,5.2946471117700005e-05,0.04608294930875576,-0.0010430454810186902,0.9949918681131631,IGH,0.0,
228,reckoner_wgsim_rl_100_cov_1_20.corrected.fastq,reckoner,20,109,28657,18356,0,61,7,3,47190,159,4695283,23322,1,216,29,9,0,4719019,Reckoner,1,100L,0.006771432221796346,0.3935643564356436,-0.0036625356671351307,0.9950038344833958,IGH,1.9071760465469625e-06,0.0
229,reckoner_wgsim_rl_100_cov_1_22.corrected.fastq,reckoner,22,102,28666,18370,0,51,1,0,47190,152,4695394,23330,0,123,2,0,0,4719001,Reckoner,1,100L,0.006473043182011753,0.5487364620938628,0.0011498168810152457,0.9950296683556541,IGH,0.0,
230,reckoner_wgsim_rl_100_cov_1_24.corrected.fastq,reckoner,24,94,28669,18385,0,41,1,0,47190,132,4695424,23350,0,93,2,0,0,4719001,Reckoner,1,100L,0.005621326973852312,0.5814977973568282,0.0015756749850949663,0.9950317874482332,IGH,0.0,
231,reckoner_wgsim_rl_100_cov_1_26.corrected.fastq,reckoner,26,84,28673,18399,0,33,1,0,47190,116,4695436,23366,0,81,2,0,0,4719001,Reckoner,1,100L,0.00493995400732476,0.5829145728643216,0.001405331743463078,0.9950309398112016,IGH,0.0,
232,reckoner_wgsim_rl_100_cov_1_28.corrected.fastq,reckoner,28,69,28675,18416,0,29,1,0,47190,95,4695442,23387,0,75,2,0,0,4719001,Reckoner,1,100L,0.004045651988757346,0.5523255813953488,0.0007665445873434972,0.9950277611723328,IGH,0.0,
233,reckoner_wgsim_rl_100_cov_1_30.corrected.fastq,reckoner,30,58,28677,18428,0,26,1,0,47190,81,4695451,23401,0,66,2,0,0,4719001,Reckoner,1,100L,0.003449450643045737,0.5436241610738255,0.0005536155353036368,0.9950267016260433,IGH,0.0,
234,reckoner_wgsim_rl_100_cov_16_20.corrected.fastq,reckoner,20,294695,457475,2014,104,713,41,18,755042,373952,75125821,2496,114,1591,376,78,0,75504428,Reckoner,16,100L,0.9933696021761306,0.9947674898049846,0.988144444916695,0.9999383479866902,IGH,1.0330519953081427e-06,0.0
235,reckoner_wgsim_rl_100_cov_16_22.corrected.fastq,reckoner,22,294238,457415,2471,101,781,36,15,755042,373461,75125976,2992,109,1508,267,43,0,75504356,Reckoner,16,100L,0.9920521286853871,0.9952696436376041,0.9873370646534892,0.999934851440889,IGH,5.695035661253769e-07,0.0
236,reckoner_wgsim_rl_100_cov_16_24.corrected.fastq,reckoner,24,293635,457346,3038,99,891,33,14,755042,372805,75125934,3646,111,1562,248,42,0,75504348,Reckoner,16,100L,0.9903148085673833,0.9951683728628058,0.9855067458978725,0.999925712887422,IGH,5.562593560837053e-07,0.0
237,reckoner_wgsim_rl_100_cov_16_26.corrected.fastq,reckoner,26,292809,457293,3814,97,1001,28,12,755042,371891,75125912,4563,108,1601,222,33,0,75504330,Reckoner,16,100L,0.9878789971683127,0.9951219381666194,0.9830364400431394,0.9999135546266023,IGH,4.370610268311764e-07,0.0
238,reckoner_wgsim_rl_100_cov_16_28.corrected.fastq,reckoner,28,291733,457223,4817,99,1144,26,11,755042,370667,75125850,5788,107,1649,251,32,0,75504344,Reckoner,16,100L,0.984624988378425,0.9949002461302262,0.979577904397604,0.999896337090221,IGH,4.2381667470682215e-07,0.0
239,reckoner_wgsim_rl_100_cov_16_30.corrected.fastq,reckoner,30,290343,457149,6123,98,1303,26,13,755042,369041,75125729,7415,106,1782,212,46,0,75504331,Reckoner,16,100L,0.9803031429967911,0.9946258439230801,0.9750063752470408,0.9998733715023579,IGH,6.092365747866835e-07,0.0
240,reckoner_wgsim_rl_100_cov_2_20.corrected.fastq,reckoner,20,705,57238,36197,3,218,19,5,94380,984,9390352,45843,5,751,111,19,0,9438065,Reckoner,2,100L,0.021013517842270485,0.5330444203683641,0.0026053345292245925,0.9950488791929278,IGH,2.0131245122808543e-06,0.0
241,reckoner_wgsim_rl_100_cov_2_22.corrected.fastq,reckoner,22,643,57247,36271,3,194,22,7,94380,890,9390361,45935,7,715,150,35,0,9438093,Reckoner,2,100L,0.019006940736785907,0.5071225071225072,0.0005339028296849973,0.9950369211237906,IGH,3.708376257788517e-06,0.0
242,reckoner_wgsim_rl_100_cov_2_24.corrected.fastq,reckoner,24,585,57264,36347,3,164,17,8,94380,814,9390621,46012,6,505,69,15,0,9438042,Reckoner,2,100L,0.01738350489044548,0.5864553314121037,0.005125357707256652,0.9950617935372612,IGH,1.589312698544889e-06,0.0
243,reckoner_wgsim_rl_100_cov_2_26.corrected.fastq,reckoner,26,533,57271,36399,3,157,17,8,94380,735,9390686,46091,6,446,62,10,0,9438036,Reckoner,2,100L,0.0156964079784735,0.5913113435237329,0.0048477341647802505,0.9950609427639394,IGH,1.0595424726076484e-06,0.0
244,reckoner_wgsim_rl_100_cov_2_28.corrected.fastq,reckoner,28,494,57280,36453,3,142,8,6,94380,671,9390871,46157,4,287,12,8,0,9438010,Reckoner,2,100L,0.014329033911335099,0.6917525773195876,0.00794396514905612,0.99507650447499,IGH,8.47636313163474e-07,0.0
245,reckoner_wgsim_rl_100_cov_2_30.corrected.fastq,reckoner,30,449,57308,36507,3,111,2,1,94380,596,9390990,46233,3,174,5,3,0,9438004,Reckoner,2,100L,0.012727156249332678,0.7690322580645161,0.008904738516731086,0.9950817990753129,IGH,3.1786381951098983e-07,0.0
246,reckoner_wgsim_rl_100_cov_32_20.corrected.fastq,reckoner,20,590149,910716,982,229,251,119,37,1502446,748794,149490945,1518,265,2482,1092,118,0,150245214,Reckoner,32,100L,0.9979768416338803,0.995249665057525,0.993213489854887,0.9999635595713551,IGH,7.85382754355157e-07,0.0
247,reckoner_wgsim_rl_100_cov_32_22.corrected.fastq,reckoner,22,590545,910589,843,225,195,91,27,1502488,749290,149495596,1248,245,1996,778,81,0,150249234,Reckoner,32,100L,0.9983371927870408,0.9963114841290103,0.994641177395415,0.9999710614165261,IGH,5.391042459491008e-07,0.0
248,reckoner_wgsim_rl_100_cov_32_24.corrected.fastq,reckoner,24,593543,915255,807,219,189,71,23,1510084,753069,150251952,1159,235,1628,633,88,0,151008764,Reckoner,32,100L,0.9984633293911125,0.9970066063839647,0.995465562137709,0.9999752133591399,IGH,5.8274763443531e-07,0.0
249,reckoner_wgsim_rl_100_cov_32_26.corrected.fastq,reckoner,26,593574,915240,815,208,188,59,20,1510084,753069,150252332,1174,220,1308,524,74,0,151008701,Reckoner,32,100L,0.9984434724617928,0.9975731917165297,0.9960145470359022,0.9999781469545918,IGH,4.900379879434895e-07,0.0
250,reckoner_wgsim_rl_100_cov_32_28.corrected.fastq,reckoner,28,593505,915224,865,210,226,54,18,1510084,752951,150252426,1292,220,1236,492,61,0,151008678,Reckoner,32,100L,0.9982870242083784,0.9977102847700811,0.9959959853787175,0.9999781403291274,IGH,4.039502948300759e-07,0.0
251,reckoner_wgsim_rl_100_cov_32_30.corrected.fastq,reckoner,30,593338,915188,1010,203,295,50,19,1510084,752709,150252481,1542,212,1223,408,61,0,151008636,Reckoner,32,100L,0.9979555877287535,0.9978378450035793,0.9957931776026814,0.9999771801130632,IGH,4.03950407180686e-07,0.0
252,reckoner_wgsim_rl_100_cov_4_20.corrected.fastq,reckoner,20,6457,114109,67164,3,885,142,65,188760,9360,18776819,84494,26,4635,1048,284,2,18876668,Reckoner,4,100L,0.0997293668889978,0.6222163132353918,0.03917787201397916,0.9952064098607244,IGH,1.5150978975738727e-05,0.007042253521126761
253,reckoner_wgsim_rl_100_cov_4_22.corrected.fastq,reckoner,22,5615,114197,68052,4,779,113,47,188760,8146,18778311,85713,22,3370,699,177,1,18876439,Reckoner,4,100L,0.08678975910674522,0.6668849774866967,0.04343749667053772,0.9952331578659067,IGH,9.429744667413171e-06,0.005649717514124294
254,reckoner_wgsim_rl_100_cov_4_24.corrected.fastq,reckoner,24,4897,114225,68803,3,738,94,36,188760,7065,18778836,86794,21,2936,567,128,2,18876349,Reckoner,4,100L,0.07527248319287441,0.6685276305828918,0.03795054283552989,0.9952085008820828,IGH,6.886925008644415e-06,0.015625
255,reckoner_wgsim_rl_100_cov_4_26.corrected.fastq,reckoner,26,4245,114292,69509,3,633,78,28,188760,6095,18779437,87769,18,2412,451,88,0,18876270,Reckoner,4,100L,0.06493437313560044,0.6803974101361911,0.034432796386260976,0.9951930121787832,IGH,4.6619379782128565e-06,0.0
256,reckoner_wgsim_rl_100_cov_4_28.corrected.fastq,reckoner,28,3658,114302,70100,3,619,78,26,188760,5252,18779424,88612,18,2461,393,74,0,18876234,Reckoner,4,100L,0.05595329412767408,0.6479151245990624,0.025547600784113184,0.9951495621425333,IGH,3.92027350370842e-06,0.0
257,reckoner_wgsim_rl_100_cov_4_30.corrected.fastq,reckoner,30,3186,114347,70590,2,558,77,26,188760,4533,18779741,89331,18,2147,382,79,0,18876231,Reckoner,4,100L,0.0482932753771414,0.6418861512319456,0.02135003835336231,0.995128423677375,IGH,4.185157513700696e-06,0.0
258,reckoner_wgsim_rl_100_cov_8_20.corrected.fastq,reckoner,20,137318,228194,11145,56,778,29,13,377520,175688,37561637,13122,60,1347,239,54,0,37752147,Reckoner,8,100L,0.9305015624172448,0.9910533975653508,0.9221015836025634,0.9996073865679745,IGH,1.4303822243540214e-06,0.0
259,reckoner_wgsim_rl_100_cov_8_22.corrected.fastq,reckoner,22,135839,228186,12610,52,809,24,10,377520,173877,37561804,14937,56,1232,157,31,0,37752094,Reckoner,8,100L,0.9208904000762655,0.9920749032898566,0.9135339540500175,0.9995652426591224,IGH,8.211465038204238e-07,0.0
260,reckoner_wgsim_rl_100_cov_8_24.corrected.fastq,reckoner,24,134036,228173,14394,51,849,17,8,377520,171622,37561865,17194,54,1172,160,26,0,37752093,Reckoner,8,100L,0.9089378018811965,0.9922985302450362,0.9018833149733073,0.9995071531530716,IGH,6.887035375760491e-07,0.0
261,reckoner_wgsim_rl_100_cov_8_26.corrected.fastq,reckoner,26,131934,228144,16467,51,906,18,8,377520,169022,37561814,19794,54,1195,214,28,0,37752121,Reckoner,8,100L,0.8951677823913228,0.9917327246803692,0.8877054910600797,0.9994361906182702,IGH,7.416801826843054e-07,0.0
262,reckoner_wgsim_rl_100_cov_8_28.corrected.fastq,reckoner,28,129777,228134,18599,48,946,16,7,377520,166343,37561813,22474,53,1234,143,23,0,37752083,Reckoner,8,100L,0.8809747003712589,0.9917898879084188,0.873681924826684,0.999366207157364,IGH,6.0923790615739e-07,0.0
263,reckoner_wgsim_rl_100_cov_8_30.corrected.fastq,reckoner,30,127233,228116,21111,42,1000,18,7,377520,163165,37561768,25657,48,1270,170,16,0,37752094,Reckoner,8,100L,0.8641207062736334,0.9912517845751951,0.8564944762792471,0.9992805432196689,IGH,4.238175503589284e-07,0.0
264,sga_wgsim_rl_100_cov_1_20.corrected.fastq,sga,20,401,28638,18056,1,90,4,0,47190,520,4695345,22961,1,169,8,0,0,4719004,Sga,1,100L,0.022145564498956605,0.7460545193687231,0.014607555044504067,0.99509663479836,IGH,0.0,
265,sga_wgsim_rl_100_cov_1_22.corrected.fastq,sga,22,382,28645,18079,0,80,4,0,47190,491,4695362,22991,0,152,8,0,0,4719004,Sga,1,100L,0.020909632910314283,0.7542242703533026,0.014095903245038753,0.9950940918888816,IGH,0.0,
266,sga_wgsim_rl_100_cov_1_24.corrected.fastq,sga,24,343,28651,18117,0,75,4,0,47190,448,4695373,23034,0,141,8,0,0,4719004,Sga,1,100L,0.019078443062771483,0.7504187604690117,0.012733157311983647,0.9950873107969394,IGH,0.0,
267,sga_wgsim_rl_100_cov_1_26.corrected.fastq,sga,26,320,28654,18142,0,71,3,0,47190,417,4695374,23065,0,141,6,0,0,4719003,Sga,1,100L,0.01775828294012435,0.7393617021276596,0.011498168810152457,0.9950811643900205,IGH,0.0,
268,sga_wgsim_rl_100_cov_1_28.corrected.fastq,sga,28,293,28661,18173,0,61,2,0,47190,378,4695399,23104,0,117,4,0,0,4719002,Sga,1,100L,0.01609743633421344,0.7575150300601202,0.01094455327484882,0.9950784085279049,IGH,0.0,
269,sga_wgsim_rl_100_cov_1_30.corrected.fastq,sga,30,273,28664,18195,0,56,2,0,47190,348,4695418,23134,0,98,4,0,0,4719002,Sga,1,100L,0.014819862021974278,0.7733333333333333,0.010476109360361127,0.9950760775265618,IGH,0.0,
270,sga_wgsim_rl_100_cov_16_20.corrected.fastq,sga,20,294909,457702,1847,14,533,13,5,755018,374072,75124158,2454,21,1073,33,12,0,75501823,Sga,16,100L,0.9934825217913238,0.9970520659526945,0.9905451416369653,0.999952411745078,IGH,1.5893655971724021e-07,0.0
271,sga_wgsim_rl_100_cov_16_22.corrected.fastq,sga,22,295270,457686,1621,14,423,4,2,755018,374457,75124641,2074,16,603,13,5,0,75501809,Sga,16,100L,0.9944918213905363,0.9983576530435408,0.9928558339154014,0.9999640935755593,IGH,6.622357882842251e-08,0.0
272,sga_wgsim_rl_100_cov_16_24.corrected.fastq,sga,24,295271,457653,1599,16,475,4,2,755018,374449,75124618,2078,20,628,10,5,0,75501808,Sga,16,100L,0.994481139466758,0.9982990612844487,0.9927867058670428,0.9999636962336054,IGH,6.6223579705535e-08,0.0
273,sga_wgsim_rl_100_cov_16_26.corrected.fastq,sga,26,295143,457623,1686,18,544,4,2,755018,374304,75124584,2222,21,662,10,5,0,75501808,Sga,16,100L,0.9940986811003756,0.9982078853046595,0.9923139437913983,0.9999613254294519,IGH,6.6223579705535e-08,0.0
274,sga_wgsim_rl_100_cov_16_28.corrected.fastq,sga,28,294899,457576,1875,24,640,4,3,755018,373989,75124508,2529,29,739,7,6,0,75501807,Sga,16,100L,0.9932831896483036,0.9980092598769797,0.9913018766699069,0.9999561599896543,IGH,7.946829669917702e-08,0.0
275,sga_wgsim_rl_100_cov_16_30.corrected.fastq,sga,30,294580,457516,2121,26,771,4,2,755018,373614,75124368,2902,31,879,8,5,0,75501807,Sga,16,100L,0.9922924922181262,0.9976315150026301,0.9899366826376569,0.9999493389608543,IGH,6.622358058264752e-08,0.0
276,sga_wgsim_rl_100_cov_2_20.corrected.fastq,sga,20,3713,57137,33167,4,350,9,5,94380,4612,9390437,42213,7,722,13,6,0,9438010,Sga,2,100L,0.09849439402028831,0.8625397419113522,0.08279765082754939,0.995448087043773,IGH,6.357272348726055e-07,0.0
277,sga_wgsim_rl_100_cov_2_22.corrected.fastq,sga,22,3396,57156,33503,4,314,7,4,94380,4194,9390511,42630,8,648,12,7,0,9438010,Sga,2,100L,0.08956945156330087,0.8640296662546354,0.07547411583803178,0.995411638682307,IGH,7.416817740180398e-07,0.0
278,sga_wgsim_rl_100_cov_2_24.corrected.fastq,sga,24,3126,57170,33784,4,287,9,4,94380,3856,9390588,42970,6,569,16,6,0,9438011,Sga,2,100L,0.08234741382992354,0.8682729115064175,0.06985435441848546,0.9953838790821499,IGH,6.357271675144265e-07,0.0
279,sga_wgsim_rl_100_cov_2_26.corrected.fastq,sga,26,2859,57199,34061,2,253,6,2,94380,3524,9390662,43304,4,499,11,3,0,9438007,Sga,2,100L,0.07525412146578969,0.873574615765989,0.06436320150337405,0.9953569646642559,IGH,3.178637184736142e-07,0.0
280,sga_wgsim_rl_100_cov_2_28.corrected.fastq,sga,28,2576,57212,34355,1,230,6,2,94380,3161,9390691,43669,2,470,11,3,0,9438007,Sga,2,100L,0.06749946615417468,0.8679297089511258,0.05722827247490925,0.9953215758369325,IGH,3.178637184736142e-07,0.0
281,sga_wgsim_rl_100_cov_2_30.corrected.fastq,sga,30,2318,57231,34616,1,207,7,2,94380,2837,9390734,43994,1,426,13,3,0,9438008,Sga,2,100L,0.06057953065277274,0.865995115995116,0.051205398133714844,0.9952916971462622,IGH,3.1786368479450323e-07,0.0
282,sga_wgsim_rl_100_cov_32_20.corrected.fastq,sga,20,588364,915303,5891,4,492,30,11,1510084,747285,150252285,7150,27,1570,137,34,1,151008489,Sga,32,100L,0.9905227090471678,0.9977209369392464,0.9882600886756314,0.999940943717018,IGH,2.317750494146061e-07,0.029411764705882353
283,sga_wgsim_rl_100_cov_32_22.corrected.fastq,sga,22,589536,915303,5048,1,182,14,6,1510084,748569,150253354,5882,12,549,53,18,0,151008437,Sga,32,100L,0.9922036023545598,0.9991964451373585,0.9914056711436529,0.9999568633373777,IGH,1.1919863788802741e-07,0.0
284,sga_wgsim_rl_100_cov_32_24.corrected.fastq,sga,24,589952,915303,4676,1,146,6,2,1510084,749009,150253517,5444,10,415,10,2,0,151008407,Sga,32,100L,0.9927841760851902,0.9994329053659161,0.9922208540492251,0.9999610551484064,IGH,1.324429572983973e-08,0.0
285,sga_wgsim_rl_100_cov_32_26.corrected.fastq,sga,26,590301,915299,4355,2,122,5,2,1510084,749351,150253585,5101,11,348,7,2,0,151008405,Sga,32,100L,0.9932388011430814,0.9995264810472372,0.9927682609364148,0.9999637834728471,IGH,1.3244295905251102e-08,0.0
286,sga_wgsim_rl_100_cov_32_28.corrected.fastq,sga,28,590616,915297,4051,2,114,4,2,1510084,749678,150253612,4777,8,322,5,2,0,151008404,Sga,32,100L,0.9936682771006886,0.9995640029066473,0.9932348516478783,0.999966134335146,IGH,1.324429599295679e-08,0.0
287,sga_wgsim_rl_100_cov_32_30.corrected.fastq,sga,30,590970,915294,3694,2,118,6,3,1510084,750028,150253603,4428,7,329,8,3,0,151008406,Sga,32,100L,0.9941308704550034,0.9995508852358519,0.9936841909932455,0.9999683792437356,IGH,1.9866443726318122e-08,0.0
288,sga_wgsim_rl_100_cov_4_20.corrected.fastq,sga,20,33283,113845,40182,7,1426,17,6,188760,41875,18779542,51987,20,2557,32,8,0,18876021,Sga,4,100L,0.446133685623575,0.941773119827276,0.4185506381709318,0.9971072293255024,IGH,4.238181341290095e-07,0.0
289,sga_wgsim_rl_100_cov_4_22.corrected.fastq,sga,22,31446,113972,42099,7,1224,12,2,188760,39414,18780181,54452,16,1924,25,2,0,18876014,Sga,4,100L,0.4198964481281827,0.9528805937673767,0.3991328063409541,0.9970110744779062,IGH,1.0595457282453806e-07,0.0
290,sga_wgsim_rl_100_cov_4_24.corrected.fastq,sga,24,29598,114026,43985,8,1137,6,0,188760,36994,18780402,56870,18,1710,12,0,0,18876006,Sga,4,100L,0.3941234125969488,0.9555222646967662,0.3757777209579818,0.996894999927421,IGH,0.0,
291,sga_wgsim_rl_100_cov_4_26.corrected.fastq,sga,26,27646,114075,45967,6,1057,9,1,188760,34422,18780582,59447,13,1527,17,1,0,18876009,Sga,4,100L,0.3667025322523943,0.957070566646277,0.3502540774909715,0.9967681197863383,IGH,5.2977300445237126e-08,0.0
292,sga_wgsim_rl_100_cov_4_28.corrected.fastq,sga,28,25744,114105,47899,5,998,9,3,188760,31967,18780574,61902,13,1533,19,3,0,18876011,Sga,4,100L,0.34054906305596094,0.9536979026820609,0.32401538314033385,0.9966375310970098,IGH,1.58931884496147e-07,0.0
293,sga_wgsim_rl_100_cov_4_30.corrected.fastq,sga,30,23830,114146,49825,5,943,11,5,188760,29500,18780657,64368,14,1445,26,6,0,18876016,Sga,4,100L,0.3142711041036349,0.9525039553130348,0.29860016192951805,0.9965109692638532,IGH,3.1786368479450323e-07,0.0
294,sga_wgsim_rl_100_cov_8_20.corrected.fastq,sga,20,135433,227563,12499,30,1982,13,6,377520,172028,37560569,16797,45,2532,45,15,0,37752031,Sga,8,100L,0.9110446180325699,0.9852409724807423,0.8973970607705547,0.9994852197488395,IGH,3.973296165178504e-07,0.0
295,sga_wgsim_rl_100_cov_8_22.corrected.fastq,sga,22,133775,227577,14230,30,1904,4,4,377520,169732,37561016,19102,36,2101,13,13,0,37752013,Sga,8,100L,0.8988423694885455,0.9876982880020484,0.8876473516421831,0.9994367187784132,IGH,3.4435249850120575e-07,0.0
296,sga_wgsim_rl_100_cov_8_24.corrected.fastq,sga,24,131661,227562,16321,27,1944,5,3,377520,166899,37560984,21940,31,2133,16,10,0,37752013,Sga,8,100L,0.8838163726772542,0.9872876342813875,0.8724363081778658,0.9993608287854743,IGH,2.648865373086198e-07,0.0
297,sga_wgsim_rl_100_cov_8_26.corrected.fastq,sga,26,129294,227536,18673,27,1985,5,3,377520,163688,37560950,25151,31,2167,16,10,0,37752013,Sga,8,100L,0.8668124698817511,0.9868391701985277,0.8552523578286265,0.9992748731041177,IGH,2.648865373086198e-07,0.0
298,sga_wgsim_rl_100_cov_8_28.corrected.fastq,sga,28,126526,227514,21399,27,2050,4,2,377520,160043,37560906,28795,32,2217,10,4,0,37752007,Sga,8,100L,0.8475148010463995,0.986275959820053,0.835721623825713,0.999177315261676,IGH,1.0595463176302124e-07,0.0
299,sga_wgsim_rl_100_cov_8_30.corrected.fastq,sga,30,123407,227533,24518,28,2031,3,2,377520,155837,37560942,33000,33,2182,8,4,0,37752006,Sga,8,100L,0.8252461117259859,0.9861416087124352,0.8136488082314377,0.999066884022004,IGH,1.059546345696173e-07,0.0
