,EC Filename,Wrapper Name,Kmer Size,Read - TP,Read - TN,Read - FN,Read - FN WRONG,Read - FP,Read - FP INDEL,Total Trimmed Reads,Total Reads,Base - TP,Base - TN,Base - FN,Base - FN WRONG,Base - FP,Base - FP INDEL,Base - FP TRIM,Base - TP TRIM,Total Bases,Tool,Coverage,Length,Base Sensitivity,Base Precision,Base Gain,Base Accuracy,Dataset,Trim Percent,Trim Effeciency,hap
0,bfc_mix_1_err_rate_1_20.corrected.fastq,bfc,20,112,3207,151655,1059,1443,5,20,157481,10249,30582204,1659453,1155,1517,5,7,9847,32264437,Bfc,NA,100,0.006138221,0.870699176,0.005226681,0.948468203,IGH,0.000305414,1406.714286,1
1,bfc_mix_1_err_rate_1_22.corrected.fastq,bfc,22,107,3214,151687,1068,1401,4,21,157481,10433,30582243,1659182,1159,1480,4,7,9928,32264436,Bfc,NA,100,0.006248746,0.875472015,0.005359918,0.948477528,IGH,0.000307924,1418.285714,1
2,bfc_mix_1_err_rate_1_24.corrected.fastq,bfc,24,117,3214,151587,1039,1518,6,20,157481,10691,30582114,1658960,1130,1604,6,6,9926,32264437,Bfc,NA,100,0.006403135,0.869116332,0.005438861,0.948481439,IGH,0.000307831,1654.333333,1
3,bfc_mix_1_err_rate_1_26.corrected.fastq,bfc,26,111,3210,151552,1009,1594,5,21,157481,10882,30582036,1658729,1116,1682,5,7,9980,32264437,Bfc,NA,100,0.006517686,0.865780889,0.005507271,0.94848653,IGH,0.000309536,1425.714286,1
4,bfc_mix_1_err_rate_1_28.corrected.fastq,bfc,28,117,3213,151479,1049,1614,9,21,157481,11315,30582004,1658268,1140,1714,9,7,9980,32264437,Bfc,NA,100,0.006777141,0.867847829,0.005745147,0.948498962,IGH,0.000309536,1425.714286,1
5,bfc_mix_1_err_rate_1_30.corrected.fastq,bfc,30,136,3215,151502,993,1629,6,21,157481,11520,30581979,1658139,1066,1735,6,6,9984,32264435,Bfc,NA,100,0.006899612,0.868712767,0.005856885,0.94850472,IGH,0.000309629,1664,1
6,bfc_mix_2_err_rate_1_20.corrected.fastq,bfc,20,146,5013,230291,1550,2313,8,34,239321,14543,47240519,2254581,1701,2423,8,12,12414,49526201,Bfc,NA,100,0.006409081,0.856780959,0.005337743,0.954381898,IGH,0.000250897,1034.5,2
7,bfc_mix_2_err_rate_1_22.corrected.fastq,bfc,22,148,5026,230401,1564,2175,7,32,239321,14939,47240657,2254413,1709,2294,7,10,12171,49526200,Bfc,NA,100,0.006582936,0.866531323,0.005568991,0.954388018,IGH,0.000245951,1217.1,2
8,bfc_mix_2_err_rate_1_24.corrected.fastq,bfc,24,163,4967,230142,1614,2426,9,29,239321,15468,47240413,2253821,1772,2541,9,8,12168,49526200,Bfc,NA,100,0.006816232,0.858474858,0.005692532,0.954393716,IGH,0.00024585,1521,2
9,bfc_mix_2_err_rate_1_26.corrected.fastq,bfc,26,173,5018,230184,1524,2410,12,33,239321,16073,47240393,2253273,1666,2547,12,10,12226,49526200,Bfc,NA,100,0.007082657,0.862655646,0.00595502,0.954406649,IGH,0.000247061,1222.6,2
10,bfc_mix_2_err_rate_1_28.corrected.fastq,bfc,28,159,4964,230228,1560,2396,14,32,239321,16510,47240394,2252820,1682,2546,14,11,12224,49526201,Bfc,NA,100,0.007275275,0.865757735,0.006147189,0.954415437,IGH,0.000247041,1111.272727,2
11,bfc_mix_2_err_rate_1_30.corrected.fastq,bfc,30,179,5029,230213,1517,2373,10,31,239321,16969,47240440,2252393,1647,2503,10,10,12227,49526199,Bfc,NA,100,0.007477432,0.871009137,0.006370072,0.954425733,IGH,0.000247081,1222.7,2
12,bfc_mix_3_err_rate_1_20.corrected.fastq,bfc,20,194,7213,414461,2763,4273,15,44,428919,20422,85868960,4215482,3075,4452,15,12,27907,90140325,Bfc,NA,100,0.004821167,0.820523123,0.00376661,0.953135915,IGH,0.000309728,2325.583333,3
13,bfc_mix_3_err_rate_1_22.corrected.fastq,bfc,22,194,7239,414819,2789,3865,13,40,428919,21476,85869386,4214640,3100,4038,13,9,27662,90140324,Bfc,NA,100,0.005069738,0.841305285,0.004113438,0.953149758,IGH,0.000306977,3073.555556,3
14,bfc_mix_3_err_rate_1_24.corrected.fastq,bfc,24,220,7161,414221,2959,4343,15,42,428919,22128,85868908,4213837,3251,4514,15,11,27661,90140325,Bfc,NA,100,0.005223839,0.830100912,0.004154661,0.953151668,IGH,0.000306988,2514.636364,3
15,bfc_mix_3_err_rate_1_26.corrected.fastq,bfc,26,228,7216,414441,2796,4221,17,45,428919,22993,85869012,4213085,3077,4410,17,11,27720,90140325,Bfc,NA,100,0.005427898,0.838548505,0.004382828,0.953163045,IGH,0.000307643,2520,3
16,bfc_mix_3_err_rate_1_28.corrected.fastq,bfc,28,221,7164,414276,2829,4411,18,44,428919,24116,85868801,4211922,3127,4611,18,13,27717,90140325,Bfc,NA,100,0.005693056,0.838963298,0.004600289,0.953173134,IGH,0.000307631,2132.076923,3
17,bfc_mix_3_err_rate_1_30.corrected.fastq,bfc,30,253,7225,414039,2849,4533,20,42,428919,25002,85868651,4211055,3109,4756,20,10,27721,90140324,Bfc,NA,100,0.005902187,0.839613137,0.004774723,0.953181355,IGH,0.000307643,2772.1,3
18,bfc_mix_4_err_rate_1_20.corrected.fastq,bfc,20,230,10341,609608,3927,6013,24,46,630143,24803,126534640,6016502,4384,6217,25,10,33497,132620078,Bfc,NA,100,0.00410557,0.798937027,0.003072349,0.95454187,IGH,0.000252654,3349.7,4
19,bfc_mix_4_err_rate_1_22.corrected.fastq,bfc,22,212,10371,609992,3959,5587,22,47,630143,26197,126535072,6014990,4416,5793,23,11,33574,132620076,Bfc,NA,100,0.004336399,0.818323806,0.003373675,0.954556211,IGH,0.000253242,3052.181818,4
20,bfc_mix_4_err_rate_1_24.corrected.fastq,bfc,24,266,10290,609191,4125,6246,25,48,630143,27291,126534401,6013763,4555,6460,26,13,33572,132620081,Bfc,NA,100,0.004517589,0.807975842,0.003443935,0.954559351,IGH,0.000253242,2582.461538,4
21,bfc_mix_4_err_rate_1_26.corrected.fastq,bfc,26,274,10350,609283,4048,6164,24,52,630143,28564,126534450,6012543,4441,6409,26,14,33630,132620077,Bfc,NA,100,0.004728272,0.816137604,0.00366307,0.954569768,IGH,0.000253687,2402.142857,4
22,bfc_mix_4_err_rate_1_28.corrected.fastq,bfc,28,265,10294,609314,4083,6160,27,54,630143,29934,126534445,6011155,4472,6396,28,15,33635,132620080,Bfc,NA,100,0.004955067,0.823312613,0.003891682,0.954580078,IGH,0.000253732,2242.333333,4
23,bfc_mix_4_err_rate_1_30.corrected.fastq,bfc,30,282,10354,608812,4095,6575,25,54,630143,30768,126534011,6010329,4469,6820,27,13,33639,132620076,Bfc,NA,100,0.005093115,0.817971554,0.003959711,0.954583152,IGH,0.000253747,2587.615385,4
24,bfc_mix_5_err_rate_1_20.corrected.fastq,bfc,20,882,38457,656058,4261,6494,30,46,706182,27581,142842932,6191525,4751,6739,32,12,33494,149107066,Bfc,NA,100,0.004434882,0.802893572,0.00334614,0.958389278,IGH,0.000224711,2791.166667,5
25,bfc_mix_5_err_rate_1_22.corrected.fastq,bfc,22,896,38535,656084,4344,6298,25,50,706182,29169,142843152,6189772,4835,6521,27,13,33575,149107064,Bfc,NA,100,0.004690348,0.816669933,0.003637436,0.95840194,IGH,0.000225261,2582.692308,5
26,bfc_mix_5_err_rate_1_24.corrected.fastq,bfc,24,1045,38566,655640,4465,6436,30,49,706182,30418,142842975,6188430,4935,6694,32,14,33571,149107069,Bfc,NA,100,0.00489126,0.818920956,0.003809709,0.958409073,IGH,0.000225241,2397.928571,5
27,bfc_mix_5_err_rate_1_26.corrected.fastq,bfc,26,1105,38474,655414,4434,6725,30,54,706182,31968,142842668,6186860,4885,7005,33,16,33630,149107065,Bfc,NA,100,0.005140518,0.819566221,0.004008794,0.958417816,IGH,0.00022565,2101.875,5
28,bfc_mix_5_err_rate_1_28.corrected.fastq,bfc,28,1159,38478,655295,4421,6794,35,56,706182,33485,142842571,6185397,4842,7084,37,17,33635,149107068,Bfc,NA,100,0.005384408,0.824631828,0.004239347,0.958427354,IGH,0.00022569,1978.529412,5
29,bfc_mix_5_err_rate_1_30.corrected.fastq,bfc,30,1229,38564,655158,4477,6722,32,58,706182,34374,142842633,6184467,4880,7019,35,17,33639,149107064,Bfc,NA,100,0.005527397,0.829728686,0.004393102,0.958433785,IGH,0.000225717,1978.764706,5
30,bless_mix_1_err_rate_1_20.corrected.fastq,bless,20,480,3128,151096,782,1683,97,4708,157266,39918,30309905,1608538,1268,2752,1448,264311,31163,32259303,Bless,NA,100,0.024215387,0.904800762,0.021667548,0.941718107,IGH,0.009159342,0.117902774,1
31,bless_mix_1_err_rate_1_22.corrected.fastq,bless,22,485,3134,150986,800,1759,102,5027,157266,40290,30292328,1606684,1267,2910,1367,281828,32645,32259319,Bless,NA,100,0.024463046,0.904032131,0.021866162,0.941227072,IGH,0.009748284,0.115833061,1
32,bless_mix_1_err_rate_1_24.corrected.fastq,bless,24,494,3143,150824,818,1881,106,5243,157266,40258,30276689,1605517,1272,2997,1130,297633,33837,32259333,Bless,NA,100,0.024461424,0.907018137,0.021953791,0.940775186,IGH,0.010275166,0.11368699,1
33,bless_mix_1_err_rate_1_26.corrected.fastq,bless,26,508,3129,150705,843,1972,109,5545,157266,40611,30261890,1604712,1306,3065,1212,312330,34249,32259375,Bless,NA,100,0.024682691,0.90471841,0.022083202,0.940337704,IGH,0.010743513,0.109656453,1
34,bless_mix_1_err_rate_1_28.corrected.fastq,bless,28,515,3130,150583,859,2057,122,5892,157266,40955,30247636,1603484,1379,3314,1675,325866,35075,32259384,Bless,NA,100,0.02490515,0.891411283,0.021871289,0.939929883,IGH,0.011188713,0.107636268,1
35,bless_mix_1_err_rate_1_30.corrected.fastq,bless,30,524,3147,150392,915,2153,135,6249,157266,41200,30230640,1602996,1521,3566,1962,342298,35163,32259346,Bless,NA,100,0.02505784,0.881698339,0.02169571,0.939413732,IGH,0.011700826,0.102726279,1
36,bless_mix_2_err_rate_1_20.corrected.fastq,bless,20,821,5023,229478,1023,2536,201,7220,239082,62006,46811041,2177538,1733,4365,2528,419122,42205,49520538,Bless,NA,100,0.027686886,0.899955007,0.024609028,0.947344912,IGH,0.009315872,0.100698603,2
37,bless_mix_2_err_rate_1_22.corrected.fastq,bless,22,0,0,0,0,0,0,0,0,0,0,0,0,0,0,0,0,0,Bless,NA,100,,,,,IGH,,,2
38,bless_mix_2_err_rate_1_24.corrected.fastq,bless,24,884,4993,228401,1161,3421,222,8296,239082,64943,46756457,2170088,1974,5853,2821,472049,46497,49520682,Bless,NA,100,0.029056868,0.882173954,0.025175937,0.94638042,IGH,0.010471302,0.098500368,2
39,bless_mix_2_err_rate_1_26.corrected.fastq,bless,26,896,5006,228318,1163,3492,207,8445,239082,64742,46752039,2170386,1996,5795,2857,476455,46375,49520645,Bless,NA,100,0.028965679,0.882115704,0.02509476,0.946285433,IGH,0.010557819,0.097333431,2
40,bless_mix_2_err_rate_1_28.corrected.fastq,bless,28,938,4993,227719,1239,3982,211,9190,239082,66531,46715360,2167019,2139,6588,3072,512173,47805,49520687,Bless,NA,100,0.02978711,0.873213372,0.025462157,0.945606747,IGH,0.011307961,0.093337603,2
41,bless_mix_2_err_rate_1_30.corrected.fastq,bless,30,978,5030,227364,1298,4211,201,9744,239082,67623,46685982,2164605,2246,6831,2685,541702,49009,49520683,Bless,NA,100,0.030293948,0.876638276,0.026030943,0.945058075,IGH,0.011928571,0.090472252,2
42,bless_mix_3_err_rate_1_20.corrected.fastq,bless,20,1347,7289,413450,1989,4151,370,14365,428596,109919,85017424,4069431,3085,6774,5211,835494,84805,90132143,Bless,NA,100,0.026300501,0.901684932,0.02343283,0.945362127,IGH,0.010210553,0.101502823,3
43,bless_mix_3_err_rate_1_22.corrected.fastq,bless,22,1390,7304,413024,2061,4435,382,14843,428596,111110,84986508,4064496,3190,7416,5297,865705,88484,90132206,Bless,NA,100,0.026609311,0.897329252,0.023564723,0.945069974,IGH,0.010586549,0.102210337,3
44,bless_mix_3_err_rate_1_24.corrected.fastq,bless,24,1412,7304,412607,2102,4772,399,15132,428596,112044,84969250,4061564,3297,7827,5265,882600,90396,90132243,Bless,NA,100,0.026845837,0.895377829,0.023708983,0.94490836,IGH,0.010795205,0.102420122,3
45,bless_mix_3_err_rate_1_26.corrected.fastq,bless,26,1277,7304,413693,1910,4056,356,16378,428596,102654,84891631,4070208,2995,6409,4773,962123,91424,90132217,Bless,NA,100,0.024600382,0.901770969,0.021920687,0.943953092,IGH,0.011688906,0.095023194,3
46,bless_mix_3_err_rate_1_28.corrected.fastq,bless,28,1302,7292,413457,1961,4215,369,16810,428596,104209,84873514,4068138,3050,6671,4593,980149,91927,90132251,Bless,NA,100,0.024976111,0.902453387,0.022276431,0.943774069,IGH,0.011894477,0.093788801,3
47,bless_mix_3_err_rate_1_30.corrected.fastq,bless,30,1418,7321,412107,2164,5167,419,17144,428596,110224,84860062,4059657,3528,8464,5376,991064,93902,90132277,Bless,NA,100,0.026433368,0.888444674,0.023114329,0.943711901,IGH,0.012037486,0.094748674,3
48,bless_mix_4_err_rate_1_20.corrected.fastq,bless,20,1654,10462,610267,2350,4529,450,24488,629712,139184,125056155,5807868,3696,7425,7435,1458965,128994,132609722,Bless,NA,100,0.023403865,0.903534055,0.020905148,0.945007934,IGH,0.01197468,0.088414732,4
49,bless_mix_4_err_rate_1_22.corrected.fastq,bless,22,1676,10492,609900,2379,4793,472,25224,629712,139926,125006369,5805395,3780,7758,7111,1508809,130660,132609808,Bless,NA,100,0.023535483,0.903943926,0.021034524,0.944649002,IGH,0.012363105,0.086598105,4
50,bless_mix_4_err_rate_1_24.corrected.fastq,bless,24,1732,10486,609423,2461,5121,489,25000,629712,143573,125022341,5800220,3901,8324,7654,1491674,132121,132609808,Bless,NA,100,0.024155114,0.899856472,0.021466932,0.944807513,IGH,0.012244909,0.088572302,4
51,bless_mix_4_err_rate_1_26.corrected.fastq,bless,26,1545,10467,609895,2334,4569,512,26859,629322,127914,124826127,5807419,3727,7323,7229,1611073,137108,132527920,Bless,NA,100,0.021551276,0.897856331,0.019099518,0.943827137,IGH,0.013191039,0.08510353,4
52,bless_mix_4_err_rate_1_28.corrected.fastq,bless,28,1804,10467,608685,2603,5631,522,25439,629712,148186,125005499,5793820,4120,8936,7325,1508371,133701,132609958,Bless,NA,100,0.024938716,0.901117077,0.022202098,0.944725401,IGH,0.01238272,0.088639333,4
53,bless_mix_4_err_rate_1_30.corrected.fastq,bless,30,1863,10466,608060,2688,6071,564,25586,629712,150913,124996230,5792358,4304,9858,7943,1516145,132239,132609990,Bless,NA,100,0.025392246,0.894490084,0.022397094,0.944665365,IGH,0.012430315,0.087220549,4
54,bless_mix_5_err_rate_1_20.corrected.fastq,bless,20,6614,39647,652411,2291,4232,549,30257,705744,143362,141013867,5967171,3809,7281,9009,1807752,143659,149095910,Bless,NA,100,0.023461456,0.897965575,0.020795567,0.947667646,IGH,0.013088293,0.079468312,5
55,bless_mix_5_err_rate_1_22.corrected.fastq,bless,22,6845,39606,651718,2386,4600,589,30206,705744,147231,141009424,5962755,4033,7836,9116,1811610,143974,149095979,Bless,NA,100,0.024096782,0.896749359,0.021322307,0.947665357,IGH,0.013116276,0.079472955,5
56,bless_mix_5_err_rate_1_24.corrected.fastq,bless,24,8375,39575,648574,2782,5772,666,27716,705744,172652,141152824,5942294,4769,10036,10822,1664367,138383,149096147,Bless,NA,100,0.028234428,0.892212289,0.024823441,0.948762067,IGH,0.012091191,0.083144523,5
57,bless_mix_5_err_rate_1_26.corrected.fastq,bless,26,8199,39618,648913,2753,5662,599,28764,705744,169226,141088137,5944200,4485,9605,8865,1731489,140095,149096102,Bless,NA,100,0.027681042,0.901596198,0.024659822,0.948315988,IGH,0.01255287,0.08091013,5
58,bless_mix_5_err_rate_1_28.corrected.fastq,bless,28,0,0,0,0,0,0,0,0,0,0,0,0,0,0,0,0,0,Bless,NA,100,,,,,IGH,,,5
59,bless_mix_5_err_rate_1_30.corrected.fastq,bless,30,9787,39550,643958,3336,8388,725,27864,705744,191001,141198348,5925487,5448,14174,10064,1615691,136138,149096351,Bless,NA,100,0.031227234,0.887390296,0.027264502,0.949175261,IGH,0.011749644,0.084259923,5
60,coral_mix_1_err_rate_1_20.corrected.fastq,coral,20,224,2897,139046,854,13616,844,94,157481,53409,30555624,1614476,2835,27695,1236,82,10009,32265366,Coral,NA,100,0.032021992,0.648639786,0.014676072,0.948959672,IGH,0.00031275,122.0609756,1
61,coral_mix_1_err_rate_1_22.corrected.fastq,coral,22,239,2913,138431,1122,13851,925,71,157481,54854,30555101,1612740,3128,28284,1384,64,10009,32265564,Coral,NA,100,0.032894098,0.648990795,0.015103197,0.948982431,IGH,0.00031219,156.390625,1
62,coral_mix_1_err_rate_1_24.corrected.fastq,coral,24,358,2887,138421,1065,13653,1097,83,157481,54534,30554635,1613125,3056,28606,1626,75,10012,32265669,Coral,NA,100,0.03270093,0.643347569,0.014572524,0.948955062,IGH,0.000312623,133.4933333,1
63,coral_mix_1_err_rate_1_26.corrected.fastq,coral,26,263,2892,138131,1026,14144,1025,93,157481,55566,30553955,1612139,3016,29159,1648,80,10018,32265581,Coral,NA,100,0.033318842,0.643326039,0.014846151,0.948968741,IGH,0.000312965,125.225,1
64,coral_mix_1_err_rate_1_28.corrected.fastq,coral,28,198,2892,138145,935,14312,999,87,157481,55397,30553504,1612416,2906,29592,1525,74,10012,32265426,Coral,NA,100,0.033215354,0.640324109,0.014557987,0.948953903,IGH,0.000312595,135.2972973,1
65,coral_mix_1_err_rate_1_30.corrected.fastq,coral,30,308,2884,138007,1055,14364,863,90,157481,57274,30553861,1610363,3086,29324,1462,94,10007,32265471,Coral,NA,100,0.034344405,0.650397456,0.015883553,0.949021691,IGH,0.000313059,106.4574468,1
66,coral_mix_2_err_rate_1_20.corrected.fastq,coral,20,760,4673,212649,1202,18778,1259,101,239321,88955,47203970,2178023,4021,38516,1835,88,12257,49527665,Coral,NA,100,0.039239463,0.687941782,0.021439996,0.955115325,IGH,0.000249255,139.2840909,2
67,coral_mix_2_err_rate_1_22.corrected.fastq,coral,22,682,4651,211649,1281,19785,1273,106,239321,91421,47202527,2175749,3836,40025,1839,98,12253,49527748,Coral,NA,100,0.04032384,0.685906141,0.021858528,0.955134307,IGH,0.000249375,125.0306122,2
68,coral_mix_2_err_rate_1_24.corrected.fastq,coral,24,703,4625,209912,1286,21360,1435,92,239321,96959,47198916,2170062,4000,43600,2048,92,12250,49527927,Coral,NA,100,0.042769344,0.679903511,0.022633668,0.955169713,IGH,0.000249193,133.1521739,2
69,coral_mix_2_err_rate_1_26.corrected.fastq,coral,26,682,4561,209300,1561,21769,1448,99,239321,99112,47197990,2167401,4504,44505,2072,88,12255,49527927,Coral,NA,100,0.043728847,0.680298444,0.023178777,0.95519459,IGH,0.000249213,139.2613636,2
70,coral_mix_2_err_rate_1_28.corrected.fastq,coral,28,714,4546,208748,1600,22144,1569,113,239321,101498,47195801,2164841,4700,46666,2256,97,12261,49528120,Coral,NA,100,0.044785003,0.674763994,0.023198648,0.955194961,IGH,0.000249515,126.4020619,2
71,coral_mix_2_err_rate_1_30.corrected.fastq,coral,30,671,4525,208537,1457,22498,1633,98,239321,102526,47194648,2164159,4366,47806,2363,82,12261,49528211,Coral,NA,100,0.045231693,0.671443073,0.02309849,0.955190681,IGH,0.000249212,149.5243902,2
72,coral_mix_3_err_rate_1_20.corrected.fastq,coral,20,1096,6874,396903,2034,20348,1664,118,428919,122842,85832167,4111720,4608,40700,2102,92,27738,90141969,Coral,NA,100,0.029009376,0.741602473,0.018901601,0.953845004,IGH,0.000308735,301.5,3
73,coral_mix_3_err_rate_1_22.corrected.fastq,coral,22,1073,6831,395102,2141,22038,1734,114,428919,129757,85830318,4104615,4806,42534,2222,84,27740,90142076,Coral,NA,100,0.030643741,0.743537731,0.020074051,0.95390011,IGH,0.000308668,330.2380952,3
74,coral_mix_3_err_rate_1_24.corrected.fastq,coral,24,1093,6830,393893,2094,23065,1944,152,428919,135395,85827704,4098572,5204,45001,2747,95,27765,90142483,Coral,NA,100,0.031978284,0.739285695,0.020700917,0.953929623,IGH,0.000309066,292.2631579,3
75,coral_mix_3_err_rate_1_26.corrected.fastq,coral,26,1103,6790,392379,2132,24536,1979,138,428919,136531,85824201,4097217,5457,48600,2652,113,27744,90142515,Coral,NA,100,0.032248259,0.727067945,0.020142673,0.953902796,IGH,0.000309033,245.5221239,3
76,coral_mix_3_err_rate_1_28.corrected.fastq,coral,28,1188,6777,392144,2061,24770,1979,149,428919,139055,85823327,4094908,5226,49372,2842,128,27750,90142608,Coral,NA,100,0.032842753,0.727012741,0.020510571,0.953920185,IGH,0.000309266,216.796875,3
77,coral_mix_3_err_rate_1_30.corrected.fastq,coral,30,1203,6763,390398,2390,26031,2134,165,428919,144026,85820466,4089266,5907,52208,3004,151,27748,90142776,Coral,NA,100,0.034022222,0.722884189,0.02097989,0.9539418,IGH,0.000309498,183.7615894,3
78,coral_mix_4_err_rate_1_20.corrected.fastq,coral,20,2453,10054,587811,2625,24880,2320,191,630143,166338,126490690,5872934,6322,49177,2961,155,33673,132622250,Coral,NA,100,0.027542724,0.761355938,0.018909564,0.955263499,IGH,0.00025507,217.2451613,4
79,coral_mix_4_err_rate_1_22.corrected.fastq,coral,22,2242,10009,586568,2588,26254,2482,204,630143,171095,126487302,5867935,6567,52500,3257,157,33682,132622495,Coral,NA,100,0.028331537,0.754214201,0.019098763,0.955272124,IGH,0.000255153,214.5350318,4
80,coral_mix_4_err_rate_1_24.corrected.fastq,coral,24,2583,10010,585031,2885,26864,2770,229,630143,177146,126484996,5861315,7155,54631,3572,186,33693,132622694,Coral,NA,100,0.029336283,0.752694934,0.019697569,0.955299015,IGH,0.000255454,181.1451613,4
81,coral_mix_4_err_rate_1_26.corrected.fastq,coral,26,2554,9967,583925,2630,28206,2861,194,630143,182283,126480636,5856181,7170,59044,3782,147,33678,132622921,Coral,NA,100,0.030186981,0.743681383,0.01978268,0.955303131,IGH,0.000255046,229.1020408,4
82,coral_mix_4_err_rate_1_28.corrected.fastq,coral,28,2837,9962,581477,3061,29917,2889,220,630143,192006,126476877,5845696,7924,62575,3864,208,33688,132622838,Coral,NA,100,0.031801172,0.742927896,0.020797151,0.955348782,IGH,0.000255582,161.9615385,4
83,coral_mix_4_err_rate_1_30.corrected.fastq,coral,30,2906,9931,580203,2993,31204,2906,206,630143,195143,126474421,5842628,7856,65233,3901,180,33682,132623044,Coral,NA,100,0.032320371,0.738403266,0.020870119,0.955352391,IGH,0.000255325,187.1222222,4
84,coral_mix_5_err_rate_1_20.corrected.fastq,coral,20,2422,38732,630528,2551,29329,2620,206,706182,179435,142782218,6038225,6190,66271,3448,151,33683,149109621,Coral,NA,100,0.028858928,0.720177079,0.017645867,0.958985433,IGH,0.000226907,223.0662252,5
85,coral_mix_5_err_rate_1_22.corrected.fastq,coral,22,2778,38732,628620,2573,30490,2989,214,706182,185490,142778620,6031895,6472,69688,3910,165,33695,149109935,Coral,NA,100,0.029834086,0.715934354,0.017996634,0.958999972,IGH,0.000227081,204.2121212,5
86,coral_mix_5_err_rate_1_24.corrected.fastq,coral,24,2782,38732,627136,2678,31837,3017,226,706182,190917,142774870,6026114,6839,73466,3896,181,33696,149109979,Coral,NA,100,0.03070871,0.711636021,0.018265149,0.959010945,IGH,0.000227195,186.1657459,5
87,coral_mix_5_err_rate_1_26.corrected.fastq,coral,26,2806,38730,625945,2793,32815,3093,223,706182,196228,142772129,6020603,7061,76185,3963,172,33694,149110035,Coral,NA,100,0.031563991,0.710003763,0.018671892,0.959027811,IGH,0.000227121,195.8953488,5
88,coral_mix_5_err_rate_1_28.corrected.fastq,coral,28,3074,38731,623917,2840,34347,3273,236,706182,201400,142766489,6015064,7379,81643,4372,199,33696,149110242,Coral,NA,100,0.032397839,0.700728911,0.018561195,0.959023353,IGH,0.000227315,169.3266332,5
89,coral_mix_5_err_rate_1_30.corrected.fastq,coral,30,3237,38731,622148,2877,35922,3267,232,706182,204382,142761640,6011935,7560,86552,4447,185,33700,149110401,Coral,NA,100,0.03287831,0.691926698,0.018239578,0.959009832,IGH,0.000227248,182.1621622,5
90,fiona_mix_1_err_rate_1_9181.corrected.fastq,fiona,9181,501,2886,144413,1553,7581,547,134,157481,54849,30570721,1613526,2567,12567,1002,115,9817,32265164,Fiona,NA,100,0.032875702,0.801674998,0.024742639,0.949472656,IGH,0.000307824,85.36521739,1
91,fiona_mix_2_err_rate_1_9181.corrected.fastq,fiona,9181,934,4462,217195,2626,13476,628,260,239321,88159,47219094,2178953,3934,23174,1224,229,12260,49527027,Fiona,NA,100,0.038886037,0.783238715,0.028124327,0.955417058,IGH,0.000252165,53.5371179,2
92,fiona_mix_3_err_rate_1_9181.corrected.fastq,fiona,9181,1406,6882,400710,4345,14731,845,271,428919,141205,85848153,4092327,5717,23991,1774,232,27803,90141202,Fiona,NA,100,0.033353947,0.845690843,0.027268012,0.954234986,IGH,0.000311012,119.8405172,3
93,fiona_mix_4_err_rate_1_9181.corrected.fastq,fiona,9181,2014,10021,594965,5939,16223,981,316,630143,199082,126514420,5838947,7555,25055,1929,257,33845,132621090,Fiona,NA,100,0.032971355,0.880636628,0.028502347,0.955699034,IGH,0.000257139,131.692607,4
94,fiona_mix_5_err_rate_1_9181.corrected.fastq,fiona,9181,10580,38776,634826,6566,14632,802,334,706182,225914,142828214,5989675,8207,19964,1740,277,33848,149107839,Fiona,NA,100,0.036346354,0.91234886,0.032854489,0.959618288,IGH,0.000228861,122.1949458,5
95,lighter_mix_1_err_rate_1_20.corrected.fastq,lighter,20,738,2511,112038,1894,40283,17,63,157481,91784,30507294,1574099,5375,76152,27,38,9665,32264434,Lighter,NA,100,0.055096306,0.546453683,0.009367405,0.948668335,IGH,0.000300734,254.3421053,1
96,lighter_mix_1_err_rate_1_22.corrected.fastq,lighter,22,687,2557,114487,1865,37852,33,59,157481,91674,30510093,1573598,5999,73332,40,33,9665,32264434,Lighter,NA,100,0.055050466,0.555445149,0.010990397,0.948751702,IGH,0.000300579,292.8787879,1
97,lighter_mix_1_err_rate_1_24.corrected.fastq,lighter,24,837,2571,111310,1795,40958,10,65,157481,92895,30504334,1572065,6287,79128,13,49,9663,32264434,Lighter,NA,100,0.055794133,0.539974191,0.008260859,0.948610951,IGH,0.000301013,197.2040816,1
98,lighter_mix_1_err_rate_1_26.corrected.fastq,lighter,26,738,2613,112150,1855,40107,18,65,157481,91526,30506259,1573906,5445,77225,22,48,10003,32264434,Lighter,NA,100,0.054956312,0.542302382,0.008573751,0.948638189,IGH,0.000311519,208.3958333,1
99,lighter_mix_1_err_rate_1_28.corrected.fastq,lighter,28,731,2595,112699,1853,39595,8,65,157481,89386,30506704,1575359,6151,76772,11,49,10002,32264434,Lighter,NA,100,0.053693509,0.537922236,0.007570529,0.948585608,IGH,0.000311519,204.122449,1
100,lighter_mix_1_err_rate_1_30.corrected.fastq,lighter,30,729,2641,110731,2192,41179,9,65,157481,89705,30505233,1575073,6109,78252,12,49,10002,32264435,Lighter,NA,100,0.053884061,0.53405688,0.006872388,0.948549863,IGH,0.000311519,204.122449,1
101,lighter_mix_2_err_rate_1_20.corrected.fastq,lighter,20,1154,3850,194201,3601,36400,115,127,239321,139854,47182361,2125605,7308,60051,127,98,10814,49526218,Lighter,NA,100,0.061733185,0.699158135,0.035169915,0.955706935,IGH,0.000220328,110.3469388,2
102,lighter_mix_2_err_rate_1_22.corrected.fastq,lighter,22,1184,3740,194271,2792,37219,115,135,239321,129893,47178391,2134429,7380,63929,152,114,11914,49526202,Lighter,NA,100,0.057365074,0.669641292,0.029064771,0.955447123,IGH,0.000242861,104.5087719,2
103,lighter_mix_2_err_rate_1_24.corrected.fastq,lighter,24,1128,3726,195571,3053,35729,114,130,239321,126618,47182737,2138478,6623,59660,132,108,11863,49526219,Lighter,NA,100,0.055899617,0.679244676,0.029502502,0.955467441,IGH,0.00024171,109.8425926,2
104,lighter_mix_2_err_rate_1_26.corrected.fastq,lighter,26,1115,3692,192833,3004,38570,107,129,239321,134488,47180067,2129538,7167,62478,117,109,12256,49526220,Lighter,NA,100,0.059402145,0.682392697,0.031754494,0.955580026,IGH,0.000249666,112.440367,2
105,lighter_mix_2_err_rate_1_28.corrected.fastq,lighter,28,1052,3794,195347,2650,36367,111,130,239321,133725,47178065,2131412,6206,64324,125,108,12255,49526220,Lighter,NA,100,0.059036164,0.674785794,0.030583581,0.955524164,IGH,0.000249625,113.4722222,2
106,lighter_mix_2_err_rate_1_30.corrected.fastq,lighter,30,1026,3708,194750,2275,37453,109,127,239321,127008,47180098,2138989,5252,62360,149,107,12254,49526217,Lighter,NA,100,0.056049501,0.670166792,0.028463851,0.955429603,IGH,0.000249585,114.5233645,2
107,lighter_mix_3_err_rate_1_20.corrected.fastq,lighter,20,1473,5075,369394,4417,48286,274,234,428919,202325,85787486,4029468,11277,83846,297,200,25449,90140348,Lighter,NA,100,0.047810703,0.706274348,0.027927169,0.954224129,IGH,0.000284545,127.245,3
108,lighter_mix_3_err_rate_1_22.corrected.fastq,lighter,22,1488,5414,370644,4810,46251,312,236,428919,202757,85793359,4030880,8466,78941,379,201,25372,90140355,Lighter,NA,100,0.047891919,0.718800186,0.029156255,0.954293206,IGH,0.000283702,126.2288557,3
109,lighter_mix_3_err_rate_1_24.corrected.fastq,lighter,24,1351,5131,368620,4777,48722,318,230,428919,188312,85784398,4047213,8017,86234,396,198,25575,90140343,Lighter,NA,100,0.044460132,0.684915364,0.024006941,0.954035747,IGH,0.000285921,129.1666667,3
110,lighter_mix_3_err_rate_1_26.corrected.fastq,lighter,26,1325,5019,364423,4499,53322,331,221,428919,194546,85777958,4039469,7641,93288,384,191,26873,90140350,Lighter,NA,100,0.045948349,0.67499601,0.023824668,0.954047129,IGH,0.000300243,140.6963351,3
111,lighter_mix_3_err_rate_1_28.corrected.fastq,lighter,28,1375,5270,368477,4287,49142,368,220,428919,196105,85787915,4038096,7090,84024,419,196,26483,90140328,Lighter,NA,100,0.046314523,0.699006944,0.026371445,0.954171027,IGH,0.000295972,135.1173469,3
112,lighter_mix_3_err_rate_1_30.corrected.fastq,lighter,30,1206,5038,361418,4420,56458,379,209,428919,189015,85774342,4038978,13012,97599,548,178,26669,90140341,Lighter,NA,100,0.044705609,0.658217313,0.021491994,0.953943559,IGH,0.000297836,149.8258427,3
113,lighter_mix_4_err_rate_1_20.corrected.fastq,lighter,20,1598,7549,553300,6965,60170,561,321,630143,248842,126440753,5784787,15202,96790,728,259,32746,132620107,Lighter,NA,100,0.041242509,0.718449013,0.025080097,0.955517887,IGH,0.000248869,126.4324324,4
114,lighter_mix_4_err_rate_1_22.corrected.fastq,lighter,22,1624,7599,550930,5983,63333,674,321,630143,246571,126423126,5788236,12763,114640,827,265,33699,132620127,Lighter,NA,100,0.040858142,0.681063866,0.021724638,0.955374535,IGH,0.0002561,127.1660377,4
115,lighter_mix_4_err_rate_1_24.corrected.fastq,lighter,24,1409,7382,555562,5288,59883,619,322,630143,230448,126435461,5808763,9839,101996,808,278,32473,132620066,Lighter,NA,100,0.038158627,0.691512729,0.021135874,0.955337571,IGH,0.000246954,116.8093525,4
116,lighter_mix_4_err_rate_1_26.corrected.fastq,lighter,26,1523,7701,551835,7857,60437,790,302,630143,234248,126429144,5799845,14402,108488,1097,247,32619,132620090,Lighter,NA,100,0.038820747,0.681284228,0.020659774,0.955319466,IGH,0.000247821,132.0607287,4
117,lighter_mix_4_err_rate_1_28.corrected.fastq,lighter,28,1526,7372,549692,5497,65303,753,302,630143,228562,126435357,5809200,11509,102617,962,255,31654,132620116,Lighter,NA,100,0.037855417,0.688147504,0.02070022,0.9553163,IGH,0.000240605,124.1333333,4
118,lighter_mix_4_err_rate_1_30.corrected.fastq,lighter,30,1412,7408,549673,7496,63202,952,302,630143,236078,126433123,5799374,12391,104988,1389,259,32511,132620113,Lighter,NA,100,0.039115215,0.689369406,0.021489857,0.955362335,IGH,0.000247097,125.5250965,4
119,lighter_mix_5_err_rate_1_20.corrected.fastq,lighter,20,7656,28229,585035,8199,76390,673,344,706182,324506,142648037,5882573,19311,198721,844,302,32786,149107080,Lighter,NA,100,0.052279985,0.61920236,0.020128792,0.95906906,IGH,0.000221908,108.5629139,5
120,lighter_mix_5_err_rate_1_22.corrected.fastq,lighter,22,7191,26578,595599,7520,68502,792,360,706182,301449,142679819,5910414,14097,166365,989,312,33683,149107128,Lighter,NA,100,0.048527954,0.643018496,0.021586922,0.95913305,IGH,0.00022799,107.9583333,5
121,lighter_mix_5_err_rate_1_24.corrected.fastq,lighter,24,7662,28380,590152,8641,70484,863,352,706182,279462,142689967,5932972,16943,154289,1252,310,31902,149107097,Lighter,NA,100,0.044984301,0.642436949,0.019947254,0.959042375,IGH,0.000216033,102.9096774,5
122,lighter_mix_5_err_rate_1_26.corrected.fastq,lighter,26,8096,29476,584851,7504,75234,1021,326,706182,280709,142676994,5931714,14546,168891,1322,276,32606,149107058,Lighter,NA,100,0.045185107,0.622522299,0.017786297,0.958968496,IGH,0.000220526,118.1376812,5
123,lighter_mix_5_err_rate_1_28.corrected.fastq,lighter,28,7784,28048,582826,7896,78596,1032,311,706182,273301,142674436,5937468,17297,171118,1322,263,31925,149107130,Lighter,NA,100,0.044004374,0.613138572,0.016239696,0.9588968,IGH,0.000215872,121.3878327,5
124,lighter_mix_5_err_rate_1_30.corrected.fastq,lighter,30,7797,27816,578805,8829,81722,1213,330,706182,286852,142653070,5924791,15059,192785,1751,285,32519,149107112,Lighter,NA,100,0.046179731,0.595885232,0.014861768,0.958848313,IGH,0.000220003,114.1017544,5
125,musket_mix_1_err_rate_1_20.corrected.fastq,musket,20,296,3213,153453,191,324,4,19,157481,7906,30583272,1662311,228,461,5,10,10243,32264436,Musket,NA,100,0.004733517,0.94433827,0.004454511,0.948440347,IGH,0.00031778,1024.3,1
126,musket_mix_1_err_rate_1_22.corrected.fastq,musket,22,298,3214,153418,191,357,3,19,157481,7963,30583233,1662252,228,503,4,10,10243,32264436,Musket,NA,100,0.00476765,0.940141677,0.004464096,0.948440905,IGH,0.00031778,1024.3,1
127,musket_mix_1_err_rate_1_24.corrected.fastq,musket,24,290,3213,153354,196,424,4,19,157481,8026,30583137,1662180,239,596,5,10,10243,32264436,Musket,NA,100,0.004805395,0.930334995,0.004445559,0.948439882,IGH,0.00031778,1024.3,1
128,musket_mix_1_err_rate_1_26.corrected.fastq,musket,26,290,3215,153316,196,459,5,19,157481,8056,30583072,1662148,240,661,6,10,10243,32264436,Musket,NA,100,0.004823363,0.923535481,0.00442401,0.948438797,IGH,0.00031778,1024.3,1
129,musket_mix_1_err_rate_1_28.corrected.fastq,musket,28,289,3215,153315,198,459,5,19,157481,8062,30583091,1662412,237,643,6,10,9975,32264436,Musket,NA,100,0.004826175,0.925496499,0.004437663,0.948431691,IGH,0.000309474,997.5,1
130,musket_mix_1_err_rate_1_30.corrected.fastq,musket,30,289,3215,153315,198,459,5,19,157481,8062,30583091,1662412,237,643,6,10,9975,32264436,Musket,NA,100,0.004826175,0.925496499,0.004437663,0.948431691,IGH,0.000309474,997.5,1
131,musket_mix_2_err_rate_1_20.corrected.fastq,musket,20,426,5046,233273,249,324,3,39,239321,11381,47242491,2259311,291,477,4,26,12219,49526200,Musket,NA,100,0.005012128,0.959450346,0.004800299,0.954354125,IGH,0.000247243,469.9615385,2
132,musket_mix_2_err_rate_1_22.corrected.fastq,musket,22,429,5046,233225,250,367,4,40,239321,11488,47242443,2259204,291,523,5,27,12219,49526200,Musket,NA,100,0.005059251,0.956058589,0.004826722,0.954355316,IGH,0.000247263,452.5555556,2
133,musket_mix_2_err_rate_1_24.corrected.fastq,musket,24,422,5045,233155,247,446,6,40,239321,11513,47242341,2259186,294,613,7,27,12219,49526200,Musket,NA,100,0.005070245,0.948899695,0.004797201,0.954353761,IGH,0.000247263,452.5555556,2
134,musket_mix_2_err_rate_1_26.corrected.fastq,musket,26,430,5048,233100,250,486,7,41,239321,11585,47242272,2259111,297,680,8,28,12219,49526200,Musket,NA,100,0.00510196,0.943941986,0.004798969,0.954353822,IGH,0.000247283,436.3928571,2
135,musket_mix_2_err_rate_1_28.corrected.fastq,musket,28,432,5046,233081,252,503,7,41,239321,11634,47242273,2259063,293,682,8,28,12219,49526200,Musket,NA,100,0.005123537,0.944011685,0.004819666,0.954354832,IGH,0.000247283,436.3928571,2
136,musket_mix_2_err_rate_1_30.corrected.fastq,musket,30,432,5046,233081,252,503,7,41,239321,11634,47242273,2259063,293,682,8,28,12219,49526200,Musket,NA,100,0.005123537,0.944011685,0.004819666,0.954354832,IGH,0.000247283,436.3928571,2
137,musket_mix_3_err_rate_1_20.corrected.fastq,musket,20,746,7249,419534,460,920,10,75,428919,21870,85872169,4216720,529,1244,11,63,27720,90140326,Musket,NA,100,0.005159735,0.94572973,0.004863646,0.953185606,IGH,0.000308219,440,3
138,musket_mix_3_err_rate_1_22.corrected.fastq,musket,22,687,7257,419755,458,752,10,76,428919,20613,85872454,4217990,520,953,13,62,27721,90140326,Musket,NA,100,0.004863159,0.955234256,0.004635254,0.953174831,IGH,0.000308219,447.1129032,3
139,musket_mix_3_err_rate_1_24.corrected.fastq,musket,24,695,7255,419629,458,873,9,76,428919,20751,85872279,4217849,532,1108,10,62,27734,90140325,Musket,NA,100,0.00489572,0.948877406,0.004631954,0.953174568,IGH,0.000308364,447.3225806,3
140,musket_mix_3_err_rate_1_26.corrected.fastq,musket,26,706,7261,419495,458,989,10,77,428919,20802,85872131,4217798,537,1248,11,64,27734,90140325,Musket,NA,100,0.004907753,0.942930964,0.004610721,0.953173492,IGH,0.000308386,433.34375,3
141,musket_mix_3_err_rate_1_28.corrected.fastq,musket,28,702,7261,419449,458,1039,10,77,428919,20827,85872067,4217782,529,1324,11,64,27721,90140325,Musket,NA,100,0.00491364,0.939761754,0.004598678,0.953172921,IGH,0.000308242,433.140625,3
142,musket_mix_3_err_rate_1_30.corrected.fastq,musket,30,702,7261,419449,458,1039,10,77,428919,20827,85872067,4217782,529,1324,11,64,27721,90140325,Musket,NA,100,0.00491364,0.939761754,0.004598678,0.953172921,IGH,0.000308242,433.140625,3
143,musket_mix_4_err_rate_1_20.corrected.fastq,musket,20,1034,10401,617001,675,1012,20,104,630143,30918,126539432,6013831,762,1389,25,86,33642,132620085,Musket,NA,100,0.005114853,0.956266238,0.004880931,0.954625127,IGH,0.00025432,391.1860465,4
144,musket_mix_4_err_rate_1_22.corrected.fastq,musket,22,1061,10401,616642,675,1346,18,107,630143,31418,126538880,6013346,761,1919,24,89,33646,132620083,Musket,NA,100,0.005197556,0.941758341,0.004876121,0.954624778,IGH,0.000254373,378.0449438,4
145,musket_mix_4_err_rate_1_24.corrected.fastq,musket,24,1076,10401,616375,672,1600,19,107,630143,31548,126538562,6012951,765,2216,25,89,33927,132620083,Musket,NA,100,0.005219291,0.93367664,0.004848541,0.954625383,IGH,0.000256492,381.2022472,4
146,musket_mix_4_err_rate_1_26.corrected.fastq,musket,26,1084,10404,616067,681,1886,21,107,630143,31720,126538181,6012768,782,2588,26,89,33927,132620081,Musket,NA,100,0.005247756,0.923865556,0.004815296,0.954623821,IGH,0.000256492,381.2022472,4
147,musket_mix_4_err_rate_1_28.corrected.fastq,musket,28,1083,10404,615943,689,2002,22,107,630143,31757,126538072,6012992,791,2706,28,89,33646,132620081,Musket,NA,100,0.005253651,0.920732945,0.004801357,0.954621255,IGH,0.000254373,378.0449438,4
148,musket_mix_4_err_rate_1_30.corrected.fastq,musket,30,1083,10404,615943,689,2002,22,107,630143,31757,126538072,6012992,791,2706,28,89,33646,132620081,Musket,NA,100,0.005253651,0.920732945,0.004801357,0.954621255,IGH,0.000254373,378.0449438,4
149,musket_mix_5_err_rate_1_20.corrected.fastq,musket,20,2099,38774,663826,686,777,20,109,706182,33540,142848712,6189359,775,937,25,80,33643,149107071,Musket,NA,100,0.005389771,0.972117558,0.005235181,0.95846895,IGH,0.000226166,420.5375,5
150,musket_mix_5_err_rate_1_22.corrected.fastq,musket,22,2314,38774,663190,714,1170,20,121,706182,35578,142848179,6187295,810,1434,25,104,33647,149107072,Musket,NA,100,0.005717295,0.960606961,0.005482837,0.958479065,IGH,0.000226354,323.5288462,5
151,musket_mix_5_err_rate_1_24.corrected.fastq,musket,24,2190,38774,663361,684,1146,27,110,706182,34153,142848206,6188757,780,1403,33,83,33656,149107071,Musket,NA,100,0.005488268,0.959650454,0.005257508,0.958469751,IGH,0.000226274,405.4939759,5
152,musket_mix_5_err_rate_1_26.corrected.fastq,musket,26,2166,38774,663340,668,1203,31,112,706182,33711,142848117,6189219,766,1475,38,87,33656,149107069,Musket,NA,100,0.005417223,0.957046332,0.00517409,0.958466202,IGH,0.0002263,386.8505747,5
153,musket_mix_5_err_rate_1_28.corrected.fastq,musket,28,2176,38774,663217,679,1302,34,112,706182,33869,142847963,6189057,773,1634,43,87,33643,149107069,Musket,NA,100,0.005442617,0.952821696,0.005173129,0.958466145,IGH,0.000226213,386.7011494,5
154,musket_mix_5_err_rate_1_30.corrected.fastq,musket,30,2176,38774,663217,679,1302,34,112,706182,33869,142847963,6189057,773,1634,43,87,33643,149107069,Musket,NA,100,0.005442617,0.952821696,0.005173129,0.958466145,IGH,0.000226213,386.7011494,5
155,racer_mix_1_err_rate_1_9181.corrected.fastq,racer,9181,834,2521,94371,2219,54973,2563,2205,157481,125995,30439495,1533088,10756,135739,21248,4919,11243,32282483,Racer,NA,100,0.075942554,0.445240333,-0.018680199,0.947143339,IGH,0.000500643,2.28562716,1
156,racer_mix_2_err_rate_1_9181.corrected.fastq,racer,9181,1587,3632,150703,3286,76298,3815,3466,239321,215244,47050706,2039132,15821,179695,31963,8254,13657,49554472,Racer,NA,100,0.095478305,0.504200027,0.001590684,0.954080994,IGH,0.00044216,1.654591713,2
157,racer_mix_3_err_rate_1_9181.corrected.fastq,racer,9181,2454,4861,282486,6448,125962,6708,6461,428919,349544,85558236,3863129,25589,288810,43914,20716,29719,90179657,Racer,NA,100,0.082974397,0.512326534,0.003992714,0.952943307,IGH,0.000559272,1.43459162,3
158,racer_mix_4_err_rate_1_9181.corrected.fastq,racer,9181,3384,6845,421599,8943,180333,9039,8860,630143,510936,126106705,5498479,33869,401526,60497,25640,37415,132675067,Racer,NA,100,0.085022585,0.525136208,0.008139395,0.954613106,IGH,0.000475259,1.45924337,4
159,racer_mix_5_err_rate_1_9181.corrected.fastq,racer,9181,39681,35158,431839,9125,179944,10435,10384,706182,629950,142403610,5556421,34774,402294,70235,35776,37859,149170919,Racer,NA,100,0.101828681,0.571394104,0.025446421,0.959100283,IGH,0.000493628,1.05822339,5
160,reckoner_mix_1_err_rate_1_20.corrected.fastq,reckoner,20,286,3221,151823,832,1068,251,419,157481,28985,30580293,1640895,1273,2439,934,741,9632,32265192,Reckoner,NA,100,0.017357535,0.895759936,0.015337629,0.948961295,IGH,0.000321492,12.99865047,1
161,reckoner_mix_1_err_rate_1_22.corrected.fastq,reckoner,22,295,3221,151743,840,1145,237,429,157481,29306,30580307,1640454,1260,2421,909,727,9775,32265159,Reckoner,NA,100,0.017551025,0.897965437,0.015556727,0.948976859,IGH,0.00032549,13.44566713,1
162,reckoner_mix_1_err_rate_1_24.corrected.fastq,reckoner,24,301,3221,151715,837,1167,240,421,157481,29479,30580317,1640305,1239,2443,901,696,9776,32265156,Reckoner,NA,100,0.017654379,0.898120221,0.015651725,0.94898265,IGH,0.000324561,14.04597701,1
163,reckoner_mix_1_err_rate_1_26.corrected.fastq,reckoner,26,301,3218,151664,840,1218,240,437,157481,29745,30580345,1639282,1259,2447,835,722,10465,32265100,Reckoner,NA,100,0.017821761,0.90062676,0.015855346,0.949013684,IGH,0.000346721,14.49445983,1
164,reckoner_mix_1_err_rate_1_28.corrected.fastq,reckoner,28,310,3218,151610,852,1262,229,440,157481,30103,30580343,1638897,1288,2406,883,795,10466,32265181,Reckoner,NA,100,0.018036549,0.901503354,0.016065908,0.949022368,IGH,0.000349014,13.16477987,1
165,reckoner_mix_1_err_rate_1_30.corrected.fastq,reckoner,30,317,3219,151516,860,1334,235,456,157481,30542,30580164,1638618,1276,2529,897,835,10334,32265195,Reckoner,NA,100,0.018297826,0.899140367,0.016245297,0.949026133,IGH,0.000346162,12.3760479,1
166,reckoner_mix_2_err_rate_1_20.corrected.fastq,reckoner,20,402,5051,230795,1181,1523,369,531,239321,40798,47238017,2228903,1748,3628,1307,902,11875,49527178,Reckoner,NA,100,0.017975055,0.89209105,0.01580076,0.954832388,IGH,0.00025798,13.16518847,2
167,reckoner_mix_2_err_rate_1_22.corrected.fastq,reckoner,22,415,5051,230664,1182,1634,375,544,239321,41392,47237965,2227695,1744,3678,1223,913,12499,49527109,Reckoner,NA,100,0.018241698,0.894130862,0.016081799,0.954856698,IGH,0.000270801,13.69003286,2
168,reckoner_mix_2_err_rate_1_24.corrected.fastq,reckoner,24,416,5051,230616,1176,1670,392,562,239321,42141,47238002,2226953,1748,3638,1243,917,12493,49527135,Reckoner,NA,100,0.01857173,0.896197525,0.016420651,0.954871955,IGH,0.000270761,13.62377317,2
169,reckoner_mix_2_err_rate_1_26.corrected.fastq,reckoner,26,424,5049,230515,1181,1764,388,602,239321,42881,47237952,2225952,1752,3733,1100,990,12707,49527067,Reckoner,NA,100,0.018900025,0.898708974,0.016769855,0.954891328,IGH,0.000276556,12.83535354,2
170,reckoner_mix_2_err_rate_1_28.corrected.fastq,reckoner,28,441,5049,230417,1179,1871,364,643,239321,43648,47237804,2225138,1790,3790,1173,1102,12709,49527154,Reckoner,NA,100,0.019238483,0.897903767,0.017050969,0.954902191,IGH,0.000278857,11.53266788,2
171,reckoner_mix_2_err_rate_1_30.corrected.fastq,reckoner,30,448,5048,230315,1192,1940,378,669,239321,44667,47237620,2224086,1827,3849,1165,1208,12713,49527135,Reckoner,NA,100,0.019687908,0.899076106,0.017477883,0.954919498,IGH,0.000281078,10.52400662,2
172,reckoner_mix_3_err_rate_1_20.corrected.fastq,reckoner,20,484,7269,415869,2059,2493,745,843,428919,59443,85864233,4177115,3306,6958,1914,1593,27192,90141754,Reckoner,NA,100,0.014030966,0.870131011,0.011936813,0.953493798,IGH,0.00031933,17.06967985,3
173,reckoner_mix_3_err_rate_1_22.corrected.fastq,reckoner,22,510,7269,415707,2061,2635,737,890,428919,61335,85864545,4174965,3206,6649,1985,1559,27521,90141765,Reckoner,NA,100,0.014478436,0.876602495,0.012440337,0.953521621,IGH,0.000322603,17.65298268,3
174,reckoner_mix_3_err_rate_1_24.corrected.fastq,reckoner,24,528,7269,415475,2106,2784,757,951,428919,62863,85864567,4173393,3265,6702,1804,1581,27508,90141683,Reckoner,NA,100,0.014839283,0.880816601,0.012831378,0.953539551,IGH,0.000322703,17.39911448,3
175,reckoner_mix_3_err_rate_1_26.corrected.fastq,reckoner,26,547,7266,415283,2109,2952,762,962,428919,64097,85864617,4171648,3275,6677,1812,1577,27966,90141669,Reckoner,NA,100,0.015132403,0.883049073,0.013128269,0.953558794,IGH,0.00032774,17.73367153,3
176,reckoner_mix_3_err_rate_1_28.corrected.fastq,reckoner,28,554,7266,415075,2157,3152,715,1012,428919,65829,85864452,4169765,3377,6733,1974,1709,27991,90141830,Reckoner,NA,100,0.015541858,0.883183965,0.013486184,0.953574744,IGH,0.000329481,16.37858397,3
177,reckoner_mix_3_err_rate_1_30.corrected.fastq,reckoner,30,578,7266,414860,2161,3320,734,1080,428919,67857,85864043,4167712,3395,7078,1907,1832,27997,90141821,Reckoner,NA,100,0.016020752,0.883071758,0.013899431,0.953592869,IGH,0.000330912,15.28220524,3
178,reckoner_mix_4_err_rate_1_20.corrected.fastq,reckoner,20,578,10424,612048,2748,3346,999,1000,630143,72920,126529151,5967967,4712,8959,2485,1776,33839,132621809,Reckoner,NA,100,0.012071075,0.864349723,0.010176651,0.954853378,IGH,0.000268546,19.05349099,4
179,reckoner_mix_4_err_rate_1_22.corrected.fastq,reckoner,22,608,10423,611830,2770,3484,1028,1076,630143,75830,126529163,5965135,4641,8847,2771,1855,33769,132622011,Reckoner,NA,100,0.01255263,0.867143903,0.010629428,0.954873457,IGH,0.000268613,18.20431267,4
180,reckoner_mix_4_err_rate_1_24.corrected.fastq,reckoner,24,637,10423,611535,2856,3714,978,1189,630143,78570,126529139,5962301,4777,8840,2527,2063,33749,132621966,Reckoner,NA,100,0.013006403,0.873611528,0.01112472,0.954894122,IGH,0.000270031,16.35918565,4
181,reckoner_mix_4_err_rate_1_26.corrected.fastq,reckoner,26,665,10420,611371,2873,3861,953,1246,630143,81298,126529230,5959434,4764,8780,2566,2061,33873,132622006,Reckoner,NA,100,0.013458303,0.877531195,0.011580054,0.954915988,IGH,0.000270951,16.43522562,4
182,reckoner_mix_4_err_rate_1_28.corrected.fastq,reckoner,28,685,10420,611039,2961,4061,977,1283,630143,84323,126529029,5956158,4831,8914,2581,2196,34048,132622080,Reckoner,NA,100,0.01395965,0.880032979,0.012056656,0.954938014,IGH,0.000273288,15.50455373,4
183,reckoner_mix_4_err_rate_1_30.corrected.fastq,reckoner,30,710,10420,610777,2983,4243,1010,1339,630143,87126,126528828,5953149,4814,9097,2482,2297,34262,132622055,Reckoner,NA,100,0.014424178,0.882690846,0.012507212,0.95495936,IGH,0.000275663,14.91597736,4
184,reckoner_mix_5_err_rate_1_20.corrected.fastq,reckoner,20,2467,38776,657271,2918,3523,1227,1061,706182,78810,142836559,6139467,5052,10015,3197,1901,34307,149109308,Reckoner,NA,100,0.012673929,0.856425637,0.010549224,0.958680986,IGH,0.000242829,18.04681746,5
185,reckoner_mix_5_err_rate_1_22.corrected.fastq,reckoner,22,2619,38775,656948,2954,3699,1187,1183,706182,82642,142836561,6136147,5038,9905,3256,2118,33772,149109439,Reckoner,NA,100,0.013289082,0.862624344,0.011172754,0.958702422,IGH,0.000240696,15.94523135,5
186,reckoner_mix_5_err_rate_1_24.corrected.fastq,reckoner,24,2795,38775,656497,3002,4005,1108,1285,706182,85498,142836516,6133160,5110,9935,3060,2281,33830,149109390,Reckoner,NA,100,0.013748626,0.86806169,0.011658946,0.958721966,IGH,0.000242178,14.83121438,5
187,reckoner_mix_5_err_rate_1_26.corrected.fastq,reckoner,26,2953,38772,656097,3034,4195,1131,1355,706182,88864,142836349,6129688,5143,10005,3043,2339,33902,149109333,Reckoner,NA,100,0.014290143,0.871967972,0.012191906,0.958744255,IGH,0.00024305,14.4942283,5
188,reckoner_mix_5_err_rate_1_28.corrected.fastq,reckoner,28,3094,38772,655686,3116,4379,1135,1416,706182,92294,142835997,6126005,5209,10173,3243,2523,34057,149109501,Reckoner,NA,100,0.014842323,0.873086747,0.012684819,0.958764818,IGH,0.000245323,13.49861276,5
189,reckoner_mix_5_err_rate_1_30.corrected.fastq,reckoner,30,3244,38771,655273,3141,4614,1139,1495,706182,95599,142835853,6122531,5143,10476,2970,2556,34277,149109405,Reckoner,NA,100,0.015374236,0.876693108,0.01321185,0.958788055,IGH,0.00024702,13.41040689,5
190,sga_mix_1_err_rate_1_20.corrected.fastq,sga,20,35,2580,151761,138,387,938,881,155839,6365,30415702,1652854,2134,32326,66500,42968,12160,32231009,Sga,NA,100,0.003836142,0.060508979,-0.055725615,0.944231962,IGH,0.001710403,0.283001303,1
191,sga_mix_1_err_rate_1_22.corrected.fastq,sga,22,40,2580,151724,142,415,938,882,155839,6675,30415679,1652535,2140,32371,66475,42953,12160,32230988,Sga,NA,100,0.004022999,0.063257551,-0.055551136,0.944241485,IGH,0.001709938,0.283100133,1
192,sga_mix_1_err_rate_1_24.corrected.fastq,sga,24,47,2580,151669,146,459,938,882,155839,6995,30415623,1652209,2144,32438,66452,42953,12160,32230974,Sga,NA,100,0.004215877,0.066062237,-0.055384992,0.944250089,IGH,0.001709939,0.283100133,1
193,sga_mix_1_err_rate_1_26.corrected.fastq,sga,26,51,2580,151625,149,494,940,884,155839,7187,30415588,1652012,2149,32473,66448,42955,12160,32230972,Sga,NA,100,0.004331608,0.067732876,-0.055288124,0.944255021,IGH,0.001710001,0.283086951,1
194,sga_mix_1_err_rate_1_28.corrected.fastq,sga,28,55,2580,151577,156,531,940,887,155839,7311,30415519,1651877,2160,32542,66432,42968,12162,32230971,Sga,NA,100,0.004406372,0.068786753,-0.055245698,0.944256816,IGH,0.001710467,0.28304785,1
195,sga_mix_1_err_rate_1_30.corrected.fastq,sga,30,57,2580,151534,156,568,944,889,155839,7548,30415470,1651644,2158,32594,66440,42951,12159,32230964,Sga,NA,100,0.004549202,0.070818712,-0.055138887,0.944262768,IGH,0.001709846,0.283090033,1
196,sga_mix_2_err_rate_1_20.corrected.fastq,sga,20,41,4301,231208,166,399,1153,1078,237268,8405,47026634,2248756,2520,39327,81955,52128,14958,49474683,Sga,NA,100,0.003723704,0.064809888,-0.050008396,0.950976557,IGH,0.001355966,0.286947514,2
197,sga_mix_2_err_rate_1_22.corrected.fastq,sga,22,51,4301,231153,176,433,1154,1082,237268,8757,47026605,2248378,2541,39357,81979,52114,14958,49474689,Sga,NA,100,0.003879697,0.067313384,-0.049876946,0.950982972,IGH,0.001355683,0.2870246,2
198,sga_mix_2_err_rate_1_24.corrected.fastq,sga,24,57,4301,231069,188,499,1154,1082,237268,9291,47026499,2247837,2554,39445,82002,52109,14959,49474696,Sga,NA,100,0.004116293,0.071065796,-0.049689694,0.950991511,IGH,0.001355602,0.287071331,2
199,sga_mix_2_err_rate_1_26.corrected.fastq,sga,26,63,4301,230989,190,567,1158,1085,237268,9708,47026396,2247425,2558,39565,81959,52111,14950,49474672,Sga,NA,100,0.004301031,0.07397586,-0.049538951,0.950998148,IGH,0.001355461,0.286887605,2
200,sga_mix_2_err_rate_1_28.corrected.fastq,sga,28,67,4301,230937,196,610,1157,1089,237268,9928,47026324,2247196,2571,39642,81958,52097,14948,49474664,Sga,NA,100,0.004398518,0.075482027,-0.04947535,0.951001255,IGH,0.001355138,0.286926311,2
201,sga_mix_2_err_rate_1_30.corrected.fastq,sga,30,74,4301,230890,203,644,1156,1088,237268,10244,47026295,2246880,2572,39692,81913,52100,14946,49474642,Sga,NA,100,0.004538519,0.077694939,-0.049337564,0.951007443,IGH,0.001355159,0.286871401,2
202,sga_mix_3_err_rate_1_20.corrected.fastq,sga,20,36,6219,417059,274,531,1731,1596,425850,12374,85531422,4206040,3713,57933,124299,78740,31892,90046413,Sga,NA,100,0.00293333,0.063584884,-0.040265844,0.950333291,IGH,0.001228611,0.40502921,3
203,sga_mix_3_err_rate_1_22.corrected.fastq,sga,22,47,6219,416965,290,596,1733,1601,425850,12796,85531360,4205592,3737,57965,124388,78706,31892,90046436,Sga,NA,100,0.003033386,0.06557041,-0.040194738,0.950337048,IGH,0.001228233,0.405204178,3
204,sga_mix_3_err_rate_1_24.corrected.fastq,sga,24,53,6219,416875,307,668,1728,1600,425850,13245,85531233,4205134,3742,58096,124380,78704,31892,90046426,Sga,NA,100,0.003139832,0.067672861,-0.040117543,0.950340731,IGH,0.001228211,0.405214474,3
205,sga_mix_3_err_rate_1_26.corrected.fastq,sga,26,65,6219,416772,318,745,1731,1603,425850,13757,85531111,4204619,3751,58220,124379,78692,31892,90046421,Sga,NA,100,0.003261208,0.070061521,-0.040025356,0.950345116,IGH,0.001228078,0.405276267,3
206,sga_mix_3_err_rate_1_28.corrected.fastq,sga,28,66,6219,416663,335,834,1733,1607,425850,14211,85530981,4204148,3765,58380,124308,78705,31893,90046391,Sga,NA,100,0.003368846,0.072174059,-0.03993899,0.950349043,IGH,0.001228234,0.405222032,3
207,sga_mix_3_err_rate_1_30.corrected.fastq,sga,30,71,6219,416569,343,916,1732,1606,425850,14565,85530877,4203774,3782,58492,124292,78716,31893,90046391,Sga,NA,100,0.003452781,0.073803262,-0.039878018,0.95035182,IGH,0.001228356,0.405165405,3
208,sga_mix_4_err_rate_1_20.corrected.fastq,sga,20,39,8957,613281,351,623,2488,2242,625739,16763,126041899,5999957,5325,85313,178198,110115,39831,132477401,Sga,NA,100,0.002786069,0.059809329,-0.041010384,0.951834604,IGH,0.001131861,0.361721836,4
209,sga_mix_4_err_rate_1_22.corrected.fastq,sga,22,47,8957,613144,379,724,2488,2259,625739,17531,126041794,5999172,5353,85370,178279,110087,39833,132477419,Sga,NA,100,0.002913722,0.062347962,-0.040905792,0.951839495,IGH,0.001131665,0.361832006,4
210,sga_mix_4_err_rate_1_24.corrected.fastq,sga,24,58,8895,609306,385,820,2488,2261,621952,17842,125274611,5965325,5363,85545,178207,110111,39592,131676596,Sga,NA,100,0.002982033,0.063360725,-0.041100307,0.951802679,IGH,0.001136899,0.35956444,4
211,sga_mix_4_err_rate_1_26.corrected.fastq,sga,26,66,8957,612893,407,922,2494,2270,625739,18483,126041451,5998409,5403,85710,178343,110027,39592,132477418,Sga,NA,100,0.003071852,0.065418212,-0.04081343,0.951842369,IGH,0.001129392,0.359838949,4
212,sga_mix_4_err_rate_1_28.corrected.fastq,sga,28,68,8957,612741,441,1034,2498,2275,625739,18997,126041308,5997858,5439,85872,178301,110031,39593,132477399,Sga,NA,100,0.003157297,0.067086909,-0.040748198,0.951845314,IGH,0.00112943,0.359834956,4
213,sga_mix_4_err_rate_1_30.corrected.fastq,sga,30,76,8957,612630,457,1125,2494,2274,625739,19498,126041230,5997094,5456,85930,178362,110020,39834,132477424,Sga,NA,100,0.003240705,0.068705733,-0.040686488,0.95185006,IGH,0.001131166,0.362061443,4
214,sga_mix_5_err_rate_1_20.corrected.fastq,sga,20,107,37151,660581,344,599,2676,2411,701458,18681,142305130,6174616,5691,92160,191676,118732,40410,148947096,Sga,NA,100,0.003016326,0.061751902,-0.042813222,0.955791945,IGH,0.001068446,0.340346326,5
215,sga_mix_5_err_rate_1_22.corrected.fastq,sga,22,134,37151,660412,376,708,2677,2427,701458,19637,142305010,6173887,5711,92243,191729,118727,40171,148947115,Sga,NA,100,0.00317057,0.064678583,-0.042679257,0.955795903,IGH,0.001066808,0.338347638,5
216,sga_mix_5_err_rate_1_24.corrected.fastq,sga,24,174,37151,660273,392,793,2675,2434,701458,20119,142304894,6173367,5741,92373,191697,118745,40172,148947108,Sga,NA,100,0.003248413,0.066139801,-0.042617518,0.955798412,IGH,0.001066936,0.338304771,5
217,sga_mix_5_err_rate_1_26.corrected.fastq,sga,26,203,37151,660119,412,891,2682,2446,701458,20705,142304700,6172749,5782,92528,191729,118745,40176,148947114,Sga,NA,100,0.003343046,0.067893705,-0.042553315,0.955801032,IGH,0.001066963,0.338338456,5
218,sga_mix_5_err_rate_1_28.corrected.fastq,sga,28,230,37151,659937,461,995,2684,2449,701458,21432,142304498,6171967,5822,92604,191781,118955,40191,148947250,Sga,NA,100,0.003460458,0.070081127,-0.042456977,0.955803781,IGH,0.001068472,0.337867261,5
219,sga_mix_5_err_rate_1_30.corrected.fastq,sga,30,273,37151,659790,470,1091,2683,2448,701458,21934,142304404,6171454,5831,92711,191853,118878,40184,148947249,Sga,NA,100,0.003541519,0.071563273,-0.0424049,0.955806482,IGH,0.001067908,0.338027221,5